{
  "type": "FeatureCollection",
  "features": [
    {
      "type": "Feature",
      "id": 1,
      "geometry": {
        "type": "Polygon",
        "coordinates": [
          [
            [
              -120.48842072310414,
              46.61450451518356
            ],
            [
              -120.4884347236481,
              46.61478251510522
            ],
            [
              -120.4884767235281,
              46.61561651567371
            ],
            [
              -120.4884907244333,
              46.61589551504684
            ],
            [
              -120.48900572506875,
              46.61678351497237
            ],
            [
              -120.48922772456639,
              46.61716651505736
            ],
            [
              -120.48960572609735,
              46.61743151509946
            ],
            [
              -120.49048072598713,
              46.61819951479484
            ],
            [
              -120.49055072623513,
              46.61826051530192
            ],
            [
              -120.4900107255403,
              46.61913151565749
            ],
            [
              -120.48959372627475,
              46.6200545155328
            ],
            [
              -120.48947472679917,
              46.620661515902796
            ],
            [
              -120.49071172856414,
              46.62208851572828
            ],
            [
              -120.49350772868964,
              46.62332651547343
            ],
            [
              -120.49532872980593,
              46.62399451444863
            ],
            [
              -120.49793673151191,
              46.624344514635084
            ],
            [
              -120.49854073138393,
              46.62436951448485
            ],
            [
              -120.49998873164677,
              46.6243875141638
            ],
            [
              -120.50093373321401,
              46.6244675137672
            ],
            [
              -120.50091973230862,
              46.625241513587326
            ],
            [
              -120.50285773447398,
              46.627225514162504
            ],
            [
              -120.50407773466188,
              46.62801751366226
            ],
            [
              -120.5043347354639,
              46.628266513448814
            ],
            [
              -120.50476873525265,
              46.62850351305768
            ],
            [
              -120.50572973527154,
              46.62908651348448
            ],
            [
              -120.5068167367851,
              46.629563513102525
            ],
            [
              -120.5079667366828,
              46.62988951308337
            ],
            [
              -120.50884473710101,
              46.630057512538926
            ],
            [
              -120.50930073759842,
              46.63014551270942
            ],
            [
              -120.50941973810481,
              46.63016751295654
            ],
            [
              -120.51054273872587,
              46.63032051236914
            ],
            [
              -120.51071273758042,
              46.63034251196361
            ],
            [
              -120.51157673808929,
              46.630411512117156
            ],
            [
              -120.51187773808611,
              46.63052351218547
            ],
            [
              -120.51291373811026,
              46.630632511569516
            ],
            [
              -120.51341373949514,
              46.6306865123481
            ],
            [
              -120.51437773980861,
              46.63078951161717
            ],
            [
              -120.51471173928445,
              46.63049251226732
            ],
            [
              -120.51511673992303,
              46.630046511294736
            ],
            [
              -120.51524773943144,
              46.62990251100211
            ],
            [
              -120.5152597393572,
              46.62989651142708
            ],
            [
              -120.51552473923643,
              46.629775511363
            ],
            [
              -120.51555473918513,
              46.629761511413065
            ],
            [
              -120.51634573940927,
              46.629399510996436
            ],
            [
              -120.51945474085943,
              46.62864251061297
            ],
            [
              -120.52002673974879,
              46.62814351010825
            ],
            [
              -120.5202707397297,
              46.62808150995194
            ],
            [
              -120.5202527396179,
              46.62803351041381
            ],
            [
              -120.52022574025393,
              46.62796351057665
            ],
            [
              -120.52021374078218,
              46.62793651054466
            ],
            [
              -120.52017874014066,
              46.62785551026458
            ],
            [
              -120.52016773972385,
              46.62782851005114
            ],
            [
              -120.52001473969528,
              46.62747651030223
            ],
            [
              -120.519555738804,
              46.626421510104024
            ],
            [
              -120.51948473958996,
              46.62625851063995
            ],
            [
              -120.51924574002857,
              46.626256510649014
            ],
            [
              -120.51923473911755,
              46.626218510291224
            ],
            [
              -120.51918073945052,
              46.626070510375406
            ],
            [
              -120.51922473877012,
              46.62607051019381
            ],
            [
              -120.51935773831654,
              46.626070510277806
            ],
            [
              -120.5194027392236,
              46.62607051075814
            ],
            [
              -120.51935873966055,
              46.62597451002355
            ],
            [
              -120.5192297388101,
              46.62568650990376
            ],
            [
              -120.51918673918362,
              46.62559151024129
            ],
            [
              -120.51897273797134,
              46.62508551037668
            ],
            [
              -120.51845273805976,
              46.623873510720074
            ],
            [
              -120.51827473681355,
              46.623457510228405
            ],
            [
              -120.51778473721481,
              46.62231551066338
            ],
            [
              -120.51745673613162,
              46.62157751022293
            ],
            [
              -120.51708873500306,
              46.62075150975795
            ],
            [
              -120.51675273540306,
              46.62001651042421
            ],
            [
              -120.51630073481437,
              46.61905151041391
            ],
            [
              -120.51616773520773,
              46.61875650954129
            ],
            [
              -120.51587473509622,
              46.61810750995588
            ],
            [
              -120.51540473444578,
              46.617052509910124
            ],
            [
              -120.51534373415424,
              46.61691451032607
            ],
            [
              -120.51514473326364,
              46.61650450973757
            ],
            [
              -120.51511673377166,
              46.61644651006027
            ],
            [
              -120.51431473293746,
              46.61488650981188
            ],
            [
              -120.51403873219007,
              46.614347509949354
            ],
            [
              -120.51440073242513,
              46.614347509969114
            ],
            [
              -120.51549073237359,
              46.61434850933127
            ],
            [
              -120.51585373297387,
              46.61434950953416
            ],
            [
              -120.51614073352556,
              46.61434950991436
            ],
            [
              -120.51700373233413,
              46.614352508586634
            ],
            [
              -120.5172917332863,
              46.614353509046694
            ],
            [
              -120.51754473293241,
              46.61435350923794
            ],
            [
              -120.51830573364511,
              46.614354508351084
            ],
            [
              -120.51841973364111,
              46.61435550847385
            ],
            [
              -120.51848373405295,
              46.61434050902077
            ],
            [
              -120.51854873419765,
              46.61430550825904
            ],
            [
              -120.51866473346236,
              46.61433850851157
            ],
            [
              -120.5188187330623,
              46.614353509323294
            ],
            [
              -120.51886573396816,
              46.61435850906233
            ],
            [
              -120.5196467334832,
              46.614359508557854
            ],
            [
              -120.51992373379926,
              46.614360508781274
            ],
            [
              -120.5199237335167,
              46.614174508883885
            ],
            [
              -120.5199237341347,
              46.613620508116384
            ],
            [
              -120.51992373421882,
              46.613435508609136
            ],
            [
              -120.51992373384503,
              46.61326350820092
            ],
            [
              -120.51992373439637,
              46.61274850825866
            ],
            [
              -120.51992373308371,
              46.612577508244634
            ],
            [
              -120.52080473291105,
              46.61257950799269
            ],
            [
              -120.52302173433185,
              46.61258550803373
            ],
            [
              -120.52344773410377,
              46.6125855079349
            ],
            [
              -120.52432973464495,
              46.6125855074042
            ],
            [
              -120.52437273476606,
              46.61258550725354
            ],
            [
              -120.52450373519605,
              46.6125855071761
            ],
            [
              -120.52454773535027,
              46.612585506745596
            ],
            [
              -120.52480973490509,
              46.612585506940206
            ],
            [
              -120.52559673490985,
              46.6125855073004
            ],
            [
              -120.52585973580415,
              46.61258550666699
            ],
            [
              -120.52592273528386,
              46.61258550681222
            ],
            [
              -120.52611473512826,
              46.61258550725492
            ],
            [
              -120.52617873594654,
              46.61258550703085
            ],
            [
              -120.52624873565871,
              46.612585507194865
            ],
            [
              -120.52646173489434,
              46.61258550673659
            ],
            [
              -120.52653273594555,
              46.61258550739513
            ],
            [
              -120.52664073561294,
              46.612585506602194
            ],
            [
              -120.5269667359887,
              46.61258550673922
            ],
            [
              -120.52707573569013,
              46.61258550709954
            ],
            [
              -120.52723473654976,
              46.612584506750665
            ],
            [
              -120.52771473550156,
              46.61258450669985
            ],
            [
              -120.52787573562053,
              46.61258450629185
            ],
            [
              -120.52811973588283,
              46.61258450689028
            ],
            [
              -120.52885273539756,
              46.612584506212634
            ],
            [
              -120.52909773569382,
              46.61258450627346
            ],
            [
              -120.52937573708543,
              46.612584506342365
            ],
            [
              -120.53021273744511,
              46.61258450620535
            ],
            [
              -120.53049173626013,
              46.61258450599945
            ],
            [
              -120.53049173672655,
              46.61238750595746
            ],
            [
              -120.53049373649051,
              46.6118005060205
            ],
            [
              -120.53049473622039,
              46.61160450609987
            ],
            [
              -120.53049573615773,
              46.61142750597898
            ],
            [
              -120.53049973631117,
              46.61089950656342
            ],
            [
              -120.5305017367789,
              46.610723505669455
            ],
            [
              -120.53050373524123,
              46.61046950559765
            ],
            [
              -120.53051273624047,
              46.609708505825786
            ],
            [
              -120.5305157351512,
              46.60945550585617
            ],
            [
              -120.53051673491636,
              46.60934350573987
            ],
            [
              -120.53052073509494,
              46.60901150587634
            ],
            [
              -120.53052273536858,
              46.608900505900586
            ],
            [
              -120.53052573526422,
              46.60853550512706
            ],
            [
              -120.53053173519257,
              46.607924506304336
            ],
            [
              -120.53053473378527,
              46.607443505709725
            ],
            [
              -120.53053873401416,
              46.60707950588828
            ],
            [
              -120.53053573454099,
              46.60688950576718
            ],
            [
              -120.53052773411605,
              46.60632050551471
            ],
            [
              -120.53052573389385,
              46.60613150551757
            ],
            [
              -120.53052273491106,
              46.605951505034774
            ],
            [
              -120.53051973334453,
              46.60567850534814
            ],
            [
              -120.53051573304239,
              46.60541450516967
            ],
            [
              -120.53051373328675,
              46.60523550571359
            ],
            [
              -120.53051073327076,
              46.605053505266795
            ],
            [
              -120.5305057335888,
              46.604706504883445
            ],
            [
              -120.53050273322883,
              46.60450750542284
            ],
            [
              -120.53050073373225,
              46.60432650510241
            ],
            [
              -120.53049973279165,
              46.604245504856145
            ],
            [
              -120.53049973301587,
              46.60415050479709
            ],
            [
              -120.53049973356002,
              46.60390250475841
            ],
            [
              -120.53050073280667,
              46.60362450451545
            ],
            [
              -120.53050173239498,
              46.60344950497178
            ],
            [
              -120.5304947334871,
              46.60317050462058
            ],
            [
              -120.5304767328137,
              46.60233350538107
            ],
            [
              -120.53047173255125,
              46.602054504439884
            ],
            [
              -120.53046973185113,
              46.601966505100876
            ],
            [
              -120.530463731654,
              46.60170350479362
            ],
            [
              -120.53046173284498,
              46.601616504966515
            ],
            [
              -120.53045673205668,
              46.60143650486759
            ],
            [
              -120.53045273240728,
              46.60122150516607
            ],
            [
              -120.53044473195568,
              46.60089650463555
            ],
            [
              -120.53044173147951,
              46.600717504398425
            ],
            [
              -120.53043673177154,
              46.600534504814576
            ],
            [
              -120.53042473094773,
              46.59998550432894
            ],
            [
              -120.5304207304162,
              46.59980350397311
            ],
            [
              -120.53006873195666,
              46.59980050487866
            ],
            [
              -120.52901572997646,
              46.599794505192946
            ],
            [
              -120.52866473067407,
              46.599792504643574
            ],
            [
              -120.52817273015079,
              46.59978850459105
            ],
            [
              -120.5270417300443,
              46.59978250591535
            ],
            [
              -120.52669872976772,
              46.59978150596042
            ],
            [
              -120.52620772991338,
              46.59978150609572
            ],
            [
              -120.52599772885179,
              46.599780505893264
            ],
            [
              -120.52546772906827,
              46.59978050630826
            ],
            [
              -120.52537072911781,
              46.59978050626106
            ],
            [
              -120.52516272905945,
              46.599782505336904
            ],
            [
              -120.52511472925282,
              46.599784505920724
            ],
            [
              -120.52485372971157,
              46.599798505775986
            ],
            [
              -120.52399972938886,
              46.59984750611273
            ],
            [
              -120.52392972868508,
              46.599849506312715
            ],
            [
              -120.52362172883237,
              46.599860506523406
            ],
            [
              -120.52329772908645,
              46.59986150588242
            ],
            [
              -120.52232572881252,
              46.5998685064253
            ],
            [
              -120.52200272830021,
              46.59987150635751
            ],
            [
              -120.52168872906492,
              46.599872506435084
            ],
            [
              -120.52074972830043,
              46.599879506225776
            ],
            [
              -120.52043672693824,
              46.5998825071217
            ],
            [
              -120.52036172753817,
              46.59971150657978
            ],
            [
              -120.52013972705022,
              46.59920050673617
            ],
            [
              -120.5200657270676,
              46.599030506221894
            ],
            [
              -120.51977872696979,
              46.599096506411364
            ],
            [
              -120.51951572708263,
              46.5991575068965
            ],
            [
              -120.51891972677252,
              46.599300506633135
            ],
            [
              -120.51863472707781,
              46.5993695066728
            ],
            [
              -120.51833972739749,
              46.59943450683166
            ],
            [
              -120.51745472671487,
              46.599633507111825
            ],
            [
              -120.51716072691445,
              46.59969950719242
            ],
            [
              -120.5168577262341,
              46.59976750777931
            ],
            [
              -120.51594872617228,
              46.59997150741932
            ],
            [
              -120.51564572637659,
              46.600039507492184
            ],
            [
              -120.51534172527869,
              46.60010950773201
            ],
            [
              -120.51443272533949,
              46.600322508073816
            ],
            [
              -120.5141297263878,
              46.600393508080465
            ],
            [
              -120.51382472677027,
              46.600463508007245
            ],
            [
              -120.51291272620925,
              46.60067750873594
            ],
            [
              -120.51260972590546,
              46.60074850831178
            ],
            [
              -120.51230872614897,
              46.60081550789675
            ],
            [
              -120.51140772489047,
              46.60101750841244
            ],
            [
              -120.51110772610576,
              46.60108550875156
            ],
            [
              -120.51095272536288,
              46.6011195082049
            ],
            [
              -120.51049172556965,
              46.60122350847161
            ],
            [
              -120.51033772536846,
              46.601258508316775
            ],
            [
              -120.51019972515404,
              46.60128850893926
            ],
            [
              -120.50978872492293,
              46.60138150900459
            ],
            [
              -120.50965172540369,
              46.601412509297695
            ],
            [
              -120.5093407248133,
              46.601484509396734
            ],
            [
              -120.5084107247442,
              46.60170450966561
            ],
            [
              -120.50810072473949,
              46.60177750943381
            ],
            [
              -120.50805772420814,
              46.60178750944821
            ],
            [
              -120.50800772496537,
              46.601798509454206
            ],
            [
              -120.50792872498386,
              46.60181650897638
            ],
            [
              -120.5076917237036,
              46.60187250985013
            ],
            [
              -120.50761372479171,
              46.601891509505016
            ],
            [
              -120.50731772375724,
              46.601960509945066
            ],
            [
              -120.50643272480752,
              46.602167510095846
            ],
            [
              -120.50613772333787,
              46.602237509640865
            ],
            [
              -120.5058427248097,
              46.602305510288176
            ],
            [
              -120.5049597245845,
              46.60251051069235
            ],
            [
              -120.50466572303662,
              46.60257951047577
            ],
            [
              -120.5043517239756,
              46.60265151061765
            ],
            [
              -120.50340872344161,
              46.60287051074909
            ],
            [
              -120.50309572355859,
              46.60294351052755
            ],
            [
              -120.50279772304519,
              46.60301151059499
            ],
            [
              -120.5019057233504,
              46.603217510536425
            ],
            [
              -120.50160872365431,
              46.60328651150367
            ],
            [
              -120.50126672303647,
              46.60336451146342
            ],
            [
              -120.500240723131,
              46.60359951101912
            ],
            [
              -120.50011472287696,
              46.60362951203668
            ],
            [
              -120.49989972236287,
              46.603679511320415
            ],
            [
              -120.49960472257375,
              46.603746511646214
            ],
            [
              -120.4987227223351,
              46.60394951162318
            ],
            [
              -120.4984287220585,
              46.60401851155929
            ],
            [
              -120.4981347224096,
              46.604085511704085
            ],
            [
              -120.49725472269039,
              46.60428851208321
            ],
            [
              -120.49696172257073,
              46.60435651235161
            ],
            [
              -120.49667672227093,
              46.604421512649516
            ],
            [
              -120.49582472208625,
              46.604617512506046
            ],
            [
              -120.49554072147494,
              46.604683512224916
            ],
            [
              -120.49525072214526,
              46.60474951278869
            ],
            [
              -120.49438272102165,
              46.60494751286342
            ],
            [
              -120.49409372127334,
              46.6050145127578
            ],
            [
              -120.49382772050022,
              46.60507451294428
            ],
            [
              -120.49353372121699,
              46.60514151295255
            ],
            [
              -120.49329372043096,
              46.60518051270197
            ],
            [
              -120.49306072075463,
              46.605202513379766
            ],
            [
              -120.4930237218147,
              46.605203513346
            ],
            [
              -120.49290172050215,
              46.6052095128422
            ],
            [
              -120.49275272168994,
              46.605207513462545
            ],
            [
              -120.49236872131944,
              46.60520251339799
            ],
            [
              -120.49121672063058,
              46.605187513570584
            ],
            [
              -120.49083372043879,
              46.605182513830314
            ],
            [
              -120.49051372017206,
              46.60517851306802
            ],
            [
              -120.49017472038662,
              46.605168513576324
            ],
            [
              -120.4889427197109,
              46.605136513756875
            ],
            [
              -120.4888017195189,
              46.605132513670064
            ],
            [
              -120.4882017198863,
              46.60512351439765
            ],
            [
              -120.48809171850567,
              46.60512251428085
            ],
            [
              -120.48754371928632,
              46.60511751412874
            ],
            [
              -120.4874517188948,
              46.60511551403826
            ],
            [
              -120.48717771862144,
              46.60511051396433
            ],
            [
              -120.48708671921847,
              46.60510951410961
            ],
            [
              -120.4868637184186,
              46.60510651446427
            ],
            [
              -120.48619571791028,
              46.605100514293134
            ],
            [
              -120.48597371788067,
              46.60509951476811
            ],
            [
              -120.48591571898305,
              46.6050985144241
            ],
            [
              -120.48574371791503,
              46.60509651478112
            ],
            [
              -120.48568671865674,
              46.60509651486272
            ],
            [
              -120.48493071895147,
              46.60509351461125
            ],
            [
              -120.4843267184977,
              46.60509251492654
            ],
            [
              -120.48417871832699,
              46.605092515251286
            ],
            [
              -120.4835187178401,
              46.605089515306794
            ],
            [
              -120.48290371693994,
              46.60508551517198
            ],
            [
              -120.4804667173963,
              46.6050685156843
            ],
            [
              -120.48030671666487,
              46.60506651531571
            ],
            [
              -120.48009671634881,
              46.605063516416635
            ],
            [
              -120.47946971670153,
              46.60505751649825
            ],
            [
              -120.47926071597963,
              46.60505551576191
            ],
            [
              -120.47921171630271,
              46.605054516349995
            ],
            [
              -120.47906771619685,
              46.60505351667229
            ],
            [
              -120.47901971603439,
              46.605053515978845
            ],
            [
              -120.478762716488,
              46.60505151631868
            ],
            [
              -120.47859471631821,
              46.605050516087466
            ],
            [
              -120.4782397162951,
              46.60504951618922
            ],
            [
              -120.47801671672052,
              46.60504851633332
            ],
            [
              -120.47799471512516,
              46.60504851570322
            ],
            [
              -120.47773971606789,
              46.605054516567705
            ],
            [
              -120.47760171631882,
              46.60505751608159
            ],
            [
              -120.47742671570198,
              46.60506251616775
            ],
            [
              -120.47718971560255,
              46.60507551687771
            ],
            [
              -120.47705271616456,
              46.605083516215295
            ],
            [
              -120.4768247155265,
              46.60511351696758
            ],
            [
              -120.47677871472219,
              46.605120516859536
            ],
            [
              -120.476669715738,
              46.60513851659157
            ],
            [
              -120.47649971562777,
              46.60516751639375
            ],
            [
              -120.47605371509198,
              46.60525551641635
            ],
            [
              -120.47596471441187,
              46.605277516829716
            ],
            [
              -120.47569771451427,
              46.60534651710636
            ],
            [
              -120.47556571548924,
              46.60537951715552
            ],
            [
              -120.4755447160936,
              46.605391516774915
            ],
            [
              -120.47526171500391,
              46.60547851652075
            ],
            [
              -120.47550871512706,
              46.60557251708641
            ],
            [
              -120.47569171454865,
              46.60564551637464
            ],
            [
              -120.47572271457328,
              46.60565351639534
            ],
            [
              -120.47696671559196,
              46.605885516722836
            ],
            [
              -120.47749871634436,
              46.60598551671799
            ],
            [
              -120.47922871659478,
              46.60608751657859
            ],
            [
              -120.48149971802374,
              46.60619351501971
            ],
            [
              -120.48257071844374,
              46.60632951493735
            ],
            [
              -120.48371771799594,
              46.60665351486007
            ],
            [
              -120.48475171948505,
              46.60716851477978
            ],
            [
              -120.4860477197342,
              46.60788951451089
            ],
            [
              -120.48647771943037,
              46.60813451524455
            ],
            [
              -120.48690872034726,
              46.60837951536542
            ],
            [
              -120.48733572088848,
              46.608727514916964
            ],
            [
              -120.48791172118665,
              46.609197514708036
            ],
            [
              -120.4883537218794,
              46.60956051463713
            ],
            [
              -120.48905472309148,
              46.61096051507014
            ],
            [
              -120.48833072326599,
              46.6126815150522
            ],
            [
              -120.4878937230646,
              46.61338751478382
            ],
            [
              -120.48789072292958,
              46.61396751525248
            ],
            [
              -120.48822972348952,
              46.61425551552274
            ],
            [
              -120.48842072310414,
              46.61450451518356
            ]
          ]
        ]
      },
      "properties": {
        "feature_id": 1,
        "council_district": 1
      }
    },
    {
      "type": "Feature",
      "id": 2,
      "geometry": {
        "type": "Polygon",
        "coordinates": [
          [
            [
              -120.46190097634148,
              46.582106613793705
            ],
            [
              -120.46189682093821,
              46.582169405038506
            ],
            [
              -120.46174462731608,
              46.58423324184356
            ],
            [
              -120.46169170194582,
              46.58484751762434
            ],
            [
              -120.46200370122858,
              46.58513051674428
            ],
            [
              -120.46479070302473,
              46.586894516612055
            ],
            [
              -120.46643770534949,
              46.58793651669456
            ],
            [
              -120.46756470603216,
              46.58887651698289
            ],
            [
              -120.468539705379,
              46.58991751660832
            ],
            [
              -120.4691057063004,
              46.590801515646305
            ],
            [
              -120.46990170647975,
              46.59232151629972
            ],
            [
              -120.47001770705786,
              46.592542516195564
            ],
            [
              -120.47088370902458,
              46.59491351650334
            ],
            [
              -120.47251971172814,
              46.599561516632455
            ],
            [
              -120.47239471218722,
              46.599706516582486
            ],
            [
              -120.47049771168692,
              46.60185051727694
            ],
            [
              -120.47073571277018,
              46.60262451750121
            ],
            [
              -120.47142571220682,
              46.60340951761588
            ],
            [
              -120.47215271257222,
              46.60380751749845
            ],
            [
              -120.47238471347589,
              46.604019517352555
            ],
            [
              -120.47272871417769,
              46.604333517661864
            ],
            [
              -120.47356971351516,
              46.6047955172985
            ],
            [
              -120.47478371506614,
              46.605297516632604
            ],
            [
              -120.47526171500391,
              46.60547851652075
            ],
            [
              -120.4755447160936,
              46.605391516774915
            ],
            [
              -120.47556571548924,
              46.60537951715552
            ],
            [
              -120.47569771451427,
              46.60534651710636
            ],
            [
              -120.47596471441187,
              46.605277516829716
            ],
            [
              -120.47605371509198,
              46.60525551641635
            ],
            [
              -120.47649971562777,
              46.60516751639375
            ],
            [
              -120.476669715738,
              46.60513851659157
            ],
            [
              -120.47677871472219,
              46.605120516859536
            ],
            [
              -120.4768247155265,
              46.60511351696758
            ],
            [
              -120.47705271616456,
              46.605083516215295
            ],
            [
              -120.47718971560255,
              46.60507551687771
            ],
            [
              -120.47742671570198,
              46.60506251616775
            ],
            [
              -120.47760171631882,
              46.60505751608159
            ],
            [
              -120.47773971606789,
              46.605054516567705
            ],
            [
              -120.47799471512516,
              46.60504851570322
            ],
            [
              -120.47801671672052,
              46.60504851633332
            ],
            [
              -120.4782397162951,
              46.60504951618922
            ],
            [
              -120.47859471631821,
              46.605050516087466
            ],
            [
              -120.478762716488,
              46.60505151631868
            ],
            [
              -120.47901971603439,
              46.605053515978845
            ],
            [
              -120.47906771619685,
              46.60505351667229
            ],
            [
              -120.47921171630271,
              46.605054516349995
            ],
            [
              -120.47926071597963,
              46.60505551576191
            ],
            [
              -120.47946971670153,
              46.60505751649825
            ],
            [
              -120.48009671634881,
              46.605063516416635
            ],
            [
              -120.48030671666487,
              46.60506651531571
            ],
            [
              -120.4804667173963,
              46.6050685156843
            ],
            [
              -120.48290371693994,
              46.60508551517198
            ],
            [
              -120.4835187178401,
              46.605089515306794
            ],
            [
              -120.48417871832699,
              46.605092515251286
            ],
            [
              -120.4843267184977,
              46.60509251492654
            ],
            [
              -120.48493071895147,
              46.60509351461125
            ],
            [
              -120.48568671865674,
              46.60509651486272
            ],
            [
              -120.48574371791503,
              46.60509651478112
            ],
            [
              -120.48591571898305,
              46.6050985144241
            ],
            [
              -120.48597371788067,
              46.60509951476811
            ],
            [
              -120.48619571791028,
              46.605100514293134
            ],
            [
              -120.4868637184186,
              46.60510651446427
            ],
            [
              -120.48708671921847,
              46.60510951410961
            ],
            [
              -120.48717771862144,
              46.60511051396433
            ],
            [
              -120.4874517188948,
              46.60511551403826
            ],
            [
              -120.48754371928632,
              46.60511751412874
            ],
            [
              -120.48809171850567,
              46.60512251428085
            ],
            [
              -120.4882017198863,
              46.60512351439765
            ],
            [
              -120.4888017195189,
              46.605132513670064
            ],
            [
              -120.4889427197109,
              46.605136513756875
            ],
            [
              -120.49017472038662,
              46.605168513576324
            ],
            [
              -120.49051372017206,
              46.60517851306802
            ],
            [
              -120.49083372043879,
              46.605182513830314
            ],
            [
              -120.49121672063058,
              46.605187513570584
            ],
            [
              -120.49236872131944,
              46.60520251339799
            ],
            [
              -120.49275272168994,
              46.605207513462545
            ],
            [
              -120.49290172050215,
              46.6052095128422
            ],
            [
              -120.4930237218147,
              46.605203513346
            ],
            [
              -120.49306072075463,
              46.605202513379766
            ],
            [
              -120.49329372043096,
              46.60518051270197
            ],
            [
              -120.49353372121699,
              46.60514151295255
            ],
            [
              -120.49382772050022,
              46.60507451294428
            ],
            [
              -120.49409372127334,
              46.6050145127578
            ],
            [
              -120.49438272102165,
              46.60494751286342
            ],
            [
              -120.49525072214526,
              46.60474951278869
            ],
            [
              -120.49554072147494,
              46.604683512224916
            ],
            [
              -120.49582472208625,
              46.604617512506046
            ],
            [
              -120.49667672227093,
              46.604421512649516
            ],
            [
              -120.49696172257073,
              46.60435651235161
            ],
            [
              -120.49725472269039,
              46.60428851208321
            ],
            [
              -120.4981347224096,
              46.604085511704085
            ],
            [
              -120.4984287220585,
              46.60401851155929
            ],
            [
              -120.4987227223351,
              46.60394951162318
            ],
            [
              -120.49960472257375,
              46.603746511646214
            ],
            [
              -120.49989972236287,
              46.603679511320415
            ],
            [
              -120.50011472287696,
              46.60362951203668
            ],
            [
              -120.500240723131,
              46.60359951101912
            ],
            [
              -120.50126672303647,
              46.60336451146342
            ],
            [
              -120.50160872365431,
              46.60328651150367
            ],
            [
              -120.5019057233504,
              46.603217510536425
            ],
            [
              -120.50279772304519,
              46.60301151059499
            ],
            [
              -120.50309572355859,
              46.60294351052755
            ],
            [
              -120.50340872344161,
              46.60287051074909
            ],
            [
              -120.5043517239756,
              46.60265151061765
            ],
            [
              -120.50466572303662,
              46.60257951047577
            ],
            [
              -120.5049597245845,
              46.60251051069235
            ],
            [
              -120.5058427248097,
              46.602305510288176
            ],
            [
              -120.50613772333787,
              46.602237509640865
            ],
            [
              -120.50643272480752,
              46.602167510095846
            ],
            [
              -120.50731772375724,
              46.601960509945066
            ],
            [
              -120.50761372479171,
              46.601891509505016
            ],
            [
              -120.5074787238293,
              46.60163850989575
            ],
            [
              -120.50707572433079,
              46.60088050943786
            ],
            [
              -120.50694172440755,
              46.60062850950523
            ],
            [
              -120.5068247229742,
              46.600380510063836
            ],
            [
              -120.50647372270598,
              46.59963850999244
            ],
            [
              -120.50635772283475,
              46.5993915094914
            ],
            [
              -120.50623872312515,
              46.59914250908875
            ],
            [
              -120.50588172172468,
              46.598398509226406
            ],
            [
              -120.5057627225591,
              46.59815050960251
            ],
            [
              -120.5056397220906,
              46.59789550981143
            ],
            [
              -120.50527372192448,
              46.59713350889324
            ],
            [
              -120.50515272171793,
              46.59687950885879
            ],
            [
              -120.50503172152183,
              46.59662750952207
            ],
            [
              -120.5046717204005,
              46.59587250917328
            ],
            [
              -120.5045517205641,
              46.595621508762044
            ],
            [
              -120.50443072097693,
              46.595372509090055
            ],
            [
              -120.50407072021751,
              46.59462650955263
            ],
            [
              -120.50395071959785,
              46.594378509712435
            ],
            [
              -120.5038287203335,
              46.594125509506405
            ],
            [
              -120.50346471957634,
              46.59336650977858
            ],
            [
              -120.50334371929873,
              46.593113508979734
            ],
            [
              -120.50376071891934,
              46.593029509408595
            ],
            [
              -120.50385771852508,
              46.59301050991134
            ],
            [
              -120.5036017194129,
              46.59246950913243
            ],
            [
              -120.50343671901528,
              46.592120509090655
            ],
            [
              -120.50279771740864,
              46.59076750856779
            ],
            [
              -120.50196471751639,
              46.58899950881252
            ],
            [
              -120.50144571612937,
              46.58789850928974
            ],
            [
              -120.50115671593665,
              46.58732350936667
            ],
            [
              -120.50071271458464,
              46.5864415093183
            ],
            [
              -120.50034771568511,
              46.585749508831455
            ],
            [
              -120.50037971525882,
              46.58574250938532
            ],
            [
              -120.50047771432241,
              46.58572250870646
            ],
            [
              -120.50051071471678,
              46.58571650964004
            ],
            [
              -120.50055071445583,
              46.58570750926916
            ],
            [
              -120.50067371484315,
              46.58568250889603
            ],
            [
              -120.50071471408158,
              46.585674508882455
            ],
            [
              -120.50082071439209,
              46.585652509717335
            ],
            [
              -120.50087171543979,
              46.585641508313806
            ],
            [
              -120.50134271586016,
              46.58554650879562
            ],
            [
              -120.5015007160582,
              46.58551550909208
            ],
            [
              -120.50189271511931,
              46.58543550832594
            ],
            [
              -120.50194271494384,
              46.585425508680984
            ],
            [
              -120.50240671554072,
              46.585315508484356
            ],
            [
              -120.50264371607828,
              46.58527450850462
            ],
            [
              -120.50294471522056,
              46.58523950892923
            ],
            [
              -120.5030737155025,
              46.58523150847143
            ],
            [
              -120.50318871586107,
              46.585224508679524
            ],
            [
              -120.50331071575219,
              46.58522150845299
            ],
            [
              -120.50340271550478,
              46.58522050803388
            ],
            [
              -120.50347471564962,
              46.58522150899077
            ],
            [
              -120.50362771549821,
              46.58522150874296
            ],
            [
              -120.5040867164992,
              46.58522350851259
            ],
            [
              -120.50424071596149,
              46.585224508729546
            ],
            [
              -120.50450371509078,
              46.585225508101
            ],
            [
              -120.50502971598837,
              46.585227508628655
            ],
            [
              -120.50529471710863,
              46.58523150825524
            ],
            [
              -120.50555871612809,
              46.585235508216286
            ],
            [
              -120.50581871695839,
              46.585238508250534
            ],
            [
              -120.50659971690631,
              46.58525050781152
            ],
            [
              -120.50686071621774,
              46.58525450763998
            ],
            [
              -120.50686271751445,
              46.58488950782509
            ],
            [
              -120.50686771546778,
              46.583796507342775
            ],
            [
              -120.5068707162872,
              46.58343250779536
            ],
            [
              -120.5068737156352,
              46.583067507803726
            ],
            [
              -120.50688171565179,
              46.581975507212846
            ],
            [
              -120.5068857144358,
              46.58161150658945
            ],
            [
              -120.50688571441366,
              46.58125050744741
            ],
            [
              -120.50688871408961,
              46.58016850742684
            ],
            [
              -120.5068907143397,
              46.579808506695834
            ],
            [
              -120.50688871349897,
              46.57944250725197
            ],
            [
              -120.50688571338937,
              46.578345507222416
            ],
            [
              -120.506885713178,
              46.578199506811316
            ],
            [
              -120.5068527134455,
              46.57798250631349
            ],
            [
              -120.50685671436148,
              46.57761550687118
            ],
            [
              -120.50686971367219,
              46.576515506966324
            ],
            [
              -120.50687471255038,
              46.57614950689272
            ],
            [
              -120.50687471340049,
              46.575784506618795
            ],
            [
              -120.50687671239344,
              46.57469250590657
            ],
            [
              -120.50687871201605,
              46.574328505843184
            ],
            [
              -120.50714471155683,
              46.574331507003855
            ],
            [
              -120.50794371229412,
              46.57434050580518
            ],
            [
              -120.50821071258717,
              46.57434350621666
            ],
            [
              -120.50847371282428,
              46.5743455058787
            ],
            [
              -120.5092627128584,
              46.574354505203
            ],
            [
              -120.50952671269334,
              46.574357506384025
            ],
            [
              -120.50952571300071,
              46.574191505601
            ],
            [
              -120.50952471259593,
              46.573693505756054
            ],
            [
              -120.50952471223684,
              46.57352750577048
            ],
            [
              -120.50952371236075,
              46.57341250582842
            ],
            [
              -120.50952371215725,
              46.573068506161604
            ],
            [
              -120.50952371307577,
              46.57295450565022
            ],
            [
              -120.50952271172669,
              46.57251050604109
            ],
            [
              -120.509520711488,
              46.57118150549733
            ],
            [
              -120.50952071210988,
              46.57111050604787
            ],
            [
              -120.50953071158001,
              46.57073950568336
            ],
            [
              -120.50952818085119,
              46.57065036207419
            ],
            [
              -120.50864225200714,
              46.57063765544284
            ],
            [
              -120.50255255467202,
              46.57054298781922
            ],
            [
              -120.50173620823273,
              46.57053027290324
            ],
            [
              -120.50157308092213,
              46.57052773101819
            ],
            [
              -120.50157164684137,
              46.570151526931674
            ],
            [
              -120.50156667044772,
              46.56884654402204
            ],
            [
              -120.50156666855167,
              46.56878060783912
            ],
            [
              -120.50151000996499,
              46.56877991226215
            ],
            [
              -120.50150341210676,
              46.56788806175058
            ],
            [
              -120.49895065672692,
              46.567871762199225
            ],
            [
              -120.49893661129289,
              46.568757065834
            ],
            [
              -120.4980634055959,
              46.56874690438356
            ],
            [
              -120.49624938566754,
              46.568725772079354
            ],
            [
              -120.49624300472517,
              46.56817050712509
            ],
            [
              -120.49622928634311,
              46.56697658378822
            ],
            [
              -120.49621771694872,
              46.56596967748256
            ],
            [
              -120.4963383259685,
              46.56597592146477
            ],
            [
              -120.49631261050911,
              46.5651350840448
            ],
            [
              -120.49603236046356,
              46.56513182598004
            ],
            [
              -120.496025310956,
              46.56439059510757
            ],
            [
              -120.4960968360349,
              46.56370064849557
            ],
            [
              -120.49612251930765,
              46.56347334162173
            ],
            [
              -120.49597726953235,
              46.56337051240813
            ],
            [
              -120.49449433855062,
              46.563357176980894
            ],
            [
              -120.49437981608183,
              46.56336666464327
            ],
            [
              -120.49363851156279,
              46.5633734677242
            ],
            [
              -120.49363877183634,
              46.56340086155355
            ],
            [
              -120.49296615414353,
              46.56343393511384
            ],
            [
              -120.49080617325684,
              46.56355456326471
            ],
            [
              -120.49074904159404,
              46.563553630204716
            ],
            [
              -120.49069338913519,
              46.56354466775153
            ],
            [
              -120.49064196150069,
              46.56352801530462
            ],
            [
              -120.49054236902552,
              46.56333416678834
            ],
            [
              -120.48851745728335,
              46.56331799525463
            ],
            [
              -120.48424601795188,
              46.56320830348753
            ],
            [
              -120.48424707646072,
              46.5636563318231
            ],
            [
              -120.48306113740658,
              46.56365598055244
            ],
            [
              -120.48306097263698,
              46.56418510962671
            ],
            [
              -120.48306091061451,
              46.564384281311305
            ],
            [
              -120.48306084801757,
              46.564585296396615
            ],
            [
              -120.48306081805167,
              46.56468152424456
            ],
            [
              -120.48442113345301,
              46.56469358421713
            ],
            [
              -120.4844272702524,
              46.565177564521704
            ],
            [
              -120.48443036354664,
              46.5654215883481
            ],
            [
              -120.48410328950052,
              46.56565724396749
            ],
            [
              -120.48402463422326,
              46.56570592450588
            ],
            [
              -120.48382469834176,
              46.565753698132106
            ],
            [
              -120.48369028438746,
              46.56578581496092
            ],
            [
              -120.48321777240412,
              46.5657765232543
            ],
            [
              -120.48306047760825,
              46.565774746619375
            ],
            [
              -120.48306039400062,
              46.56604321829863
            ],
            [
              -120.48306037476071,
              46.56610499897301
            ],
            [
              -120.48278754172016,
              46.56623231975344
            ],
            [
              -120.48259770645659,
              46.566232291020356
            ],
            [
              -120.48227839898598,
              46.566232241979854
            ],
            [
              -120.48227835645393,
              46.56636278919709
            ],
            [
              -120.48227823013293,
              46.56675051280504
            ],
            [
              -120.48300365811984,
              46.56675062293112
            ],
            [
              -120.48295413713372,
              46.57032534925258
            ],
            [
              -120.48300551559029,
              46.57034960456738
            ],
            [
              -120.48355351188518,
              46.57034785028356
            ],
            [
              -120.4835526131575,
              46.57049425291419
            ],
            [
              -120.48412107484037,
              46.5704924799595
            ],
            [
              -120.48495642895766,
              46.57048986962896
            ],
            [
              -120.48495694096343,
              46.57051115477926
            ],
            [
              -120.48506165061767,
              46.57051105964667
            ],
            [
              -120.48515895752182,
              46.570514347083325
            ],
            [
              -120.48522363172106,
              46.57051848760218
            ],
            [
              -120.48525587995918,
              46.570521141266696
            ],
            [
              -120.48532015175404,
              46.570527610901784
            ],
            [
              -120.48538405658032,
              46.57053562337267
            ],
            [
              -120.48544200221909,
              46.57054427560808
            ],
            [
              -120.48569230371508,
              46.570584539145436
            ],
            [
              -120.48575309321166,
              46.5705935487444
            ],
            [
              -120.48578364921924,
              46.57059750385887
            ],
            [
              -120.48584503809363,
              46.57060430751441
            ],
            [
              -120.48596866236556,
              46.57061346240748
            ],
            [
              -120.4861194757115,
              46.57061655225625
            ],
            [
              -120.48613656522245,
              46.571326704491824
            ],
            [
              -120.48503084701588,
              46.571335981849984
            ],
            [
              -120.48502807898396,
              46.57407912644171
            ],
            [
              -120.48823350628736,
              46.5741014330987
            ],
            [
              -120.48819358329868,
              46.577632767518075
            ],
            [
              -120.48281650902094,
              46.57762810053864
            ],
            [
              -120.47927564722475,
              46.577616110554246
            ],
            [
              -120.47909000489607,
              46.577601825250625
            ],
            [
              -120.47738664686986,
              46.57759150233657
            ],
            [
              -120.4725533766653,
              46.57759044462838
            ],
            [
              -120.4723788283075,
              46.57758192331331
            ],
            [
              -120.47237678864491,
              46.570757700177424
            ],
            [
              -120.47237668436217,
              46.57040819978149
            ],
            [
              -120.46812015133143,
              46.570397009936656
            ],
            [
              -120.46762651101454,
              46.57039570170485
            ],
            [
              -120.46670508347422,
              46.57039543625988
            ],
            [
              -120.46666356993751,
              46.570395424166435
            ],
            [
              -120.46656063311119,
              46.57047858398792
            ],
            [
              -120.46640487447365,
              46.57060441533556
            ],
            [
              -120.46636123939135,
              46.5706680706317
            ],
            [
              -120.4661014493056,
              46.5710470553542
            ],
            [
              -120.46597890494438,
              46.57158640357125
            ],
            [
              -120.46596733571242,
              46.57163732184355
            ],
            [
              -120.46596630358177,
              46.57164812466611
            ],
            [
              -120.46575192465144,
              46.57389087471027
            ],
            [
              -120.46573525746996,
              46.573890305630876
            ],
            [
              -120.46502523012421,
              46.57386605807241
            ],
            [
              -120.46507418467463,
              46.574002888930735
            ],
            [
              -120.46503698566008,
              46.574519851354225
            ],
            [
              -120.46508446816006,
              46.57474978761433
            ],
            [
              -120.46518524023277,
              46.57523777530593
            ],
            [
              -120.46527302091798,
              46.575662842072276
            ],
            [
              -120.46548594980914,
              46.57592414451128
            ],
            [
              -120.46550311033748,
              46.57593361951345
            ],
            [
              -120.46595933112876,
              46.57618552435402
            ],
            [
              -120.46614797724611,
              46.57634715303857
            ],
            [
              -120.46664561447638,
              46.57677351329394
            ],
            [
              -120.4666943749824,
              46.576861045550274
            ],
            [
              -120.46669438931727,
              46.576861072544254
            ],
            [
              -120.46688213208975,
              46.577198094784755
            ],
            [
              -120.46688329336541,
              46.5772150501165
            ],
            [
              -120.46690560072433,
              46.57754097645193
            ],
            [
              -120.46682150375231,
              46.577784080730915
            ],
            [
              -120.46678700160959,
              46.577883817828685
            ],
            [
              -120.46647885455012,
              46.57842253162276
            ],
            [
              -120.46629827691591,
              46.578540030829735
            ],
            [
              -120.46605247163562,
              46.57869997165921
            ],
            [
              -120.46548390854255,
              46.5791406420522
            ],
            [
              -120.46474960661504,
              46.579548601880084
            ],
            [
              -120.46334800204365,
              46.580435179081235
            ],
            [
              -120.46319485075173,
              46.5804937445325
            ],
            [
              -120.46234650910408,
              46.58087959964278
            ],
            [
              -120.46209387373516,
              46.58102399433749
            ],
            [
              -120.46208194066179,
              46.581027246250514
            ],
            [
              -120.46206104704837,
              46.58104832014618
            ],
            [
              -120.4620540823875,
              46.58105551601235
            ],
            [
              -120.4620481119591,
              46.581062712207995
            ],
            [
              -120.46203617085833,
              46.58107744736851
            ],
            [
              -120.4620242295117,
              46.581092525297976
            ],
            [
              -120.46201925307084,
              46.58110006459235
            ],
            [
              -120.46200929994563,
              46.58111548595063
            ],
            [
              -120.46199934657533,
              46.58113125007828
            ],
            [
              -120.46199138167088,
              46.5811470148657
            ],
            [
              -120.4619834165222,
              46.58116312242276
            ],
            [
              -120.4619804281821,
              46.58117117698137
            ],
            [
              -120.46197644548515,
              46.58117940214468
            ],
            [
              -120.46197046856113,
              46.58119585313193
            ],
            [
              -120.46196051852138,
              46.58120681847293
            ],
            [
              -120.46190097634148,
              46.582106613793705
            ]
          ]
        ]
      },
      "properties": {
        "feature_id": 2,
        "council_district": 2
      }
    },
    {
      "type": "Feature",
      "id": 3,
      "geometry": {
        "type": "Polygon",
        "coordinates": [
          [
            [
              -120.53026548418326,
              46.56837879415115
            ],
            [
              -120.53011832483269,
              46.568407083267964
            ],
            [
              -120.53015366432693,
              46.56851806429692
            ],
            [
              -120.53016730261332,
              46.56857228869668
            ],
            [
              -120.53019400538477,
              46.568727898795146
            ],
            [
              -120.53019889168016,
              46.56980843310827
            ],
            [
              -120.5301992426765,
              46.569886137661086
            ],
            [
              -120.53019968428072,
              46.56998371570645
            ],
            [
              -120.52962380425261,
              46.56997609323258
            ],
            [
              -120.52962436723496,
              46.57021701427298
            ],
            [
              -120.52962562943304,
              46.57075735495593
            ],
            [
              -120.53033997432544,
              46.570755214540696
            ],
            [
              -120.53033971850058,
              46.57124150123413
            ],
            [
              -120.53033771839615,
              46.57234050064435
            ],
            [
              -120.53033771824893,
              46.57270750110658
            ],
            [
              -120.5303367190962,
              46.572864501184746
            ],
            [
              -120.53033571984824,
              46.57333950165507
            ],
            [
              -120.53033571924537,
              46.57349750097436
            ],
            [
              -120.53033471963221,
              46.57370050158261
            ],
            [
              -120.53033272063367,
              46.57431050082314
            ],
            [
              -120.5303327195807,
              46.57451450156068
            ],
            [
              -120.53033172055929,
              46.574676501903205
            ],
            [
              -120.53033072065475,
              46.57516450141958
            ],
            [
              -120.53033072021614,
              46.57532750100191
            ],
            [
              -120.53032872071988,
              46.57559750132112
            ],
            [
              -120.53032772102995,
              46.57592450204357
            ],
            [
              -120.53032771992497,
              46.57603250176993
            ],
            [
              -120.53032572058362,
              46.57641050177515
            ],
            [
              -120.53032472095283,
              46.576681501301174
            ],
            [
              -120.5303247207139,
              46.57693850183698
            ],
            [
              -120.53032472185848,
              46.57771050199783
            ],
            [
              -120.53032572157335,
              46.577968501745026
            ],
            [
              -120.53005572117179,
              46.577970501872464
            ],
            [
              -120.52924972135148,
              46.57797650190635
            ],
            [
              -120.52898072157353,
              46.577978501939505
            ],
            [
              -120.52872172043637,
              46.57797950200684
            ],
            [
              -120.52794671991403,
              46.577985502165774
            ],
            [
              -120.52768872124143,
              46.577987502770206
            ],
            [
              -120.52742872064205,
              46.57798850285074
            ],
            [
              -120.52665272045584,
              46.57799450257909
            ],
            [
              -120.5263937196874,
              46.577996502295456
            ],
            [
              -120.52615972031234,
              46.57799750338595
            ],
            [
              -120.52546171935566,
              46.57800250283993
            ],
            [
              -120.52522871979936,
              46.57800450312493
            ],
            [
              -120.52458871894927,
              46.578009503339004
            ],
            [
              -120.52390071991489,
              46.57800950340232
            ],
            [
              -120.52273571996307,
              46.5780095033555
            ],
            [
              -120.52253471843545,
              46.578009503540734
            ],
            [
              -120.52227271843711,
              46.57800950356928
            ],
            [
              -120.52122471844586,
              46.57800950308045
            ],
            [
              -120.52001671795365,
              46.578008503581636
            ],
            [
              -120.51975571830154,
              46.5780075044455
            ],
            [
              -120.51897171713799,
              46.57800750399606
            ],
            [
              -120.51871171855672,
              46.57800750453302
            ],
            [
              -120.51844871786906,
              46.57800750406352
            ],
            [
              -120.51766371731155,
              46.57800750470668
            ],
            [
              -120.51740171764686,
              46.578008504796195
            ],
            [
              -120.51737271740602,
              46.57807150519474
            ],
            [
              -120.51736171661838,
              46.57815050510683
            ],
            [
              -120.51735971731027,
              46.5783615053561
            ],
            [
              -120.51735271796737,
              46.57944250529891
            ],
            [
              -120.51735071814726,
              46.579803504865325
            ],
            [
              -120.51734871861967,
              46.580165504830525
            ],
            [
              -120.51734471844304,
              46.58125450465033
            ],
            [
              -120.51734371860483,
              46.581617504793584
            ],
            [
              -120.51734171928292,
              46.58198050506534
            ],
            [
              -120.51733871994703,
              46.5830705057088
            ],
            [
              -120.51733772035402,
              46.583434505258055
            ],
            [
              -120.51733772025163,
              46.58379850553231
            ],
            [
              -120.5173377195958,
              46.58489350567846
            ],
            [
              -120.51733771981203,
              46.585258505380516
            ],
            [
              -120.51754972046065,
              46.58525750502704
            ],
            [
              -120.51818572075426,
              46.585257505570716
            ],
            [
              -120.5183987199478,
              46.58525750480558
            ],
            [
              -120.51844272147822,
              46.5852575049188
            ],
            [
              -120.51857672121612,
              46.585257504833095
            ],
            [
              -120.51862172097228,
              46.58525750471545
            ],
            [
              -120.51888572102085,
              46.58525750462801
            ],
            [
              -120.51968072106489,
              46.58525750469266
            ],
            [
              -120.51994572064498,
              46.585257504686176
            ],
            [
              -120.52001572171604,
              46.585257505057044
            ],
            [
              -120.52020072193781,
              46.58525650451121
            ],
            [
              -120.5209677216791,
              46.58525550465018
            ],
            [
              -120.52122372156039,
              46.585255504231924
            ],
            [
              -120.52148572214573,
              46.58525450529213
            ],
            [
              -120.52227472105392,
              46.585254503751834
            ],
            [
              -120.52253772286572,
              46.58525450442789
            ],
            [
              -120.52280272201466,
              46.58525350458021
            ],
            [
              -120.52359672204612,
              46.585252504200625
            ],
            [
              -120.52386272244087,
              46.58525250391106
            ],
            [
              -120.52412772244404,
              46.58525350363472
            ],
            [
              -120.52492572286896,
              46.58525750338795
            ],
            [
              -120.5251917229116,
              46.58525950444837
            ],
            [
              -120.52544272302005,
              46.58526050330802
            ],
            [
              -120.52619772391071,
              46.585266503684224
            ],
            [
              -120.5264497232701,
              46.585269503645996
            ],
            [
              -120.52670772358967,
              46.58526950398867
            ],
            [
              -120.52688072382765,
              46.58527050347983
            ],
            [
              -120.52748272386926,
              46.5852665036222
            ],
            [
              -120.52774172450123,
              46.58526550367104
            ],
            [
              -120.52799572434513,
              46.58526350303691
            ],
            [
              -120.52875872435574,
              46.58525950283912
            ],
            [
              -120.52901372419988,
              46.58525850281308
            ],
            [
              -120.53036872506681,
              46.585251502697204
            ],
            [
              -120.53036872555609,
              46.58599550345776
            ],
            [
              -120.53036972551256,
              46.58707350302143
            ],
            [
              -120.53037472668065,
              46.588857502830415
            ],
            [
              -120.53037472672963,
              46.589044503106635
            ],
            [
              -120.53037672609763,
              46.58960550336735
            ],
            [
              -120.53037772632568,
              46.5897935028735
            ],
            [
              -120.53037772694852,
              46.589974503298464
            ],
            [
              -120.53038072695192,
              46.590518503262516
            ],
            [
              -120.5303817264687,
              46.59070050291903
            ],
            [
              -120.5301167270057,
              46.59070150322099
            ],
            [
              -120.52932472646015,
              46.590707503634064
            ],
            [
              -120.52906072711038,
              46.5907095043526
            ],
            [
              -120.52879672615245,
              46.590708504102835
            ],
            [
              -120.52800772614633,
              46.590705503461976
            ],
            [
              -120.5277447266746,
              46.590705503658384
            ],
            [
              -120.52774872721157,
              46.5910675043694
            ],
            [
              -120.52776072624648,
              46.59215550360298
            ],
            [
              -120.52776472620238,
              46.59251850463983
            ],
            [
              -120.5277717281995,
              46.593771503795644
            ],
            [
              -120.52777172730757,
              46.59431150430569
            ],
            [
              -120.52803672771265,
              46.594308504103346
            ],
            [
              -120.52883172797962,
              46.59430050383171
            ],
            [
              -120.52909772850602,
              46.594298504038136
            ],
            [
              -120.5290947287348,
              46.59468750407124
            ],
            [
              -120.52908672942414,
              46.59585550417247
            ],
            [
              -120.52908472975598,
              46.59624550426154
            ],
            [
              -120.52934972830988,
              46.59624350413988
            ],
            [
              -120.53014672909703,
              46.5962385044815
            ],
            [
              -120.53041272917626,
              46.5962375047519
            ],
            [
              -120.53067772951282,
              46.59623650377231
            ],
            [
              -120.53147573024413,
              46.596234503942235
            ],
            [
              -120.53174172955924,
              46.59623450334151
            ],
            [
              -120.5320027297525,
              46.59623150406358
            ],
            [
              -120.53278573016027,
              46.59622250355764
            ],
            [
              -120.53304673023939,
              46.596219503697746
            ],
            [
              -120.53309773041761,
              46.59621650389599
            ],
            [
              -120.5332517313435,
              46.59620650364494
            ],
            [
              -120.53330373053696,
              46.59620450298017
            ],
            [
              -120.53352173028536,
              46.59620150374715
            ],
            [
              -120.53417773010685,
              46.59619450379613
            ],
            [
              -120.53439673143693,
              46.59619250391537
            ],
            [
              -120.53446673156284,
              46.59619350396417
            ],
            [
              -120.5350887317314,
              46.59619750373601
            ],
            [
              -120.53716573188363,
              46.59621450289245
            ],
            [
              -120.53785873184688,
              46.59622050224949
            ],
            [
              -120.53794973237036,
              46.59622250263334
            ],
            [
              -120.53822473284286,
              46.596229502202256
            ],
            [
              -120.5383167325269,
              46.59623250237928
            ],
            [
              -120.53868173276616,
              46.59623250283434
            ],
            [
              -120.53944673258849,
              46.596244502214255
            ],
            [
              -120.5396097321194,
              46.59625350275898
            ],
            [
              -120.53963973293547,
              46.59624950239104
            ],
            [
              -120.54009373323156,
              46.59624450226987
            ],
            [
              -120.54093473392604,
              46.59625450199647
            ],
            [
              -120.5409717332329,
              46.59626150158299
            ],
            [
              -120.54108073298366,
              46.59625650179501
            ],
            [
              -120.54223973401815,
              46.596266501481395
            ],
            [
              -120.54355573357422,
              46.59627750127096
            ],
            [
              -120.5440667348019,
              46.59628450108989
            ],
            [
              -120.54559973527603,
              46.59630850070784
            ],
            [
              -120.54611173503751,
              46.59631650041196
            ],
            [
              -120.54637973509963,
              46.596317500482684
            ],
            [
              -120.54718373491121,
              46.59632150094637
            ],
            [
              -120.5474527356261,
              46.59632350030955
            ],
            [
              -120.54772273564612,
              46.59632350048493
            ],
            [
              -120.54853673601862,
              46.59632650034701
            ],
            [
              -120.548807736687,
              46.59632749975599
            ],
            [
              -120.54906773506914,
              46.59632850054236
            ],
            [
              -120.54984773693903,
              46.59633449971099
            ],
            [
              -120.55010873603138,
              46.596336499914315
            ],
            [
              -120.5503687363356,
              46.59633950038081
            ],
            [
              -120.55114973679231,
              46.59634950000712
            ],
            [
              -120.55141073659296,
              46.59635349987741
            ],
            [
              -120.55167373732095,
              46.596353499272425
            ],
            [
              -120.55246273689995,
              46.596353499229714
            ],
            [
              -120.5527267370308,
              46.59635449976376
            ],
            [
              -120.55299273697116,
              46.59635449924351
            ],
            [
              -120.55379273757214,
              46.59635449932961
            ],
            [
              -120.55405973725041,
              46.59635449945762
            ],
            [
              -120.55431773762368,
              46.59635149927908
            ],
            [
              -120.55509373746146,
              46.59634449872714
            ],
            [
              -120.55535273848544,
              46.596342498851044
            ],
            [
              -120.55561673816361,
              46.59634049865825
            ],
            [
              -120.55641073812747,
              46.59633349841798
            ],
            [
              -120.55667573850246,
              46.59633249840645
            ],
            [
              -120.55666873817177,
              46.59597349811913
            ],
            [
              -120.55664973819344,
              46.59489749834448
            ],
            [
              -120.55664373765812,
              46.59453949878763
            ],
            [
              -120.5566387374222,
              46.59417949787397
            ],
            [
              -120.55662573750635,
              46.59310049802111
            ],
            [
              -120.55662173692842,
              46.59274149873863
            ],
            [
              -120.55701373692249,
              46.59273849805648
            ],
            [
              -120.55818873782306,
              46.59273149829566
            ],
            [
              -120.55858173840973,
              46.59272949755011
            ],
            [
              -120.55871773788566,
              46.592728497595175
            ],
            [
              -120.5591257378069,
              46.592724497239836
            ],
            [
              -120.55926273801916,
              46.59272449743923
            ],
            [
              -120.55926273716042,
              46.59254049760579
            ],
            [
              -120.55926473780856,
              46.591988497931354
            ],
            [
              -120.5592667373348,
              46.59180549745748
            ],
            [
              -120.55926673799632,
              46.59162649699301
            ],
            [
              -120.55926873686451,
              46.59108849771002
            ],
            [
              -120.55926973693904,
              46.590910497124995
            ],
            [
              -120.55980173681763,
              46.59090549710576
            ],
            [
              -120.5613987375999,
              46.5908934973229
            ],
            [
              -120.56193173773394,
              46.59089049669925
            ],
            [
              -120.56192673775321,
              46.59052449684358
            ],
            [
              -120.5619207375019,
              46.59007649724725
            ],
            [
              -120.56192073679235,
              46.589429496222856
            ],
            [
              -120.56192073746836,
              46.58906449668513
            ],
            [
              -120.56192073701476,
              46.588337496102255
            ],
            [
              -120.56192173601039,
              46.586159496314096
            ],
            [
              -120.56192273621716,
              46.58543349613786
            ],
            [
              -120.56192273630995,
              46.5851974966653
            ],
            [
              -120.56192273450448,
              46.58458049602066
            ],
            [
              -120.56192373479746,
              46.58448949584936
            ],
            [
              -120.56192473565345,
              46.58442649667027
            ],
            [
              -120.56192673456161,
              46.58425449603481
            ],
            [
              -120.56192773508192,
              46.58413849612619
            ],
            [
              -120.56193273415363,
              46.58379149572591
            ],
            [
              -120.56193573479538,
              46.58367649604587
            ],
            [
              -120.56193773432858,
              46.583492495730425
            ],
            [
              -120.5619457332956,
              46.58293949594279
            ],
            [
              -120.56194873469754,
              46.58275649638194
            ],
            [
              -120.5619507345048,
              46.58256249542115
            ],
            [
              -120.56195973372729,
              46.58197949585097
            ],
            [
              -120.561962734074,
              46.58178649564288
            ],
            [
              -120.56196373351797,
              46.58166049596719
            ],
            [
              -120.56196873465073,
              46.58128249583845
            ],
            [
              -120.56197173412122,
              46.58115749548982
            ],
            [
              -120.56197373260794,
              46.58090749515202
            ],
            [
              -120.56198173319193,
              46.58015849520773
            ],
            [
              -120.56198473216902,
              46.5799094956056
            ],
            [
              -120.5619877333661,
              46.579678495488665
            ],
            [
              -120.56199973325276,
              46.57898849562325
            ],
            [
              -120.56200473299376,
              46.57875849570728
            ],
            [
              -120.56200673283277,
              46.57863349494484
            ],
            [
              -120.56201273213249,
              46.57825949486259
            ],
            [
              -120.5620147322301,
              46.57815649527962
            ],
            [
              -120.5623707327483,
              46.57815649515704
            ],
            [
              -120.5629877333409,
              46.57815649445594
            ],
            [
              -120.56721373348907,
              46.578135494361305
            ],
            [
              -120.56722173477607,
              46.57783849380418
            ],
            [
              -120.57245573548397,
              46.57783849301528
            ],
            [
              -120.57249073413757,
              46.57510449320146
            ],
            [
              -120.57251273426152,
              46.57277349185877
            ],
            [
              -120.5731857329888,
              46.571824492805426
            ],
            [
              -120.57390773304351,
              46.571443492493735
            ],
            [
              -120.57406273374812,
              46.57136149155746
            ],
            [
              -120.57431573306813,
              46.57125449176233
            ],
            [
              -120.57474273367693,
              46.57112649129168
            ],
            [
              -120.57551673409172,
              46.5709644918508
            ],
            [
              -120.57533773320537,
              46.570963491616254
            ],
            [
              -120.57473573386203,
              46.57096149165889
            ],
            [
              -120.57453973370016,
              46.57096049228515
            ],
            [
              -120.57452273287736,
              46.570857491226064
            ],
            [
              -120.57452173357345,
              46.57021849198729
            ],
            [
              -120.57516173312328,
              46.570223491862876
            ],
            [
              -120.57516173341017,
              46.56999049210492
            ],
            [
              -120.57523673282172,
              46.56998449153257
            ],
            [
              -120.57521373363716,
              46.56959049174522
            ],
            [
              -120.57516073239037,
              46.56959549182008
            ],
            [
              -120.57514473301441,
              46.5691234912184
            ],
            [
              -120.57487573294146,
              46.569125491253814
            ],
            [
              -120.57474673315812,
              46.56913449128045
            ],
            [
              -120.57455273296169,
              46.569135491473595
            ],
            [
              -120.57413373267157,
              46.56913549212939
            ],
            [
              -120.57382173269013,
              46.56913549241062
            ],
            [
              -120.57348473227115,
              46.569135491712316
            ],
            [
              -120.57293273204368,
              46.569136491898114
            ],
            [
              -120.5726507325863,
              46.56913649234182
            ],
            [
              -120.57264873130758,
              46.56925649139129
            ],
            [
              -120.57264473259393,
              46.569579491365005
            ],
            [
              -120.57264073246796,
              46.569900492273455
            ],
            [
              -120.57263673244644,
              46.57022649168369
            ],
            [
              -120.57262873254237,
              46.57054649197365
            ],
            [
              -120.57262973271145,
              46.57087449261801
            ],
            [
              -120.57262973251932,
              46.570953491889505
            ],
            [
              -120.57256773223396,
              46.57095349255769
            ],
            [
              -120.57249073248775,
              46.57095349190385
            ],
            [
              -120.5723637328068,
              46.5709534922545
            ],
            [
              -120.5718627315694,
              46.57095349234891
            ],
            [
              -120.57169573246257,
              46.57095349279156
            ],
            [
              -120.57151273201863,
              46.57095349220015
            ],
            [
              -120.57096373199613,
              46.570953492266995
            ],
            [
              -120.57078173212763,
              46.57095349258417
            ],
            [
              -120.570442732358,
              46.57095349224961
            ],
            [
              -120.5694267310224,
              46.57095349270837
            ],
            [
              -120.56908873179651,
              46.57095449267501
            ],
            [
              -120.56902573224373,
              46.570954492926425
            ],
            [
              -120.56879673123066,
              46.57096249303872
            ],
            [
              -120.56876973133758,
              46.570964493029166
            ],
            [
              -120.56725673167938,
              46.57095149295216
            ],
            [
              -120.56698973149334,
              46.570950493578835
            ],
            [
              -120.5668087309102,
              46.5709504932862
            ],
            [
              -120.56616672987624,
              46.57095049312388
            ],
            [
              -120.56424372970088,
              46.57095149404236
            ],
            [
              -120.56360372968246,
              46.570952494087045
            ],
            [
              -120.56331973027017,
              46.57095149379872
            ],
            [
              -120.56247072959398,
              46.570950494209924
            ],
            [
              -120.56218772932363,
              46.5709504945871
            ],
            [
              -120.56219072838041,
              46.57082949390347
            ],
            [
              -120.56220172872705,
              46.57046949471709
            ],
            [
              -120.56220672868841,
              46.570349494258025
            ],
            [
              -120.56222472890848,
              46.56976149451628
            ],
            [
              -120.5622807279499,
              46.56799949377838
            ],
            [
              -120.56229672799594,
              46.56753549437385
            ],
            [
              -120.56232372736616,
              46.56748649397534
            ],
            [
              -120.5623737273041,
              46.56744149442019
            ],
            [
              -120.5624037282608,
              46.56742449333807
            ],
            [
              -120.56247572713033,
              46.5673984933873
            ],
            [
              -120.56255672801893,
              46.567388493452576
            ],
            [
              -120.56262772749416,
              46.56738849328146
            ],
            [
              -120.56331872873298,
              46.56739449411047
            ],
            [
              -120.56345072757028,
              46.56739649377649
            ],
            [
              -120.56349572739482,
              46.567402493838074
            ],
            [
              -120.5635467278786,
              46.567416493940186
            ],
            [
              -120.56379572890354,
              46.56741749339012
            ],
            [
              -120.5645427280077,
              46.56742149341182
            ],
            [
              -120.56459272848959,
              46.56742249349743
            ],
            [
              -120.56473272765126,
              46.567321492970244
            ],
            [
              -120.5647627284774,
              46.56732149307953
            ],
            [
              -120.56496972882861,
              46.56732149263247
            ],
            [
              -120.5667487298062,
              46.56732349286426
            ],
            [
              -120.5672927297064,
              46.56732449298327
            ],
            [
              -120.56790972878994,
              46.56732449265151
            ],
            [
              -120.5692877293235,
              46.56732649286396
            ],
            [
              -120.57096472996427,
              46.56732849196208
            ],
            [
              -120.57163773131816,
              46.56732449173752
            ],
            [
              -120.57175673052448,
              46.56734549171966
            ],
            [
              -120.57262473137975,
              46.56733349113301
            ],
            [
              -120.57264639446444,
              46.566363653361286
            ],
            [
              -120.57266533059921,
              46.56551589503166
            ],
            [
              -120.57444606264757,
              46.56550839631126
            ],
            [
              -120.57458409967533,
              46.56550781425734
            ],
            [
              -120.57502091363864,
              46.56550597033626
            ],
            [
              -120.57559135182734,
              46.56550355878306
            ],
            [
              -120.57615745678535,
              46.565501163464056
            ],
            [
              -120.57671938634454,
              46.565498783437974
            ],
            [
              -120.57727718224513,
              46.56549641783862
            ],
            [
              -120.57783338674233,
              46.5654940559996
            ],
            [
              -120.57789364347572,
              46.56549414092748
            ],
            [
              -120.57789235470743,
              46.564593996285886
            ],
            [
              -120.57510787671524,
              46.56460665033948
            ],
            [
              -120.57269233971832,
              46.56461405543721
            ],
            [
              -120.5726974143369,
              46.56444464937606
            ],
            [
              -120.57270051220713,
              46.56434117093153
            ],
            [
              -120.5727193504858,
              46.563712167115305
            ],
            [
              -120.57558471826837,
              46.56369571757887
            ],
            [
              -120.5756361934969,
              46.561338080396624
            ],
            [
              -120.57564811464434,
              46.56079201936625
            ],
            [
              -120.57717626429505,
              46.56079722212292
            ],
            [
              -120.5771747431644,
              46.56083836474005
            ],
            [
              -120.57801987887439,
              46.56084153295911
            ],
            [
              -120.57802726427424,
              46.560635453799435
            ],
            [
              -120.5771823474738,
              46.5606326399565
            ],
            [
              -120.57565419867869,
              46.560627542544076
            ],
            [
              -120.57566586137997,
              46.56031229468704
            ],
            [
              -120.575679318938,
              46.55994851869377
            ],
            [
              -120.57306846661078,
              46.55996176393439
            ],
            [
              -120.57311060250063,
              46.558238136058
            ],
            [
              -120.57311241854366,
              46.558163818202885
            ],
            [
              -120.57311294766548,
              46.55814217286299
            ],
            [
              -120.57311291060135,
              46.55811458920692
            ],
            [
              -120.57244902791274,
              46.5581080519579
            ],
            [
              -120.57240334073202,
              46.5599651288944
            ],
            [
              -120.57174722326468,
              46.559968444748726
            ],
            [
              -120.57109037663777,
              46.55997175999058
            ],
            [
              -120.570434822608,
              46.55997216565108
            ],
            [
              -120.57044308597294,
              46.559646422235815
            ],
            [
              -120.56980907754308,
              46.559640163426074
            ],
            [
              -120.56979993687258,
              46.56001091117537
            ],
            [
              -120.5684598750602,
              46.55999767124089
            ],
            [
              -120.56844174470586,
              46.56113218860092
            ],
            [
              -120.57040588613587,
              46.561146366941536
            ],
            [
              -120.57040387178996,
              46.56122861986295
            ],
            [
              -120.57040161086887,
              46.561320908674496
            ],
            [
              -120.57026766747713,
              46.5613199375508
            ],
            [
              -120.57027215453815,
              46.56132318437593
            ],
            [
              -120.5702765750909,
              46.561324419595564
            ],
            [
              -120.57028088109944,
              46.56132583571763
            ],
            [
              -120.57028505560095,
              46.56132742735463
            ],
            [
              -120.57028908424117,
              46.561329189117416
            ],
            [
              -120.57029295266372,
              46.56133111381752
            ],
            [
              -120.57029664651309,
              46.56133319516611
            ],
            [
              -120.57030015273592,
              46.561335425074375
            ],
            [
              -120.57030345958547,
              46.56133779725178
            ],
            [
              -120.57030655400473,
              46.56134030091051
            ],
            [
              -120.57030942424463,
              46.56134292796078
            ],
            [
              -120.5703120611634,
              46.56134566941163
            ],
            [
              -120.5703144556183,
              46.56134851537241
            ],
            [
              -120.57031659846511,
              46.56135145505277
            ],
            [
              -120.57031848186412,
              46.561354477661624
            ],
            [
              -120.57032009928106,
              46.5613575733067
            ],
            [
              -120.5703214441781,
              46.56136072939672
            ],
            [
              -120.57032251262945,
              46.56136393603784
            ],
            [
              -120.57032329940172,
              46.56136718063804
            ],
            [
              -120.5703238031766,
              46.56137045240212
            ],
            [
              -120.5703240316778,
              46.5613746815768
            ],
            [
              -120.57031993821164,
              46.5615417559863
            ],
            [
              -120.5703162684953,
              46.56169157729635
            ],
            [
              -120.56966765836896,
              46.56168660418871
            ],
            [
              -120.56904352152681,
              46.561683037694884
            ],
            [
              -120.56841938476767,
              46.56167946869428
            ],
            [
              -120.56779524939364,
              46.561675895386664
            ],
            [
              -120.56717111279731,
              46.5616723186733
            ],
            [
              -120.56654697628312,
              46.56166873855347
            ],
            [
              -120.56592204422023,
              46.561665150987416
            ],
            [
              -120.56561037450263,
              46.561663359965145
            ],
            [
              -120.56529870350235,
              46.56166156899387
            ],
            [
              -120.56518123700563,
              46.56166089288603
            ],
            [
              -120.56501700304173,
              46.56165994906672
            ],
            [
              -120.56501631474156,
              46.561697371830995
            ],
            [
              -120.56440013390484,
              46.56169340750825
            ],
            [
              -120.56378395446335,
              46.561689440764205
            ],
            [
              -120.56255159324046,
              46.56168149641724
            ],
            [
              -120.56243233321214,
              46.56168072760075
            ],
            [
              -120.56231307188177,
              46.561679957761
            ],
            [
              -120.5616962562385,
              46.56167597471647
            ],
            [
              -120.56112976896361,
              46.561672315020495
            ],
            [
              -120.56096777311384,
              46.56167126792533
            ],
            [
              -120.5605632804596,
              46.56166865161928
            ],
            [
              -120.5599431260297,
              46.56166463839516
            ],
            [
              -120.55993902320512,
              46.561886509067776
            ],
            [
              -120.56096375942636,
              46.56188864207494
            ],
            [
              -120.56095584139133,
              46.5623174561166
            ],
            [
              -120.55993109448502,
              46.562315323039996
            ],
            [
              -120.55991534620435,
              46.5631670013642
            ],
            [
              -120.55990773173932,
              46.56355223992673
            ],
            [
              -120.55990556337333,
              46.56366192250937
            ],
            [
              -120.55994569200422,
              46.563662123698556
            ],
            [
              -120.55994576814672,
              46.563731230328365
            ],
            [
              -120.55976736584472,
              46.5637307335246
            ],
            [
              -120.5596633497931,
              46.563730443266905
            ],
            [
              -120.55957952520926,
              46.563730209871885
            ],
            [
              -120.55928181848373,
              46.563729379450926
            ],
            [
              -120.55853633996188,
              46.56372729747924
            ],
            [
              -120.55705258314501,
              46.563723138756394
            ],
            [
              -120.55699072464581,
              46.5637534945197
            ],
            [
              -120.55695072385426,
              46.563789494644475
            ],
            [
              -120.5569187247606,
              46.56384249439176
            ],
            [
              -120.55691272405987,
              46.56389049436591
            ],
            [
              -120.55689872355653,
              46.56364649399923
            ],
            [
              -120.55282372256437,
              46.56363049517032
            ],
            [
              -120.55282172131122,
              46.56125749484726
            ],
            [
              -120.5528027214903,
              46.56110949560429
            ],
            [
              -120.55280172112985,
              46.5607694946059
            ],
            [
              -120.55262472140336,
              46.561096495658354
            ],
            [
              -120.55259272190523,
              46.561154495443404
            ],
            [
              -120.55252972174804,
              46.5611974949916
            ],
            [
              -120.55250372107113,
              46.5612154947889
            ],
            [
              -120.55246572177803,
              46.561238495013214
            ],
            [
              -120.55229272126313,
              46.561345494669794
            ],
            [
              -120.5522137217101,
              46.56139349538502
            ],
            [
              -120.55193472150722,
              46.5615474953413
            ],
            [
              -120.55166772109921,
              46.56168549588804
            ],
            [
              -120.55145572110283,
              46.56173149586172
            ],
            [
              -120.55122072212266,
              46.56176249577357
            ],
            [
              -120.55106572217697,
              46.561787495643856
            ],
            [
              -120.55083072181732,
              46.56182449550415
            ],
            [
              -120.55042872101006,
              46.5619174952725
            ],
            [
              -120.5503277210913,
              46.56189849570724
            ],
            [
              -120.5499107207746,
              46.561822495930784
            ],
            [
              -120.54972472037588,
              46.561804495537714
            ],
            [
              -120.54946472015256,
              46.561499495801
            ],
            [
              -120.54931572031364,
              46.56148749657564
            ],
            [
              -120.54666671887094,
              46.56115449601418
            ],
            [
              -120.54624756807272,
              46.56111827493452
            ],
            [
              -120.54617083404419,
              46.56110911138788
            ],
            [
              -120.54616907079304,
              46.56060665944919
            ],
            [
              -120.54616091677208,
              46.55828255530422
            ],
            [
              -120.54615957674702,
              46.55790058495342
            ],
            [
              -120.5461592773384,
              46.5578151503573
            ],
            [
              -120.54136573906868,
              46.557808519024306
            ],
            [
              -120.5324581003042,
              46.55783159716253
            ],
            [
              -120.52854722862281,
              46.55783698931496
            ],
            [
              -120.52842738195902,
              46.557754703593616
            ],
            [
              -120.5284231651163,
              46.55716481529417
            ],
            [
              -120.52828612536665,
              46.55716484027741
            ],
            [
              -120.52814954338481,
              46.557164855087464
            ],
            [
              -120.52816195556314,
              46.55788080847157
            ],
            [
              -120.52708114790627,
              46.55789029827597
            ],
            [
              -120.52707822624538,
              46.558146699346985
            ],
            [
              -120.52715899873782,
              46.55814575983713
            ],
            [
              -120.5271589782081,
              46.55810462724669
            ],
            [
              -120.52761969156829,
              46.558103164707596
            ],
            [
              -120.52802508915106,
              46.55810187582124
            ],
            [
              -120.52806525361184,
              46.55812916894589
            ],
            [
              -120.52806709181185,
              46.55822379955372
            ],
            [
              -120.52808375365404,
              46.55908125076242
            ],
            [
              -120.52804364037547,
              46.559081260606334
            ],
            [
              -120.5280529450794,
              46.5598406637497
            ],
            [
              -120.52809751846834,
              46.55984372785441
            ],
            [
              -120.52811278529047,
              46.56118001651346
            ],
            [
              -120.52811806108916,
              46.56164177152962
            ],
            [
              -120.52692063624384,
              46.56165068743117
            ],
            [
              -120.52670441079914,
              46.56165229634083
            ],
            [
              -120.52432476514589,
              46.56166665865123
            ],
            [
              -120.5232900283713,
              46.561671084473765
            ],
            [
              -120.52308954966121,
              46.56167281109239
            ],
            [
              -120.52299637182867,
              46.561673725930234
            ],
            [
              -120.52296645560368,
              46.56012700675786
            ],
            [
              -120.52187021266425,
              46.560134698750645
            ],
            [
              -120.52117364428116,
              46.56013958095685
            ],
            [
              -120.52117490569543,
              46.56018698485252
            ],
            [
              -120.52050616984019,
              46.560188816975874
            ],
            [
              -120.52047217203268,
              46.56360503579643
            ],
            [
              -120.52047251968352,
              46.56366581151489
            ],
            [
              -120.52047080349514,
              46.56375338673954
            ],
            [
              -120.52046687249067,
              46.56384092727241
            ],
            [
              -120.5204607266499,
              46.56392840792274
            ],
            [
              -120.52045236725587,
              46.5640157999007
            ],
            [
              -120.52044179820169,
              46.56410307891433
            ],
            [
              -120.52042902337956,
              46.564190217072756
            ],
            [
              -120.52041404407358,
              46.56427718828477
            ],
            [
              -120.52039683293704,
              46.56436414099866
            ],
            [
              -120.52036741378012,
              46.564491959434655
            ],
            [
              -120.52030304274699,
              46.56474992378384
            ],
            [
              -120.52035162548775,
              46.56488555899246
            ],
            [
              -120.52167223186473,
              46.56521181901101
            ],
            [
              -120.52532684303343,
              46.566128304024765
            ],
            [
              -120.52547559935647,
              46.5660780194753
            ],
            [
              -120.52571730329562,
              46.56553295380595
            ],
            [
              -120.52571914545015,
              46.56552816629057
            ],
            [
              -120.52597819439731,
              46.565595622873836
            ],
            [
              -120.52595615162936,
              46.56567000292946
            ],
            [
              -120.52581305742402,
              46.565991323468275
            ],
            [
              -120.52603138270992,
              46.566293867149724
            ],
            [
              -120.528523264259,
              46.56691955350717
            ],
            [
              -120.5285288662234,
              46.56692096457893
            ],
            [
              -120.52853446427848,
              46.566922382848645
            ],
            [
              -120.52854005842438,
              46.56692380831636
            ],
            [
              -120.52854564866149,
              46.56692524188176
            ],
            [
              -120.52855123498895,
              46.566926681745464
            ],
            [
              -120.52855681740814,
              46.56692813060649
            ],
            [
              -120.52856239461322,
              46.566929585766175
            ],
            [
              -120.52856796921398,
              46.566931049023246
            ],
            [
              -120.52857353860102,
              46.566932519478584
            ],
            [
              -120.52857910407893,
              46.56693399713195
            ],
            [
              -120.52858466564761,
              46.56693548198328
            ],
            [
              -120.52859022330759,
              46.56693697493231
            ],
            [
              -120.52859577575387,
              46.566938475079645
            ],
            [
              -120.52860132559546,
              46.56693998242467
            ],
            [
              -120.52860687022385,
              46.5669414978677
            ],
            [
              -120.52861240963861,
              46.56694302050906
            ],
            [
              -120.52861794644807,
              46.56694454944835
            ],
            [
              -120.52862347804493,
              46.566946087385375
            ],
            [
              -120.52862900573216,
              46.566947631620714
            ],
            [
              -120.52863452820571,
              46.56694918305442
            ],
            [
              -120.52864004677053,
              46.56695074258576
            ],
            [
              -120.52864556142616,
              46.566952309315134
            ],
            [
              -120.52865107217261,
              46.56695388324249
            ],
            [
              -120.5286565777055,
              46.566955464368164
            ],
            [
              -120.52866207802515,
              46.56695705359187
            ],
            [
              -120.52866757443525,
              46.56695864911389
            ],
            [
              -120.52867306693658,
              46.566960252733615
            ],
            [
              -120.52867855422437,
              46.56696186355165
            ],
            [
              -120.52868403760293,
              46.56696348156772
            ],
            [
              -120.52868951576787,
              46.56696510678211
            ],
            [
              -120.52869499002362,
              46.56696673919448
            ],
            [
              -120.52870045906583,
              46.56696837880526
            ],
            [
              -120.52870592419934,
              46.5669700265137
            ],
            [
              -120.5287113841188,
              46.56697168052078
            ],
            [
              -120.52871684012949,
              46.56697334262558
            ],
            [
              -120.52872229092665,
              46.56697501192867
            ],
            [
              -120.52872773651022,
              46.56697668843013
            ],
            [
              -120.52873317818464,
              46.56697837212963
            ],
            [
              -120.52873861464543,
              46.566980063027465
            ],
            [
              -120.52874404719707,
              46.56698176112329
            ],
            [
              -120.52874947453516,
              46.56698346641748
            ],
            [
              -120.52875489665965,
              46.56698517891002
            ],
            [
              -120.52876031357052,
              46.5669868986009
            ],
            [
              -120.5287657265723,
              46.566988625489785
            ],
            [
              -120.52877113436094,
              46.56699036047671
            ],
            [
              -120.52877653693552,
              46.566992101762295
            ],
            [
              -120.52878193560102,
              46.566993850245936
            ],
            [
              -120.52878732905288,
              46.56699560592787
            ],
            [
              -120.52879271729165,
              46.56699736970792
            ],
            [
              -120.52879810031641,
              46.566999139786546
            ],
            [
              -120.5288034781276,
              46.5670009170636
            ],
            [
              -120.52880885202966,
              46.56700270153864
            ],
            [
              -120.52881421941416,
              46.56700449411203
            ],
            [
              -120.5288195828891,
              46.56700629298378
            ],
            [
              -120.52882494115042,
              46.56700809905394
            ],
            [
              -120.52883029419824,
              46.56700991232238
            ],
            [
              -120.52883564203248,
              46.56701173278919
            ],
            [
              -120.52884098465317,
              46.56701356045442
            ],
            [
              -120.52884632206025,
              46.567015395317966
            ],
            [
              -120.52885165555779,
              46.567017236479884
            ],
            [
              -120.52885698253777,
              46.56701908574012
            ],
            [
              -120.52886230430428,
              46.567020942198795
            ],
            [
              -120.52886762216113,
              46.567022804955776
            ],
            [
              -120.52887293350003,
              46.56702467491146
            ],
            [
              -120.52887823962581,
              46.56702655296519
            ],
            [
              -120.5288835405376,
              46.567028437317596
            ],
            [
              -120.52888883754036,
              46.56703032886806
            ],
            [
              -120.52889412802453,
              46.567032226717565
            ],
            [
              -120.52889941329576,
              46.56703413266503
            ],
            [
              -120.52890469335337,
              46.56703604581092
            ],
            [
              -120.52890996689258,
              46.56703796525583
            ],
            [
              -120.52891523652265,
              46.567039891898794
            ],
            [
              -120.52892049963476,
              46.56704182574045
            ],
            [
              -120.52892575883783,
              46.567043766780145
            ],
            [
              -120.52893218574486,
              46.56704615105745
            ],
            [
              -120.52897929836665,
              46.5670640387996
            ],
            [
              -120.52902594955016,
              46.56708248982758
            ],
            [
              -120.52907212755451,
              46.56710150054638
            ],
            [
              -120.52911781802813,
              46.56712106376287
            ],
            [
              -120.52916300662007,
              46.56714117408335
            ],
            [
              -120.52920767897855,
              46.56716182431476
            ],
            [
              -120.52925182205743,
              46.56718300996277
            ],
            [
              -120.5292954228093,
              46.567204723833925
            ],
            [
              -120.52933846688192,
              46.5672269587354
            ],
            [
              -120.52938094253321,
              46.56724970927265
            ],
            [
              -120.52942283540969,
              46.56727296645359
            ],
            [
              -120.52946413376911,
              46.56729672488378
            ],
            [
              -120.52950482456293,
              46.567320976470306
            ],
            [
              -120.52954489474375,
              46.56734571491953
            ],
            [
              -120.52958433387124,
              46.567370931238194
            ],
            [
              -120.52962312889728,
              46.56739661823305
            ],
            [
              -120.52966126677364,
              46.567422768710834
            ],
            [
              -120.52969873836476,
              46.567449374577585
            ],
            [
              -120.52973553062138,
              46.56747642684074
            ],
            [
              -120.52977163310327,
              46.56750391740672
            ],
            [
              -120.52980703537081,
              46.56753183908159
            ],
            [
              -120.52984172437432,
              46.567560182872796
            ],
            [
              -120.52987569097702,
              46.56758893888712
            ],
            [
              -120.52990892473902,
              46.567618099930556
            ],
            [
              -120.52994141652364,
              46.567647657009545
            ],
            [
              -120.52997315458511,
              46.567677600231555
            ],
            [
              -120.53000412978655,
              46.567707920602956
            ],
            [
              -120.53003433429582,
              46.56773860912979
            ],
            [
              -120.53006375636707,
              46.56776965681911
            ],
            [
              -120.53009238947196,
              46.56780105377703
            ],
            [
              -120.53012022316888,
              46.56783279101027
            ],
            [
              -120.53014724962497,
              46.56786485862511
            ],
            [
              -120.53017345970196,
              46.56789724582862
            ],
            [
              -120.53020557366784,
              46.56793884310194
            ],
            [
              -120.5302346796686,
              46.56794064733001
            ],
            [
              -120.53039839624275,
              46.56835324450298
            ],
            [
              -120.53026548418326,
              46.56837879415115
            ]
          ]
        ]
      },
      "properties": {
        "feature_id": 3,
        "council_district": 3
      }
    },
    {
      "type": "Feature",
      "id": 4,
      "geometry": {
        "type": "Polygon",
        "coordinates": [
          [
            [
              -120.50952818085119,
              46.57065036207419
            ],
            [
              -120.50953071158001,
              46.57073950568336
            ],
            [
              -120.50952071210988,
              46.57111050604787
            ],
            [
              -120.509520711488,
              46.57118150549733
            ],
            [
              -120.50952085321198,
              46.57127573688043
            ],
            [
              -120.50952271172669,
              46.57251050604109
            ],
            [
              -120.50952371307577,
              46.57295450565022
            ],
            [
              -120.50952371215725,
              46.573068506161604
            ],
            [
              -120.50952371236075,
              46.57341250582842
            ],
            [
              -120.50952471223684,
              46.57352750577048
            ],
            [
              -120.50952471259593,
              46.573693505756054
            ],
            [
              -120.50952571300071,
              46.574191505601
            ],
            [
              -120.50952671269334,
              46.574357506384025
            ],
            [
              -120.5092627128584,
              46.574354505203
            ],
            [
              -120.50847371282428,
              46.5743455058787
            ],
            [
              -120.50821071258717,
              46.57434350621666
            ],
            [
              -120.50794371229412,
              46.57434050580518
            ],
            [
              -120.50714471155683,
              46.574331507003855
            ],
            [
              -120.50687871201605,
              46.574328505843184
            ],
            [
              -120.50687671239344,
              46.57469250590657
            ],
            [
              -120.50687471340049,
              46.575784506618795
            ],
            [
              -120.50687471255038,
              46.57614950689272
            ],
            [
              -120.50686971367219,
              46.576515506966324
            ],
            [
              -120.50685671436148,
              46.57761550687118
            ],
            [
              -120.5068527134455,
              46.57798250631349
            ],
            [
              -120.506885713178,
              46.578199506811316
            ],
            [
              -120.50688571338937,
              46.578345507222416
            ],
            [
              -120.50688871349897,
              46.57944250725197
            ],
            [
              -120.5068907143397,
              46.579808506695834
            ],
            [
              -120.50688871408961,
              46.58016850742684
            ],
            [
              -120.50688571441366,
              46.58125050744741
            ],
            [
              -120.5068857144358,
              46.58161150658945
            ],
            [
              -120.50688171565179,
              46.581975507212846
            ],
            [
              -120.5068737156352,
              46.583067507803726
            ],
            [
              -120.5068707162872,
              46.58343250779536
            ],
            [
              -120.50686771546778,
              46.583796507342775
            ],
            [
              -120.50686271751445,
              46.58488950782509
            ],
            [
              -120.50686071621774,
              46.58525450763998
            ],
            [
              -120.50659971690631,
              46.58525050781152
            ],
            [
              -120.50581871695839,
              46.585238508250534
            ],
            [
              -120.50555871612809,
              46.585235508216286
            ],
            [
              -120.50529471710863,
              46.58523150825524
            ],
            [
              -120.50502971598837,
              46.585227508628655
            ],
            [
              -120.50450371509078,
              46.585225508101
            ],
            [
              -120.50424071596149,
              46.585224508729546
            ],
            [
              -120.5040867164992,
              46.58522350851259
            ],
            [
              -120.50362771549821,
              46.58522150874296
            ],
            [
              -120.50347471564962,
              46.58522150899077
            ],
            [
              -120.50340271550478,
              46.58522050803388
            ],
            [
              -120.50331071575219,
              46.58522150845299
            ],
            [
              -120.50318871586107,
              46.585224508679524
            ],
            [
              -120.5030737155025,
              46.58523150847143
            ],
            [
              -120.50294471522056,
              46.58523950892923
            ],
            [
              -120.50264371607828,
              46.58527450850462
            ],
            [
              -120.50240671554072,
              46.585315508484356
            ],
            [
              -120.50194271494384,
              46.585425508680984
            ],
            [
              -120.50189271511931,
              46.58543550832594
            ],
            [
              -120.5015007160582,
              46.58551550909208
            ],
            [
              -120.50134271586016,
              46.58554650879562
            ],
            [
              -120.50087171543979,
              46.585641508313806
            ],
            [
              -120.50082071439209,
              46.585652509717335
            ],
            [
              -120.50071471408158,
              46.585674508882455
            ],
            [
              -120.50067371484315,
              46.58568250889603
            ],
            [
              -120.50055071445583,
              46.58570750926916
            ],
            [
              -120.50051071471678,
              46.58571650964004
            ],
            [
              -120.50047771432241,
              46.58572250870646
            ],
            [
              -120.50037971525882,
              46.58574250938532
            ],
            [
              -120.50034771568511,
              46.585749508831455
            ],
            [
              -120.50071271458464,
              46.5864415093183
            ],
            [
              -120.50115671593665,
              46.58732350936667
            ],
            [
              -120.50144571612937,
              46.58789850928974
            ],
            [
              -120.50196471751639,
              46.58899950881252
            ],
            [
              -120.50279771740864,
              46.59076750856779
            ],
            [
              -120.50343671901528,
              46.592120509090655
            ],
            [
              -120.5036017194129,
              46.59246950913243
            ],
            [
              -120.50385771852508,
              46.59301050991134
            ],
            [
              -120.50376071891934,
              46.593029509408595
            ],
            [
              -120.50334371929873,
              46.593113508979734
            ],
            [
              -120.50346471957634,
              46.59336650977858
            ],
            [
              -120.5038287203335,
              46.594125509506405
            ],
            [
              -120.50395071959785,
              46.594378509712435
            ],
            [
              -120.50407072021751,
              46.59462650955263
            ],
            [
              -120.50443072097693,
              46.595372509090055
            ],
            [
              -120.5045517205641,
              46.595621508762044
            ],
            [
              -120.5046717204005,
              46.59587250917328
            ],
            [
              -120.50503172152183,
              46.59662750952207
            ],
            [
              -120.50515272171793,
              46.59687950885879
            ],
            [
              -120.50527372192448,
              46.59713350889324
            ],
            [
              -120.5056397220906,
              46.59789550981143
            ],
            [
              -120.5057627225591,
              46.59815050960251
            ],
            [
              -120.50588172172468,
              46.598398509226406
            ],
            [
              -120.50623872312515,
              46.59914250908875
            ],
            [
              -120.50635772283475,
              46.5993915094914
            ],
            [
              -120.50647372270598,
              46.59963850999244
            ],
            [
              -120.5068247229742,
              46.600380510063836
            ],
            [
              -120.50694172440755,
              46.60062850950523
            ],
            [
              -120.50707572433079,
              46.60088050943786
            ],
            [
              -120.5074787238293,
              46.60163850989575
            ],
            [
              -120.50761372479171,
              46.601891509505016
            ],
            [
              -120.5076917237036,
              46.60187250985013
            ],
            [
              -120.50792872498386,
              46.60181650897638
            ],
            [
              -120.50800772496537,
              46.601798509454206
            ],
            [
              -120.50805772420814,
              46.60178750944821
            ],
            [
              -120.50810072473949,
              46.60177750943381
            ],
            [
              -120.5084107247442,
              46.60170450966561
            ],
            [
              -120.5093407248133,
              46.601484509396734
            ],
            [
              -120.50965172540369,
              46.601412509297695
            ],
            [
              -120.50978872492293,
              46.60138150900459
            ],
            [
              -120.51019972515404,
              46.60128850893926
            ],
            [
              -120.51033772536846,
              46.601258508316775
            ],
            [
              -120.51049172556965,
              46.60122350847161
            ],
            [
              -120.51095272536288,
              46.6011195082049
            ],
            [
              -120.51110772610576,
              46.60108550875156
            ],
            [
              -120.51140772489047,
              46.60101750841244
            ],
            [
              -120.51230872614897,
              46.60081550789675
            ],
            [
              -120.51260972590546,
              46.60074850831178
            ],
            [
              -120.51291272620925,
              46.60067750873594
            ],
            [
              -120.51382472677027,
              46.600463508007245
            ],
            [
              -120.5141297263878,
              46.600393508080465
            ],
            [
              -120.51443272533949,
              46.600322508073816
            ],
            [
              -120.51534172527869,
              46.60010950773201
            ],
            [
              -120.51564572637659,
              46.600039507492184
            ],
            [
              -120.51594872617228,
              46.59997150741932
            ],
            [
              -120.5168577262341,
              46.59976750777931
            ],
            [
              -120.51716072691445,
              46.59969950719242
            ],
            [
              -120.51745472671487,
              46.599633507111825
            ],
            [
              -120.51833972739749,
              46.59943450683166
            ],
            [
              -120.51863472707781,
              46.5993695066728
            ],
            [
              -120.51891972677252,
              46.599300506633135
            ],
            [
              -120.51951572708263,
              46.5991575068965
            ],
            [
              -120.51977872696979,
              46.599096506411364
            ],
            [
              -120.5200657270676,
              46.599030506221894
            ],
            [
              -120.52013972705022,
              46.59920050673617
            ],
            [
              -120.52036172753817,
              46.59971150657978
            ],
            [
              -120.52043672693824,
              46.5998825071217
            ],
            [
              -120.52074972830043,
              46.599879506225776
            ],
            [
              -120.52168872906492,
              46.599872506435084
            ],
            [
              -120.52200272830021,
              46.59987150635751
            ],
            [
              -120.52232572881252,
              46.5998685064253
            ],
            [
              -120.52329772908645,
              46.59986150588242
            ],
            [
              -120.52362172883237,
              46.599860506523406
            ],
            [
              -120.52392972868508,
              46.599849506312715
            ],
            [
              -120.52399972938886,
              46.59984750611273
            ],
            [
              -120.52485372971157,
              46.599798505775986
            ],
            [
              -120.52511472925282,
              46.599784505920724
            ],
            [
              -120.52516272905945,
              46.599782505336904
            ],
            [
              -120.52537072911781,
              46.59978050626106
            ],
            [
              -120.52546772906827,
              46.59978050630826
            ],
            [
              -120.52599772885179,
              46.599780505893264
            ],
            [
              -120.52620772991338,
              46.59978150609572
            ],
            [
              -120.52669872976772,
              46.59978150596042
            ],
            [
              -120.5270417300443,
              46.59978250591535
            ],
            [
              -120.52817273015079,
              46.59978850459105
            ],
            [
              -120.52866473067407,
              46.599792504643574
            ],
            [
              -120.52901572997646,
              46.599794505192946
            ],
            [
              -120.53006873195666,
              46.59980050487866
            ],
            [
              -120.5304207304162,
              46.59980350397311
            ],
            [
              -120.53042073096528,
              46.59970650480084
            ],
            [
              -120.53042173035094,
              46.59941650472787
            ],
            [
              -120.53042273124646,
              46.599320504801454
            ],
            [
              -120.53042273142081,
              46.59924150415193
            ],
            [
              -120.53042273101335,
              46.59900750435116
            ],
            [
              -120.53042373152986,
              46.59892950474913
            ],
            [
              -120.53042373113492,
              46.598800503872575
            ],
            [
              -120.53042473102987,
              46.59841350455749
            ],
            [
              -120.53042573096289,
              46.59828550472108
            ],
            [
              -120.5304257309484,
              46.59821550422373
            ],
            [
              -120.53042573071977,
              46.59800750446288
            ],
            [
              -120.53042673102867,
              46.597938504114445
            ],
            [
              -120.53042573030353,
              46.59779450440132
            ],
            [
              -120.53042573085605,
              46.59776050456798
            ],
            [
              -120.53042173083034,
              46.59736450454234
            ],
            [
              -120.53042073068812,
              46.59722150433306
            ],
            [
              -120.53041872930768,
              46.59702450427374
            ],
            [
              -120.53041672999038,
              46.5967635044037
            ],
            [
              -120.5304137302099,
              46.59643350378663
            ],
            [
              -120.53041272917626,
              46.5962375047519
            ],
            [
              -120.53014672909703,
              46.5962385044815
            ],
            [
              -120.52934972830988,
              46.59624350413988
            ],
            [
              -120.52908472975598,
              46.59624550426154
            ],
            [
              -120.52908672942414,
              46.59585550417247
            ],
            [
              -120.5290947287348,
              46.59468750407124
            ],
            [
              -120.52909772850602,
              46.594298504038136
            ],
            [
              -120.52883172797962,
              46.59430050383171
            ],
            [
              -120.52803672771265,
              46.594308504103346
            ],
            [
              -120.52777172730757,
              46.59431150430569
            ],
            [
              -120.5277717281995,
              46.593771503795644
            ],
            [
              -120.52776472620238,
              46.59251850463983
            ],
            [
              -120.52776072624648,
              46.59215550360298
            ],
            [
              -120.52774872721157,
              46.5910675043694
            ],
            [
              -120.5277447266746,
              46.590705503658384
            ],
            [
              -120.52800772614633,
              46.590705503461976
            ],
            [
              -120.52879672615245,
              46.590708504102835
            ],
            [
              -120.52906072711038,
              46.5907095043526
            ],
            [
              -120.52932472646015,
              46.590707503634064
            ],
            [
              -120.5301167270057,
              46.59070150322099
            ],
            [
              -120.5303817264687,
              46.59070050291903
            ],
            [
              -120.53038072695192,
              46.590518503262516
            ],
            [
              -120.53037772694852,
              46.589974503298464
            ],
            [
              -120.53037772632568,
              46.5897935028735
            ],
            [
              -120.53037672609763,
              46.58960550336735
            ],
            [
              -120.53037472672963,
              46.589044503106635
            ],
            [
              -120.53037472668065,
              46.588857502830415
            ],
            [
              -120.53036972551256,
              46.58707350302143
            ],
            [
              -120.53036872555609,
              46.58599550345776
            ],
            [
              -120.53036872506681,
              46.585251502697204
            ],
            [
              -120.52901372419988,
              46.58525850281308
            ],
            [
              -120.52875872435574,
              46.58525950283912
            ],
            [
              -120.52799572434513,
              46.58526350303691
            ],
            [
              -120.52774172450123,
              46.58526550367104
            ],
            [
              -120.52748272386926,
              46.5852665036222
            ],
            [
              -120.52688072382765,
              46.58527050347983
            ],
            [
              -120.52670772358967,
              46.58526950398867
            ],
            [
              -120.5264497232701,
              46.585269503645996
            ],
            [
              -120.52619772391071,
              46.585266503684224
            ],
            [
              -120.52544272302005,
              46.58526050330802
            ],
            [
              -120.5251917229116,
              46.58525950444837
            ],
            [
              -120.52492572286896,
              46.58525750338795
            ],
            [
              -120.52412772244404,
              46.58525350363472
            ],
            [
              -120.52386272244087,
              46.58525250391106
            ],
            [
              -120.52359672204612,
              46.585252504200625
            ],
            [
              -120.52280272201466,
              46.58525350458021
            ],
            [
              -120.52253772286572,
              46.58525450442789
            ],
            [
              -120.52227472105392,
              46.585254503751834
            ],
            [
              -120.52148572214573,
              46.58525450529213
            ],
            [
              -120.52122372156039,
              46.585255504231924
            ],
            [
              -120.5209677216791,
              46.58525550465018
            ],
            [
              -120.52020072193781,
              46.58525650451121
            ],
            [
              -120.52001572171604,
              46.585257505057044
            ],
            [
              -120.51994572064498,
              46.585257504686176
            ],
            [
              -120.51968072106489,
              46.58525750469266
            ],
            [
              -120.51888572102085,
              46.58525750462801
            ],
            [
              -120.51862172097228,
              46.58525750471545
            ],
            [
              -120.51857672121612,
              46.585257504833095
            ],
            [
              -120.51844272147822,
              46.5852575049188
            ],
            [
              -120.5183987199478,
              46.58525750480558
            ],
            [
              -120.51818572075426,
              46.585257505570716
            ],
            [
              -120.51754972046065,
              46.58525750502704
            ],
            [
              -120.51733771981203,
              46.585258505380516
            ],
            [
              -120.5173377195958,
              46.58489350567846
            ],
            [
              -120.51733772025163,
              46.58379850553231
            ],
            [
              -120.51733772035402,
              46.583434505258055
            ],
            [
              -120.51733871994703,
              46.5830705057088
            ],
            [
              -120.51734171928292,
              46.58198050506534
            ],
            [
              -120.51734371860483,
              46.581617504793584
            ],
            [
              -120.51734471844304,
              46.58125450465033
            ],
            [
              -120.51734871861967,
              46.580165504830525
            ],
            [
              -120.51735071814726,
              46.579803504865325
            ],
            [
              -120.51735271796737,
              46.57944250529891
            ],
            [
              -120.51735971731027,
              46.5783615053561
            ],
            [
              -120.51736171661838,
              46.57815050510683
            ],
            [
              -120.51737271740602,
              46.57807150519474
            ],
            [
              -120.51740171764686,
              46.578008504796195
            ],
            [
              -120.51766371731155,
              46.57800750470668
            ],
            [
              -120.51844871786906,
              46.57800750406352
            ],
            [
              -120.51871171855672,
              46.57800750453302
            ],
            [
              -120.51897171713799,
              46.57800750399606
            ],
            [
              -120.51975571830154,
              46.5780075044455
            ],
            [
              -120.52001671795365,
              46.578008503581636
            ],
            [
              -120.52122471844586,
              46.57800950308045
            ],
            [
              -120.52227271843711,
              46.57800950356928
            ],
            [
              -120.52253471843545,
              46.578009503540734
            ],
            [
              -120.52273571996307,
              46.5780095033555
            ],
            [
              -120.52390071991489,
              46.57800950340232
            ],
            [
              -120.52458871894927,
              46.578009503339004
            ],
            [
              -120.52522871979936,
              46.57800450312493
            ],
            [
              -120.52546171935566,
              46.57800250283993
            ],
            [
              -120.52615972031234,
              46.57799750338595
            ],
            [
              -120.5263937196874,
              46.577996502295456
            ],
            [
              -120.52665272045584,
              46.57799450257909
            ],
            [
              -120.52742872064205,
              46.57798850285074
            ],
            [
              -120.52768872124143,
              46.577987502770206
            ],
            [
              -120.52794671991403,
              46.577985502165774
            ],
            [
              -120.52872172043637,
              46.57797950200684
            ],
            [
              -120.52898072157353,
              46.577978501939505
            ],
            [
              -120.52924972135148,
              46.57797650190635
            ],
            [
              -120.53005572117179,
              46.577970501872464
            ],
            [
              -120.53032572157335,
              46.577968501745026
            ],
            [
              -120.53032472185848,
              46.57771050199783
            ],
            [
              -120.5303247207139,
              46.57693850183698
            ],
            [
              -120.53032472095283,
              46.576681501301174
            ],
            [
              -120.53032572058362,
              46.57641050177515
            ],
            [
              -120.53032771992497,
              46.57603250176993
            ],
            [
              -120.53032772102995,
              46.57592450204357
            ],
            [
              -120.53032872071988,
              46.57559750132112
            ],
            [
              -120.53033072021614,
              46.57532750100191
            ],
            [
              -120.53033072065475,
              46.57516450141958
            ],
            [
              -120.53033172055929,
              46.574676501903205
            ],
            [
              -120.5303327195807,
              46.57451450156068
            ],
            [
              -120.53033272063367,
              46.57431050082314
            ],
            [
              -120.53033471963221,
              46.57370050158261
            ],
            [
              -120.53033571924537,
              46.57349750097436
            ],
            [
              -120.53033571984824,
              46.57333950165507
            ],
            [
              -120.5303367190962,
              46.572864501184746
            ],
            [
              -120.53033771824893,
              46.57270750110658
            ],
            [
              -120.53033771839615,
              46.57234050064435
            ],
            [
              -120.53033971850058,
              46.57124150123413
            ],
            [
              -120.53034171902978,
              46.57087550147178
            ],
            [
              -120.53033997432544,
              46.570755214540696
            ],
            [
              -120.52962562943304,
              46.57075735495593
            ],
            [
              -120.52931887355955,
              46.57075490324951
            ],
            [
              -120.5288726388941,
              46.570751336246154
            ],
            [
              -120.52887265199229,
              46.570776015747406
            ],
            [
              -120.5286721694923,
              46.570774488172404
            ],
            [
              -120.52546960260585,
              46.570750043915
            ],
            [
              -120.52515981583342,
              46.5707290936923
            ],
            [
              -120.52448806412707,
              46.57071471714837
            ],
            [
              -120.52173441070059,
              46.57070058565407
            ],
            [
              -120.52173473082698,
              46.57072800636469
            ],
            [
              -120.52025581131899,
              46.57071707073944
            ],
            [
              -120.51993621822616,
              46.57070726750122
            ],
            [
              -120.51879704120081,
              46.57070746037378
            ],
            [
              -120.51859822149468,
              46.57068007030209
            ],
            [
              -120.51742127133804,
              46.57068025560708
            ],
            [
              -120.51732701320304,
              46.570688448742935
            ],
            [
              -120.51491160995784,
              46.5706711395608
            ],
            [
              -120.5146256445639,
              46.57065105735932
            ],
            [
              -120.50988770148558,
              46.57065135897848
            ],
            [
              -120.50967666147965,
              46.570651368027576
            ],
            [
              -120.50952818085119,
              46.57065036207419
            ]
          ]
        ]
      },
      "properties": {
        "feature_id": 4,
        "council_district": 4
      }
    },
    {
      "type": "Feature",
      "id": 5,
      "geometry": {
        "type": "Polygon",
        "coordinates": [
          [
            [
              -120.57007475730164,
              46.629048499780374
            ],
            [
              -120.57007575717007,
              46.62883750018302
            ],
            [
              -120.57007775735951,
              46.62870649972521
            ],
            [
              -120.57007775711034,
              46.62840149967723
            ],
            [
              -120.57007975771027,
              46.62808349931296
            ],
            [
              -120.57007975645726,
              46.62783949924792
            ],
            [
              -120.57008075686872,
              46.62711049961096
            ],
            [
              -120.56995675582466,
              46.62705649914017
            ],
            [
              -120.56964875689916,
              46.62686549999296
            ],
            [
              -120.56954675649722,
              46.62677349966871
            ],
            [
              -120.56944175692388,
              46.62667949934472
            ],
            [
              -120.56935175582043,
              46.6266204998124
            ],
            [
              -120.56897975493324,
              46.62646149955375
            ],
            [
              -120.56863675597643,
              46.6262885001016
            ],
            [
              -120.5683927560008,
              46.62613949992975
            ],
            [
              -120.56798875522989,
              46.625878500354986
            ],
            [
              -120.56769975538198,
              46.62573350007485
            ],
            [
              -120.56650275427228,
              46.6250075000304
            ],
            [
              -120.56646575423106,
              46.62498549981839
            ],
            [
              -120.56640875514066,
              46.624952500347426
            ],
            [
              -120.56635375398022,
              46.624858500540434
            ],
            [
              -120.56632175539518,
              46.62483650008167
            ],
            [
              -120.56602175454348,
              46.62462349986673
            ],
            [
              -120.56574075415112,
              46.62442550045518
            ],
            [
              -120.56566275413908,
              46.62435850039515
            ],
            [
              -120.56529275365446,
              46.62362649987632
            ],
            [
              -120.5649207527962,
              46.62298350007125
            ],
            [
              -120.56486775261922,
              46.62289049969739
            ],
            [
              -120.5663377537067,
              46.62347850001727
            ],
            [
              -120.56635675355638,
              46.62348650041579
            ],
            [
              -120.56839875528945,
              46.62430949944218
            ],
            [
              -120.57104875680191,
              46.625392498828546
            ],
            [
              -120.5710687569807,
              46.62540149913563
            ],
            [
              -120.57261575697483,
              46.62603949856942
            ],
            [
              -120.57268375739226,
              46.62606749938976
            ],
            [
              -120.57273175716561,
              46.62608649925807
            ],
            [
              -120.57272375708772,
              46.62575049940498
            ],
            [
              -120.57272475635548,
              46.625598498865685
            ],
            [
              -120.57272375697828,
              46.62554549916574
            ],
            [
              -120.57271975677881,
              46.62533049912119
            ],
            [
              -120.57286175719638,
              46.62541149903297
            ],
            [
              -120.57325975660017,
              46.6256394986253
            ],
            [
              -120.57396875781653,
              46.626047498532415
            ],
            [
              -120.57448275737497,
              46.626328498349466
            ],
            [
              -120.57481075732095,
              46.62649449890025
            ],
            [
              -120.57501175782458,
              46.626596498637745
            ],
            [
              -120.5750427575382,
              46.62661149892145
            ],
            [
              -120.57527975875833,
              46.626726497954195
            ],
            [
              -120.57565775792672,
              46.626897498538824
            ],
            [
              -120.57589275767242,
              46.62700349839766
            ],
            [
              -120.57604375888971,
              46.62706449810062
            ],
            [
              -120.5772167590473,
              46.62753649834229
            ],
            [
              -120.57738975924515,
              46.62760549822948
            ],
            [
              -120.57760875967081,
              46.62769449744252
            ],
            [
              -120.57771775993638,
              46.62773849837375
            ],
            [
              -120.57777675918106,
              46.627762497920436
            ],
            [
              -120.57793175948174,
              46.62782449822217
            ],
            [
              -120.57804475917649,
              46.62787049784538
            ],
            [
              -120.57815476046419,
              46.62791449857693
            ],
            [
              -120.57846676000534,
              46.628039497887244
            ],
            [
              -120.57940576085733,
              46.62841749795987
            ],
            [
              -120.5795957604027,
              46.62849449771717
            ],
            [
              -120.57961276053655,
              46.62850149778713
            ],
            [
              -120.57971876012932,
              46.628543498068794
            ],
            [
              -120.5799967598777,
              46.628489497777935
            ],
            [
              -120.5800727602997,
              46.628476497758705
            ],
            [
              -120.58021376057516,
              46.62845349751905
            ],
            [
              -120.58033776114009,
              46.62841949729157
            ],
            [
              -120.58044076135712,
              46.62839349789795
            ],
            [
              -120.58069676054882,
              46.62831149798804
            ],
            [
              -120.58092576155694,
              46.628205497673164
            ],
            [
              -120.5810807615571,
              46.62810649733922
            ],
            [
              -120.5811107612456,
              46.62808849744012
            ],
            [
              -120.58137076093479,
              46.6278924973393
            ],
            [
              -120.58141976051215,
              46.62785749751846
            ],
            [
              -120.58156576024713,
              46.627754496768006
            ],
            [
              -120.58161576138946,
              46.627720497461794
            ],
            [
              -120.58156076000098,
              46.62766749765028
            ],
            [
              -120.58151176043879,
              46.6276204969195
            ],
            [
              -120.58119775982996,
              46.62731649717805
            ],
            [
              -120.58110075937245,
              46.62722049744344
            ],
            [
              -120.58074976074884,
              46.62689049750777
            ],
            [
              -120.5793087581813,
              46.62553549708863
            ],
            [
              -120.57926275869336,
              46.6254924976552
            ],
            [
              -120.5794507592686,
              46.62548749752837
            ],
            [
              -120.58004975915183,
              46.625468497065015
            ],
            [
              -120.5799207596502,
              46.62536649729373
            ],
            [
              -120.57987875911302,
              46.62534449680801
            ],
            [
              -120.5798407587039,
              46.62532449704403
            ],
            [
              -120.57970275844845,
              46.625252497723764
            ],
            [
              -120.57961675907941,
              46.62511349733354
            ],
            [
              -120.57949475894466,
              46.62501849690558
            ],
            [
              -120.57933075856509,
              46.624871497634814
            ],
            [
              -120.5792437575083,
              46.624481497204236
            ],
            [
              -120.57913375891196,
              46.624319497221244
            ],
            [
              -120.57904475885921,
              46.624187497752715
            ],
            [
              -120.5789317575896,
              46.62406649772468
            ],
            [
              -120.57889775854045,
              46.624058497154905
            ],
            [
              -120.57878175786983,
              46.62405149766651
            ],
            [
              -120.57864175821008,
              46.624074497281114
            ],
            [
              -120.57848075775982,
              46.624035497145904
            ],
            [
              -120.57827975716661,
              46.623988497436955
            ],
            [
              -120.57807975740042,
              46.62387349732364
            ],
            [
              -120.57801975890936,
              46.62379549782969
            ],
            [
              -120.57778875735005,
              46.623600497792
            ],
            [
              -120.57758875764894,
              46.62347649758505
            ],
            [
              -120.57742875746322,
              46.62341649738829
            ],
            [
              -120.57732175717013,
              46.623314497768746
            ],
            [
              -120.57719975702588,
              46.62321749763884
            ],
            [
              -120.57712875739571,
              46.62309949751513
            ],
            [
              -120.57702775776573,
              46.62302749790307
            ],
            [
              -120.57681075654723,
              46.62293749755772
            ],
            [
              -120.57660175790735,
              46.622810497709686
            ],
            [
              -120.57649175618957,
              46.62271249737139
            ],
            [
              -120.57632475726783,
              46.62263249741324
            ],
            [
              -120.57619675707919,
              46.622595498073295
            ],
            [
              -120.57606175657587,
              46.622569497902354
            ],
            [
              -120.57589275610107,
              46.62250849751792
            ],
            [
              -120.57575775723184,
              46.62245249805238
            ],
            [
              -120.57561375714133,
              46.62240149834731
            ],
            [
              -120.5754897573887,
              46.62237849777587
            ],
            [
              -120.57511975628967,
              46.62225449814481
            ],
            [
              -120.57502175622811,
              46.622216498078735
            ],
            [
              -120.57468475564916,
              46.62213949848389
            ],
            [
              -120.57438375591371,
              46.6220454980552
            ],
            [
              -120.57419475595698,
              46.62202549815329
            ],
            [
              -120.57403475652788,
              46.62197549824524
            ],
            [
              -120.57392475569947,
              46.62196949846731
            ],
            [
              -120.57379075565517,
              46.62189749839986
            ],
            [
              -120.57367675530641,
              46.62186149842537
            ],
            [
              -120.57356975570714,
              46.62183549798282
            ],
            [
              -120.57334075526904,
              46.62184749874433
            ],
            [
              -120.57310675585038,
              46.62181449798604
            ],
            [
              -120.57279575569461,
              46.621749498288445
            ],
            [
              -120.57272175454678,
              46.621732498688644
            ],
            [
              -120.5730557551868,
              46.62172749808624
            ],
            [
              -120.57402875487914,
              46.6217134988078
            ],
            [
              -120.57679975676301,
              46.62167349757863
            ],
            [
              -120.5779047574845,
              46.6216794974757
            ],
            [
              -120.57790375708522,
              46.621657497134365
            ],
            [
              -120.57792075657765,
              46.621657497260834
            ],
            [
              -120.5779017573517,
              46.62129449736124
            ],
            [
              -120.57789675658661,
              46.62118349792902
            ],
            [
              -120.57791575551502,
              46.620207497710595
            ],
            [
              -120.5779237562475,
              46.6198454968457
            ],
            [
              -120.57268375449449,
              46.61982749770893
            ],
            [
              -120.57268175384377,
              46.61969349827589
            ],
            [
              -120.57267875358646,
              46.61932849810713
            ],
            [
              -120.5726667532833,
              46.61804549778902
            ],
            [
              -120.57260275384574,
              46.618045497911794
            ],
            [
              -120.57155175273648,
              46.6180484987467
            ],
            [
              -120.57136475378653,
              46.61804949803486
            ],
            [
              -120.57134575340046,
              46.61724149829639
            ],
            [
              -120.57133975348555,
              46.61679049827088
            ],
            [
              -120.57225475313355,
              46.616515498400666
            ],
            [
              -120.57238175234698,
              46.61647049753882
            ],
            [
              -120.57265175195484,
              46.61638549721006
            ],
            [
              -120.5726477516718,
              46.6152094978018
            ],
            [
              -120.57238075209594,
              46.615212498151344
            ],
            [
              -120.57134475211637,
              46.615210498152415
            ],
            [
              -120.5713177514353,
              46.61484349738065
            ],
            [
              -120.57175375157824,
              46.614846497853726
            ],
            [
              -120.5717557514215,
              46.61455649749485
            ],
            [
              -120.57175575196979,
              46.614504497467166
            ],
            [
              -120.57133375146826,
              46.61447949802608
            ],
            [
              -120.57131675160394,
              46.614478497407
            ],
            [
              -120.57031575132424,
              46.61445649756235
            ],
            [
              -120.57006675145969,
              46.61445149792522
            ],
            [
              -120.57002975042586,
              46.61444149751739
            ],
            [
              -120.57039975010944,
              46.614117498409165
            ],
            [
              -120.57046375057487,
              46.614070497964235
            ],
            [
              -120.57053475137411,
              46.61402049821979
            ],
            [
              -120.57063875143216,
              46.61396149772
            ],
            [
              -120.5707547519362,
              46.613908498500564
            ],
            [
              -120.57086675196535,
              46.61386649811729
            ],
            [
              -120.57154775082574,
              46.61366449788269
            ],
            [
              -120.5716697515206,
              46.61361849779264
            ],
            [
              -120.57178275146828,
              46.613567497538526
            ],
            [
              -120.57190475140143,
              46.61350149787509
            ],
            [
              -120.57199875102359,
              46.61343849805121
            ],
            [
              -120.57203575106574,
              46.613414497177104
            ],
            [
              -120.57230975114041,
              46.61324649743912
            ],
            [
              -120.57239875075054,
              46.613176497529594
            ],
            [
              -120.57247175052434,
              46.613098497155455
            ],
            [
              -120.57248875186012,
              46.61307349758127
            ],
            [
              -120.57250575054026,
              46.61304749759003
            ],
            [
              -120.57251475190994,
              46.61303649720783
            ],
            [
              -120.5725277503723,
              46.61300949753187
            ],
            [
              -120.57263175118646,
              46.61302349768922
            ],
            [
              -120.57263575090852,
              46.61305149780375
            ],
            [
              -120.57263475053168,
              46.61329549738471
            ],
            [
              -120.57263475159213,
              46.61337249702704
            ],
            [
              -120.57304975072189,
              46.61317049707234
            ],
            [
              -120.5730737513341,
              46.613192497203116
            ],
            [
              -120.57310575145517,
              46.61322549769583
            ],
            [
              -120.57361575248298,
              46.61312049691535
            ],
            [
              -120.57357775172082,
              46.613057496937074
            ],
            [
              -120.5745617519789,
              46.61276849656306
            ],
            [
              -120.5747097520081,
              46.61270849744759
            ],
            [
              -120.57482375222646,
              46.61258049657069
            ],
            [
              -120.57503175245093,
              46.612298496756935
            ],
            [
              -120.57510475143664,
              46.612189497079605
            ],
            [
              -120.57522275221588,
              46.61217649695086
            ],
            [
              -120.57547475222232,
              46.61203449687323
            ],
            [
              -120.57603075119613,
              46.61168749635993
            ],
            [
              -120.5759897515358,
              46.61167049671617
            ],
            [
              -120.57592875244782,
              46.61163449701778
            ],
            [
              -120.5758687522404,
              46.61159949704094
            ],
            [
              -120.57580175170999,
              46.61154649687334
            ],
            [
              -120.57577275177705,
              46.61152249618591
            ],
            [
              -120.57569775150326,
              46.61144149589158
            ],
            [
              -120.5754607509907,
              46.611234496917625
            ],
            [
              -120.57534575098285,
              46.611133496430966
            ],
            [
              -120.57528175130365,
              46.61115949718831
            ],
            [
              -120.5752587518443,
              46.61116849626809
            ],
            [
              -120.57515975050292,
              46.61121149645586
            ],
            [
              -120.57501875130843,
              46.611255496617794
            ],
            [
              -120.57498175148876,
              46.611262496786686
            ],
            [
              -120.57488675067623,
              46.61128149671852
            ],
            [
              -120.57476075184279,
              46.61131549697759
            ],
            [
              -120.57438375068078,
              46.61142049662331
            ],
            [
              -120.57425875134484,
              46.611456496511636
            ],
            [
              -120.57392775076482,
              46.61154749765555
            ],
            [
              -120.57299775091413,
              46.61180649702313
            ],
            [
              -120.572935751499,
              46.611819496974434
            ],
            [
              -120.57289575107562,
              46.61182949692959
            ],
            [
              -120.57278475060204,
              46.61184149699023
            ],
            [
              -120.57259475062394,
              46.61183749722971
            ],
            [
              -120.57259475058079,
              46.61170549716113
            ],
            [
              -120.57259475048188,
              46.611310497352704
            ],
            [
              -120.57259575047617,
              46.611179497053506
            ],
            [
              -120.57259275086426,
              46.61106249702055
            ],
            [
              -120.57258574958271,
              46.61071449688882
            ],
            [
              -120.57258375004447,
              46.61059849662795
            ],
            [
              -120.57258275066822,
              46.610575496679026
            ],
            [
              -120.57258174992481,
              46.61050649736445
            ],
            [
              -120.57258174923963,
              46.610483496781875
            ],
            [
              -120.57335875024081,
              46.61050749634341
            ],
            [
              -120.57403375049607,
              46.610521496706795
            ],
            [
              -120.57432475001907,
              46.61053449616161
            ],
            [
              -120.57444175096666,
              46.61053649653163
            ],
            [
              -120.57485375093334,
              46.61054149621839
            ],
            [
              -120.57491175055468,
              46.610539496125874
            ],
            [
              -120.57491275134522,
              46.61051449585362
            ],
            [
              -120.57491775143515,
              46.610354496107405
            ],
            [
              -120.57493475040826,
              46.609877495880994
            ],
            [
              -120.57494075042976,
              46.6097184967767
            ],
            [
              -120.57512375106937,
              46.609721496817244
            ],
            [
              -120.57558675073699,
              46.60972949581475
            ],
            [
              -120.57561375108904,
              46.60932749668965
            ],
            [
              -120.5761337514645,
              46.60932449620102
            ],
            [
              -120.5761687505408,
              46.60932449630648
            ],
            [
              -120.57617075003357,
              46.609292496033866
            ],
            [
              -120.576184750194,
              46.60891749595232
            ],
            [
              -120.57626475028897,
              46.608919495688525
            ],
            [
              -120.5765807512783,
              46.60893149571863
            ],
            [
              -120.57668675074666,
              46.60893549568847
            ],
            [
              -120.5768177503762,
              46.608936495526656
            ],
            [
              -120.57717775170569,
              46.608939495704384
            ],
            [
              -120.57721375096067,
              46.60894349558341
            ],
            [
              -120.57733175086899,
              46.60898749543643
            ],
            [
              -120.57732975064508,
              46.60909649633948
            ],
            [
              -120.57732675177289,
              46.609261496065
            ],
            [
              -120.5773247513301,
              46.60934649595677
            ],
            [
              -120.57732275156395,
              46.60944849573427
            ],
            [
              -120.57732275177919,
              46.60946149575395
            ],
            [
              -120.57731975087938,
              46.609609496482264
            ],
            [
              -120.57730175074738,
              46.60962749634897
            ],
            [
              -120.57699575146083,
              46.60992949646907
            ],
            [
              -120.576932751652,
              46.61002949592853
            ],
            [
              -120.57684875172811,
              46.61016449614517
            ],
            [
              -120.57681075087123,
              46.6102254957856
            ],
            [
              -120.57741575110823,
              46.61016749585915
            ],
            [
              -120.57754075245636,
              46.6101574961449
            ],
            [
              -120.57755775148946,
              46.610086496430924
            ],
            [
              -120.57762675182187,
              46.609872496338554
            ],
            [
              -120.5776767517827,
              46.60976249575129
            ],
            [
              -120.57779175247735,
              46.60961849618928
            ],
            [
              -120.57789075144383,
              46.60949349552385
            ],
            [
              -120.57796275160541,
              46.60941649628216
            ],
            [
              -120.57849775176246,
              46.60903249596288
            ],
            [
              -120.57852775160048,
              46.6089724962558
            ],
            [
              -120.57854075147847,
              46.60891849541388
            ],
            [
              -120.57856375122047,
              46.60881949593654
            ],
            [
              -120.5785607507746,
              46.60875949547412
            ],
            [
              -120.57863875011996,
              46.6072494950298
            ],
            [
              -120.578389751285,
              46.60724549593684
            ],
            [
              -120.57764374971369,
              46.60723349563246
            ],
            [
              -120.5773957510808,
              46.607230495914955
            ],
            [
              -120.57715975027706,
              46.6072264961517
            ],
            [
              -120.576451750788,
              46.60721549525707
            ],
            [
              -120.57621574891323,
              46.60721249576451
            ],
            [
              -120.57597374988337,
              46.60720749623307
            ],
            [
              -120.57524874931778,
              46.60719549606474
            ],
            [
              -120.57500774915809,
              46.60719149605056
            ],
            [
              -120.57469474971293,
              46.60718549582308
            ],
            [
              -120.5737577490582,
              46.60716749681452
            ],
            [
              -120.5736617488266,
              46.60716649614668
            ],
            [
              -120.57344574870523,
              46.60716549689505
            ],
            [
              -120.57326574881994,
              46.60716449668774
            ],
            [
              -120.57272874900872,
              46.60716149695949
            ],
            [
              -120.57254974780953,
              46.60716149720799
            ],
            [
              -120.57230374838666,
              46.607159496402836
            ],
            [
              -120.57156774881837,
              46.60715549669698
            ],
            [
              -120.57132274809808,
              46.60715449717454
            ],
            [
              -120.57109174776308,
              46.607153497428854
            ],
            [
              -120.57040074798344,
              46.607150496862374
            ],
            [
              -120.57017074760348,
              46.60715049685912
            ],
            [
              -120.56999674743744,
              46.60714949772828
            ],
            [
              -120.56947674809373,
              46.60714849746841
            ],
            [
              -120.56930374784957,
              46.60714849709409
            ],
            [
              -120.5691187471327,
              46.60714749699139
            ],
            [
              -120.56856674739268,
              46.607145497105954
            ],
            [
              -120.5683827465876,
              46.6071454974309
            ],
            [
              -120.568164746792,
              46.60714449750418
            ],
            [
              -120.56751274719608,
              46.60714349758617
            ],
            [
              -120.56729574729246,
              46.60714349763085
            ],
            [
              -120.56690874711569,
              46.60714149787439
            ],
            [
              -120.56574774647761,
              46.607138498302334
            ],
            [
              -120.56536074619265,
              46.60713849774429
            ],
            [
              -120.56468274621253,
              46.60713449889688
            ],
            [
              -120.56264874543636,
              46.607123498466
            ],
            [
              -120.56197074439041,
              46.60712049926466
            ],
            [
              -120.5619817451232,
              46.606724499093794
            ],
            [
              -120.56200174419897,
              46.6060084990686
            ],
            [
              -120.56200874399742,
              46.60553849889189
            ],
            [
              -120.56200974441977,
              46.60551949851811
            ],
            [
              -120.5620247433404,
              46.60535849877448
            ],
            [
              -120.562058744664,
              46.605146498924505
            ],
            [
              -120.56206174404055,
              46.60512449891188
            ],
            [
              -120.56207174417028,
              46.60506149868204
            ],
            [
              -120.56207574457316,
              46.60504049854314
            ],
            [
              -120.56207874426137,
              46.60502449833483
            ],
            [
              -120.56208074341087,
              46.604972498937116
            ],
            [
              -120.56208674425673,
              46.60484349851441
            ],
            [
              -120.56208174351328,
              46.60477149906164
            ],
            [
              -120.56207774446342,
              46.60470449845271
            ],
            [
              -120.56207174401403,
              46.60464749860456
            ],
            [
              -120.56205374388236,
              46.60447749857196
            ],
            [
              -120.5620487445076,
              46.60442149859504
            ],
            [
              -120.56203474405184,
              46.604243498441726
            ],
            [
              -120.5620207435337,
              46.60405849805707
            ],
            [
              -120.5620167425645,
              46.60371049794758
            ],
            [
              -120.56201574327824,
              46.60353249882023
            ],
            [
              -120.56201374336906,
              46.603319498205195
            ],
            [
              -120.56200974287212,
              46.602731498542546
            ],
            [
              -120.56200874309457,
              46.60268349792226
            ],
            [
              -120.56200574306774,
              46.60247249775233
            ],
            [
              -120.56200274281937,
              46.60231049825824
            ],
            [
              -120.56200074240273,
              46.60216449860666
            ],
            [
              -120.56199474282623,
              46.60182749865967
            ],
            [
              -120.56199274231268,
              46.601666498123265
            ],
            [
              -120.5619917423601,
              46.60164349804753
            ],
            [
              -120.56199074297972,
              46.601577497990206
            ],
            [
              -120.56199074269504,
              46.60155549779057
            ],
            [
              -120.56198774234544,
              46.6014104981789
            ],
            [
              -120.56198074233663,
              46.60097549823682
            ],
            [
              -120.56197874186233,
              46.60083049806824
            ],
            [
              -120.56197574248095,
              46.60064849825838
            ],
            [
              -120.56196674265493,
              46.60010549824909
            ],
            [
              -120.5619637418824,
              46.59992449793462
            ],
            [
              -120.56195974188215,
              46.599653498289165
            ],
            [
              -120.56194874140165,
              46.598843497288414
            ],
            [
              -120.56194574116543,
              46.59857349746722
            ],
            [
              -120.56193974069784,
              46.59812049732126
            ],
            [
              -120.5619267405653,
              46.597079497598
            ],
            [
              -120.56193474122661,
              46.59689049777579
            ],
            [
              -120.56195374045791,
              46.5967634981708
            ],
            [
              -120.561963740149,
              46.59670249779296
            ],
            [
              -120.56197973976666,
              46.59654549803196
            ],
            [
              -120.56201374055084,
              46.596399497617
            ],
            [
              -120.56202174034141,
              46.596316497193754
            ],
            [
              -120.56173774012773,
              46.59631649692804
            ],
            [
              -120.5608887405656,
              46.596320498278395
            ],
            [
              -120.56060674072657,
              46.596322497678145
            ],
            [
              -120.56016973957136,
              46.59632149756318
            ],
            [
              -120.55885973964112,
              46.59631949790353
            ],
            [
              -120.55842373935869,
              46.59631949822196
            ],
            [
              -120.55807373923952,
              46.59632149818755
            ],
            [
              -120.55702473926125,
              46.596329498297834
            ],
            [
              -120.55667573850246,
              46.59633249840645
            ],
            [
              -120.55641073812747,
              46.59633349841798
            ],
            [
              -120.55561673816361,
              46.59634049865825
            ],
            [
              -120.55535273848544,
              46.596342498851044
            ],
            [
              -120.55509373746146,
              46.59634449872714
            ],
            [
              -120.55431773762368,
              46.59635149927908
            ],
            [
              -120.55405973725041,
              46.59635449945762
            ],
            [
              -120.55379273757214,
              46.59635449932961
            ],
            [
              -120.55299273697116,
              46.59635449924351
            ],
            [
              -120.5527267370308,
              46.59635449976376
            ],
            [
              -120.55246273689995,
              46.596353499229714
            ],
            [
              -120.55167373732095,
              46.596353499272425
            ],
            [
              -120.55141073659296,
              46.59635349987741
            ],
            [
              -120.55114973679231,
              46.59634950000712
            ],
            [
              -120.5503687363356,
              46.59633950038081
            ],
            [
              -120.55010873603138,
              46.596336499914315
            ],
            [
              -120.54984773693903,
              46.59633449971099
            ],
            [
              -120.54906773506914,
              46.59632850054236
            ],
            [
              -120.548807736687,
              46.59632749975599
            ],
            [
              -120.54853673601862,
              46.59632650034701
            ],
            [
              -120.54772273564612,
              46.59632350048493
            ],
            [
              -120.5474527356261,
              46.59632350030955
            ],
            [
              -120.54718373491121,
              46.59632150094637
            ],
            [
              -120.54637973509963,
              46.596317500482684
            ],
            [
              -120.54611173503751,
              46.59631650041196
            ],
            [
              -120.54559973527603,
              46.59630850070784
            ],
            [
              -120.5440667348019,
              46.59628450108989
            ],
            [
              -120.54355573357422,
              46.59627750127096
            ],
            [
              -120.54223973401815,
              46.596266501481395
            ],
            [
              -120.54108073298366,
              46.59625650179501
            ],
            [
              -120.5409717332329,
              46.59626150158299
            ],
            [
              -120.54093473392604,
              46.59625450199647
            ],
            [
              -120.54009373323156,
              46.59624450226987
            ],
            [
              -120.53963973293547,
              46.59624950239104
            ],
            [
              -120.5396097321194,
              46.59625350275898
            ],
            [
              -120.53944673258849,
              46.596244502214255
            ],
            [
              -120.53868173276616,
              46.59623250283434
            ],
            [
              -120.5383167325269,
              46.59623250237928
            ],
            [
              -120.53822473284286,
              46.596229502202256
            ],
            [
              -120.53794973237036,
              46.59622250263334
            ],
            [
              -120.53785873184688,
              46.59622050224949
            ],
            [
              -120.53716573188363,
              46.59621450289245
            ],
            [
              -120.5350887317314,
              46.59619750373601
            ],
            [
              -120.53446673156284,
              46.59619350396417
            ],
            [
              -120.53439673143693,
              46.59619250391537
            ],
            [
              -120.53417773010685,
              46.59619450379613
            ],
            [
              -120.53352173028536,
              46.59620150374715
            ],
            [
              -120.53330373053696,
              46.59620450298017
            ],
            [
              -120.5332517313435,
              46.59620650364494
            ],
            [
              -120.53309773041761,
              46.59621650389599
            ],
            [
              -120.53304673023939,
              46.596219503697746
            ],
            [
              -120.53278573016027,
              46.59622250355764
            ],
            [
              -120.5320027297525,
              46.59623150406358
            ],
            [
              -120.53174172955924,
              46.59623450334151
            ],
            [
              -120.53147573024413,
              46.596234503942235
            ],
            [
              -120.53067772951282,
              46.59623650377231
            ],
            [
              -120.53041272917626,
              46.5962375047519
            ],
            [
              -120.5304137302099,
              46.59643350378663
            ],
            [
              -120.53041672999038,
              46.5967635044037
            ],
            [
              -120.53041872930768,
              46.59702450427374
            ],
            [
              -120.53042073068812,
              46.59722150433306
            ],
            [
              -120.53042173083034,
              46.59736450454234
            ],
            [
              -120.53042573085605,
              46.59776050456798
            ],
            [
              -120.53042573030353,
              46.59779450440132
            ],
            [
              -120.53042673102867,
              46.597938504114445
            ],
            [
              -120.53042573071977,
              46.59800750446288
            ],
            [
              -120.5304257309484,
              46.59821550422373
            ],
            [
              -120.53042573096289,
              46.59828550472108
            ],
            [
              -120.53042473102987,
              46.59841350455749
            ],
            [
              -120.53042373113492,
              46.598800503872575
            ],
            [
              -120.53042373152986,
              46.59892950474913
            ],
            [
              -120.53042273101335,
              46.59900750435116
            ],
            [
              -120.53042273142081,
              46.59924150415193
            ],
            [
              -120.53042273124646,
              46.599320504801454
            ],
            [
              -120.53042173035094,
              46.59941650472787
            ],
            [
              -120.53042073096528,
              46.59970650480084
            ],
            [
              -120.5304207304162,
              46.59980350397311
            ],
            [
              -120.53042473094773,
              46.59998550432894
            ],
            [
              -120.53043673177154,
              46.600534504814576
            ],
            [
              -120.53044173147951,
              46.600717504398425
            ],
            [
              -120.53044473195568,
              46.60089650463555
            ],
            [
              -120.53045273240728,
              46.60122150516607
            ],
            [
              -120.53045673205668,
              46.60143650486759
            ],
            [
              -120.53046173284498,
              46.601616504966515
            ],
            [
              -120.530463731654,
              46.60170350479362
            ],
            [
              -120.53046973185113,
              46.601966505100876
            ],
            [
              -120.53047173255125,
              46.602054504439884
            ],
            [
              -120.5304767328137,
              46.60233350538107
            ],
            [
              -120.5304947334871,
              46.60317050462058
            ],
            [
              -120.53050173239498,
              46.60344950497178
            ],
            [
              -120.53050073280667,
              46.60362450451545
            ],
            [
              -120.53049973356002,
              46.60390250475841
            ],
            [
              -120.53049973301587,
              46.60415050479709
            ],
            [
              -120.53049973279165,
              46.604245504856145
            ],
            [
              -120.53050073373225,
              46.60432650510241
            ],
            [
              -120.53050273322883,
              46.60450750542284
            ],
            [
              -120.5305057335888,
              46.604706504883445
            ],
            [
              -120.53051073327076,
              46.605053505266795
            ],
            [
              -120.53051373328675,
              46.60523550571359
            ],
            [
              -120.53051573304239,
              46.60541450516967
            ],
            [
              -120.53051973334453,
              46.60567850534814
            ],
            [
              -120.53052273491106,
              46.605951505034774
            ],
            [
              -120.53052573389385,
              46.60613150551757
            ],
            [
              -120.53052773411605,
              46.60632050551471
            ],
            [
              -120.53053573454099,
              46.60688950576718
            ],
            [
              -120.53053873401416,
              46.60707950588828
            ],
            [
              -120.53053473378527,
              46.607443505709725
            ],
            [
              -120.53053173519257,
              46.607924506304336
            ],
            [
              -120.53052573526422,
              46.60853550512706
            ],
            [
              -120.53052273536858,
              46.608900505900586
            ],
            [
              -120.53052073509494,
              46.60901150587634
            ],
            [
              -120.53051673491636,
              46.60934350573987
            ],
            [
              -120.5305157351512,
              46.60945550585617
            ],
            [
              -120.53051273624047,
              46.609708505825786
            ],
            [
              -120.53050373524123,
              46.61046950559765
            ],
            [
              -120.5305017367789,
              46.610723505669455
            ],
            [
              -120.53049973631117,
              46.61089950656342
            ],
            [
              -120.53049573615773,
              46.61142750597898
            ],
            [
              -120.53049473622039,
              46.61160450609987
            ],
            [
              -120.53049373649051,
              46.6118005060205
            ],
            [
              -120.53049173672655,
              46.61238750595746
            ],
            [
              -120.53049173626013,
              46.61258450599945
            ],
            [
              -120.53021273744511,
              46.61258450620535
            ],
            [
              -120.52937573708543,
              46.612584506342365
            ],
            [
              -120.52909773569382,
              46.61258450627346
            ],
            [
              -120.52885273539756,
              46.612584506212634
            ],
            [
              -120.52811973588283,
              46.61258450689028
            ],
            [
              -120.52787573562053,
              46.61258450629185
            ],
            [
              -120.52771473550156,
              46.61258450669985
            ],
            [
              -120.52723473654976,
              46.612584506750665
            ],
            [
              -120.52707573569013,
              46.61258550709954
            ],
            [
              -120.5269667359887,
              46.61258550673922
            ],
            [
              -120.52664073561294,
              46.612585506602194
            ],
            [
              -120.52653273594555,
              46.61258550739513
            ],
            [
              -120.52646173489434,
              46.61258550673659
            ],
            [
              -120.52624873565871,
              46.612585507194865
            ],
            [
              -120.52617873594654,
              46.61258550703085
            ],
            [
              -120.52611473512826,
              46.61258550725492
            ],
            [
              -120.52592273528386,
              46.61258550681222
            ],
            [
              -120.52585973580415,
              46.61258550666699
            ],
            [
              -120.52559673490985,
              46.6125855073004
            ],
            [
              -120.52480973490509,
              46.612585506940206
            ],
            [
              -120.52454773535027,
              46.612585506745596
            ],
            [
              -120.52450373519605,
              46.6125855071761
            ],
            [
              -120.52437273476606,
              46.61258550725354
            ],
            [
              -120.52432973464495,
              46.6125855074042
            ],
            [
              -120.52344773410377,
              46.6125855079349
            ],
            [
              -120.52302173433185,
              46.61258550803373
            ],
            [
              -120.52080473291105,
              46.61257950799269
            ],
            [
              -120.51992373308371,
              46.612577508244634
            ],
            [
              -120.51992373439637,
              46.61274850825866
            ],
            [
              -120.51992373384503,
              46.61326350820092
            ],
            [
              -120.51992373421882,
              46.613435508609136
            ],
            [
              -120.5199237341347,
              46.613620508116384
            ],
            [
              -120.5199237335167,
              46.614174508883885
            ],
            [
              -120.51992373379926,
              46.614360508781274
            ],
            [
              -120.5196467334832,
              46.614359508557854
            ],
            [
              -120.51886573396816,
              46.61435850906233
            ],
            [
              -120.5188187330623,
              46.614353509323294
            ],
            [
              -120.51866473346236,
              46.61433850851157
            ],
            [
              -120.51854873419765,
              46.61430550825904
            ],
            [
              -120.51848373405295,
              46.61434050902077
            ],
            [
              -120.51841973364111,
              46.61435550847385
            ],
            [
              -120.51830573364511,
              46.614354508351084
            ],
            [
              -120.51754473293241,
              46.61435350923794
            ],
            [
              -120.5172917332863,
              46.614353509046694
            ],
            [
              -120.51700373233413,
              46.614352508586634
            ],
            [
              -120.51614073352556,
              46.61434950991436
            ],
            [
              -120.51585373297387,
              46.61434950953416
            ],
            [
              -120.51549073237359,
              46.61434850933127
            ],
            [
              -120.51440073242513,
              46.614347509969114
            ],
            [
              -120.51403873219007,
              46.614347509949354
            ],
            [
              -120.51431473293746,
              46.61488650981188
            ],
            [
              -120.51511673377166,
              46.61644651006027
            ],
            [
              -120.51514473326364,
              46.61650450973757
            ],
            [
              -120.51534373415424,
              46.61691451032607
            ],
            [
              -120.51540473444578,
              46.617052509910124
            ],
            [
              -120.51587473509622,
              46.61810750995588
            ],
            [
              -120.51616773520773,
              46.61875650954129
            ],
            [
              -120.51630073481437,
              46.61905151041391
            ],
            [
              -120.51675273540306,
              46.62001651042421
            ],
            [
              -120.51708873500306,
              46.62075150975795
            ],
            [
              -120.51745673613162,
              46.62157751022293
            ],
            [
              -120.51778473721481,
              46.62231551066338
            ],
            [
              -120.51827473681355,
              46.623457510228405
            ],
            [
              -120.51845273805976,
              46.623873510720074
            ],
            [
              -120.51897273797134,
              46.62508551037668
            ],
            [
              -120.51918673918362,
              46.62559151024129
            ],
            [
              -120.5192297388101,
              46.62568650990376
            ],
            [
              -120.51935873966055,
              46.62597451002355
            ],
            [
              -120.5194027392236,
              46.62607051075814
            ],
            [
              -120.51935773831654,
              46.626070510277806
            ],
            [
              -120.51922473877012,
              46.62607051019381
            ],
            [
              -120.51918073945052,
              46.626070510375406
            ],
            [
              -120.51923473911755,
              46.626218510291224
            ],
            [
              -120.51924574002857,
              46.626256510649014
            ],
            [
              -120.51948473958996,
              46.62625851063995
            ],
            [
              -120.519555738804,
              46.626421510104024
            ],
            [
              -120.52001473969528,
              46.62747651030223
            ],
            [
              -120.52016773972385,
              46.62782851005114
            ],
            [
              -120.52017874014066,
              46.62785551026458
            ],
            [
              -120.52021374078218,
              46.62793651054466
            ],
            [
              -120.52022574025393,
              46.62796351057665
            ],
            [
              -120.5202527396179,
              46.62803351041381
            ],
            [
              -120.5202707397297,
              46.62808150995194
            ],
            [
              -120.52073674081159,
              46.627962509629015
            ],
            [
              -120.52111174058236,
              46.62786850935241
            ],
            [
              -120.52571874202009,
              46.626692509311795
            ],
            [
              -120.52722474132841,
              46.62650950836913
            ],
            [
              -120.52927774306059,
              46.626277507829094
            ],
            [
              -120.53077674325142,
              46.626152507493515
            ],
            [
              -120.53113274404663,
              46.62614450780429
            ],
            [
              -120.53201674290476,
              46.6260375076979
            ],
            [
              -120.53411374398648,
              46.62567750723106
            ],
            [
              -120.53537174433824,
              46.62557750700566
            ],
            [
              -120.53859474471572,
              46.62537550610614
            ],
            [
              -120.54028074564043,
              46.62503350547762
            ],
            [
              -120.54152574553487,
              46.624602505015474
            ],
            [
              -120.54287374705035,
              46.624295504643904
            ],
            [
              -120.54418874596658,
              46.62439450444366
            ],
            [
              -120.54756374812443,
              46.625304503703376
            ],
            [
              -120.54930274814765,
              46.625658503720786
            ],
            [
              -120.55159375012488,
              46.62585650367325
            ],
            [
              -120.55174575020133,
              46.62586850301496
            ],
            [
              -120.55362975150378,
              46.625904502898116
            ],
            [
              -120.5548177504288,
              46.62601950331913
            ],
            [
              -120.55625875242656,
              46.62625650238006
            ],
            [
              -120.55692175175744,
              46.62625750257399
            ],
            [
              -120.5574387522218,
              46.62627050255465
            ],
            [
              -120.55879375222376,
              46.626369501653144
            ],
            [
              -120.56185775353238,
              46.62632750098373
            ],
            [
              -120.56228375303206,
              46.62635850147056
            ],
            [
              -120.56228375365109,
              46.62639550147345
            ],
            [
              -120.562283753423,
              46.626470500992994
            ],
            [
              -120.56228375305565,
              46.62650550106845
            ],
            [
              -120.56228375319589,
              46.626545501411144
            ],
            [
              -120.56228175367207,
              46.626898500877424
            ],
            [
              -120.56227875541691,
              46.62796050144161
            ],
            [
              -120.5622777546666,
              46.62831450158312
            ],
            [
              -120.56224175547887,
              46.62898550140349
            ],
            [
              -120.56362075561434,
              46.628965501728445
            ],
            [
              -120.57007475730164,
              46.629048499780374
            ]
          ],
          [
            [
              -120.56532775436094,
              46.62453050051546
            ],
            [
              -120.56551175356759,
              46.624638500347174
            ],
            [
              -120.56555275380921,
              46.62466250030549
            ],
            [
              -120.56628975469383,
              46.62509750065091
            ],
            [
              -120.56649775504334,
              46.62522050019186
            ],
            [
              -120.5665347539517,
              46.62524250039328
            ],
            [
              -120.5667337547668,
              46.62535950045092
            ],
            [
              -120.56683575540245,
              46.62541949996008
            ],
            [
              -120.56702275468818,
              46.625530500437094
            ],
            [
              -120.5656917543169,
              46.62540050015426
            ],
            [
              -120.56460275397724,
              46.625296501005366
            ],
            [
              -120.56417175391887,
              46.6246675002492
            ],
            [
              -120.5635117533378,
              46.624021500175
            ],
            [
              -120.56306675281351,
              46.62374550057773
            ],
            [
              -120.56299875219058,
              46.62368350065557
            ],
            [
              -120.56227575268628,
              46.62333250079926
            ],
            [
              -120.56170775160248,
              46.622989500801445
            ],
            [
              -120.56390475244955,
              46.62250450086159
            ],
            [
              -120.56421875277115,
              46.62262750025646
            ],
            [
              -120.56441675263835,
              46.622705500495776
            ],
            [
              -120.56446775274344,
              46.62277650029358
            ],
            [
              -120.56445075278405,
              46.62277750038296
            ],
            [
              -120.56442775280338,
              46.62277850024786
            ],
            [
              -120.56440575292201,
              46.622780499959646
            ],
            [
              -120.56438875296027,
              46.62278150003982
            ],
            [
              -120.56532775436094,
              46.62453050051546
            ]
          ]
        ]
      },
      "properties": {
        "feature_id": 5,
        "council_district": 5
      }
    },
    {
      "type": "Feature",
      "id": 6,
      "geometry": {
        "type": "Polygon",
        "coordinates": [
          [
            [
              -120.59120675955583,
              46.617537493518455
            ],
            [
              -120.59122675981682,
              46.61753849419093
            ],
            [
              -120.59135976004556,
              46.61755049387045
            ],
            [
              -120.59172775944569,
              46.61760949399495
            ],
            [
              -120.59181775958965,
              46.617624493749766
            ],
            [
              -120.59193676016811,
              46.61764449381559
            ],
            [
              -120.59208175971135,
              46.61770349354784
            ],
            [
              -120.59216775956564,
              46.617738493757756
            ],
            [
              -120.59249475991263,
              46.61787049356716
            ],
            [
              -120.59284775970707,
              46.61801449343429
            ],
            [
              -120.59347376041131,
              46.618277493581566
            ],
            [
              -120.5936447606206,
              46.618349493488864
            ],
            [
              -120.59379876079358,
              46.61812149312275
            ],
            [
              -120.59386876083339,
              46.61801849372118
            ],
            [
              -120.59386876070128,
              46.61799649357902
            ],
            [
              -120.59386875984195,
              46.61793249308347
            ],
            [
              -120.59386776041974,
              46.617723493443876
            ],
            [
              -120.5938677604952,
              46.61768649336598
            ],
            [
              -120.59386676085957,
              46.617430493081066
            ],
            [
              -120.59386676101343,
              46.617356493820694
            ],
            [
              -120.59386575983427,
              46.6171184938044
            ],
            [
              -120.59386576040848,
              46.61704549315565
            ],
            [
              -120.59386476062252,
              46.61677049304036
            ],
            [
              -120.59386475943096,
              46.61669949321965
            ],
            [
              -120.59386375960392,
              46.616616493727264
            ],
            [
              -120.5938637606493,
              46.6165724934303
            ],
            [
              -120.59379176034501,
              46.61657149355224
            ],
            [
              -120.59344275956254,
              46.61656849343168
            ],
            [
              -120.59327376063311,
              46.61656749319596
            ],
            [
              -120.59276875887878,
              46.616564493873376
            ],
            [
              -120.59260075917614,
              46.6165644940493
            ],
            [
              -120.59251675971979,
              46.61656549311064
            ],
            [
              -120.59226576001062,
              46.616571493965424
            ],
            [
              -120.59218275973157,
              46.61657349419126
            ],
            [
              -120.59220375957656,
              46.616490494059875
            ],
            [
              -120.59225075958597,
              46.61634449356752
            ],
            [
              -120.59240275921266,
              46.615883493300906
            ],
            [
              -120.59243175915532,
              46.61574749341044
            ],
            [
              -120.59244075927815,
              46.61565649418665
            ],
            [
              -120.59244675861046,
              46.615610493605054
            ],
            [
              -120.59244875900329,
              46.615452493761
            ],
            [
              -120.5924497587061,
              46.615418494108624
            ],
            [
              -120.59246675918584,
              46.61500349400778
            ],
            [
              -120.59247775842084,
              46.61476849353112
            ],
            [
              -120.59250175839585,
              46.61454649334425
            ],
            [
              -120.59253875812298,
              46.614325493846394
            ],
            [
              -120.59266675884182,
              46.61377649292129
            ],
            [
              -120.59267975848289,
              46.61372149369413
            ],
            [
              -120.59270475831775,
              46.61367849333958
            ],
            [
              -120.59274975856937,
              46.6136404932505
            ],
            [
              -120.59281775876457,
              46.6136124930522
            ],
            [
              -120.5928277584804,
              46.61359749309474
            ],
            [
              -120.59286475756927,
              46.6135644934323
            ],
            [
              -120.59281875827726,
              46.61351049297189
            ],
            [
              -120.591946757338,
              46.61276049318583
            ],
            [
              -120.59164975765675,
              46.61250549385127
            ],
            [
              -120.58926975659044,
              46.61248649374632
            ],
            [
              -120.58914375614641,
              46.61248549346497
            ],
            [
              -120.58907475616749,
              46.61247649395258
            ],
            [
              -120.58878675597526,
              46.61257149366222
            ],
            [
              -120.588401756724,
              46.61269949407042
            ],
            [
              -120.58792775597477,
              46.612864494215195
            ],
            [
              -120.587755756073,
              46.61292449464531
            ],
            [
              -120.58764375595733,
              46.61296849441127
            ],
            [
              -120.58761775634765,
              46.612977493771176
            ],
            [
              -120.58754175716287,
              46.613007494233756
            ],
            [
              -120.58751675655915,
              46.61301749412249
            ],
            [
              -120.58739575658282,
              46.61306449367714
            ],
            [
              -120.5873217560371,
              46.613090494400666
            ],
            [
              -120.58715975656968,
              46.61315949454638
            ],
            [
              -120.5869127562592,
              46.612688494405496
            ],
            [
              -120.58600975450881,
              46.61116649413101
            ],
            [
              -120.58577875508622,
              46.61077749463078
            ],
            [
              -120.58573175416498,
              46.61069249443114
            ],
            [
              -120.58585775391244,
              46.61066349406389
            ],
            [
              -120.58618775512247,
              46.61059049452897
            ],
            [
              -120.58625175462917,
              46.610575494049336
            ],
            [
              -120.58644575480753,
              46.610532494415814
            ],
            [
              -120.58651075445592,
              46.610518493452425
            ],
            [
              -120.58970475547181,
              46.609807493219975
            ],
            [
              -120.59019475541787,
              46.60969849363878
            ],
            [
              -120.59033675586849,
              46.60967449310057
            ],
            [
              -120.59041575559337,
              46.609663493610704
            ],
            [
              -120.59054475580758,
              46.609649493757026
            ],
            [
              -120.59080675584089,
              46.60963549267811
            ],
            [
              -120.59093475583086,
              46.609635492717224
            ],
            [
              -120.59240675669149,
              46.609697492982484
            ],
            [
              -120.59267575588932,
              46.60970849239713
            ],
            [
              -120.59285775624613,
              46.60972449280496
            ],
            [
              -120.59290575645895,
              46.60973049234092
            ],
            [
              -120.59289875711276,
              46.609796492250744
            ],
            [
              -120.59290875682133,
              46.61028449233512
            ],
            [
              -120.59338875713783,
              46.61028249311987
            ],
            [
              -120.59339875614299,
              46.60995449307887
            ],
            [
              -120.59339375688427,
              46.60990549292464
            ],
            [
              -120.59338675642006,
              46.60981549260376
            ],
            [
              -120.59355575662114,
              46.60985749265529
            ],
            [
              -120.59411675701776,
              46.60999949227733
            ],
            [
              -120.59420175692647,
              46.61002949243675
            ],
            [
              -120.59439975794442,
              46.610101492470946
            ],
            [
              -120.59448875680404,
              46.610137492519534
            ],
            [
              -120.59458675742064,
              46.61018349192781
            ],
            [
              -120.59467975695405,
              46.61023549249206
            ],
            [
              -120.59476675759815,
              46.610292491934594
            ],
            [
              -120.59484575763128,
              46.61035349241055
            ],
            [
              -120.59492975747233,
              46.610431492172125
            ],
            [
              -120.59518475833774,
              46.610697492026155
            ],
            [
              -120.59525775709797,
              46.61078249191265
            ],
            [
              -120.59531075774638,
              46.61083049208631
            ],
            [
              -120.5953727580618,
              46.61087749241673
            ],
            [
              -120.59546775832949,
              46.61093549226934
            ],
            [
              -120.59556975822153,
              46.61098349192741
            ],
            [
              -120.5956797590125,
              46.611021492334885
            ],
            [
              -120.59579875765965,
              46.61105149256817
            ],
            [
              -120.59587375836006,
              46.611063492349885
            ],
            [
              -120.59588775851277,
              46.61106649266836
            ],
            [
              -120.59598075798324,
              46.61107549224399
            ],
            [
              -120.59654375771038,
              46.61108149177851
            ],
            [
              -120.5965297593076,
              46.61156249168773
            ],
            [
              -120.59652675877427,
              46.611672492364924
            ],
            [
              -120.5965137596417,
              46.612452491757054
            ],
            [
              -120.59650575888426,
              46.61287649243909
            ],
            [
              -120.5962097596865,
              46.612869492194335
            ],
            [
              -120.5955947595427,
              46.612867492925204
            ],
            [
              -120.59502275851416,
              46.61286549244974
            ],
            [
              -120.59443375817654,
              46.61286349234567
            ],
            [
              -120.59391375926837,
              46.61286149289559
            ],
            [
              -120.59388975924111,
              46.61448249361698
            ],
            [
              -120.59399975966005,
              46.614536493279935
            ],
            [
              -120.59421375966518,
              46.61461149339387
            ],
            [
              -120.59430275889716,
              46.614634492652804
            ],
            [
              -120.59440675843456,
              46.61465249268609
            ],
            [
              -120.59445275910242,
              46.61466149266943
            ],
            [
              -120.59461075916887,
              46.61467449264854
            ],
            [
              -120.59481675883364,
              46.61467549355057
            ],
            [
              -120.59543475962687,
              46.614679492647625
            ],
            [
              -120.59564175985302,
              46.61468149254651
            ],
            [
              -120.59566575999075,
              46.6143274925355
            ],
            [
              -120.5956967593555,
              46.613885492304405
            ],
            [
              -120.59648875927172,
              46.61389349201212
            ],
            [
              -120.59648775913625,
              46.613954492153226
            ],
            [
              -120.5964837598662,
              46.61422349321699
            ],
            [
              -120.59647875904646,
              46.614272492632445
            ],
            [
              -120.596462759881,
              46.61434049302861
            ],
            [
              -120.5964257601251,
              46.614421492232836
            ],
            [
              -120.59639876033863,
              46.61447049217923
            ],
            [
              -120.59631276041897,
              46.61455049259856
            ],
            [
              -120.59625775915327,
              46.61457849293517
            ],
            [
              -120.59618876054847,
              46.614614493042474
            ],
            [
              -120.59611576001052,
              46.61464149272374
            ],
            [
              -120.59603775888377,
              46.614662493157816
            ],
            [
              -120.59720975976857,
              46.614670492314104
            ],
            [
              -120.60072876223309,
              46.6146944916159
            ],
            [
              -120.60097176143232,
              46.614696491576694
            ],
            [
              -120.60131776162447,
              46.614698491665095
            ],
            [
              -120.60155376253753,
              46.61468349130945
            ],
            [
              -120.60176676180252,
              46.61463649130444
            ],
            [
              -120.6017417612544,
              46.61459949183288
            ],
            [
              -120.60173076167766,
              46.61455549139484
            ],
            [
              -120.60173576140356,
              46.614517490929394
            ],
            [
              -120.6017377616254,
              46.6143054908846
            ],
            [
              -120.60174376158604,
              46.6137444913367
            ],
            [
              -120.60186576123475,
              46.61374349127402
            ],
            [
              -120.60298476232047,
              46.61374449081815
            ],
            [
              -120.60298576237267,
              46.61366249086489
            ],
            [
              -120.60436076202204,
              46.613660490703325
            ],
            [
              -120.60436476101138,
              46.61118549057339
            ],
            [
              -120.60706276294732,
              46.611172489879436
            ],
            [
              -120.60770576165095,
              46.611174490237566
            ],
            [
              -120.60960776258132,
              46.6112054897219
            ],
            [
              -120.60963676283411,
              46.6112054898369
            ],
            [
              -120.61040376284195,
              46.6111944893234
            ],
            [
              -120.61056676371659,
              46.61117048931355
            ],
            [
              -120.61064676405435,
              46.61116648950887
            ],
            [
              -120.61100276355805,
              46.61116548896935
            ],
            [
              -120.61121676283439,
              46.61116748898995
            ],
            [
              -120.6145557642215,
              46.61119748857331
            ],
            [
              -120.61461476513477,
              46.611191488182754
            ],
            [
              -120.61466676476805,
              46.611177488740815
            ],
            [
              -120.61471676444383,
              46.611155487943556
            ],
            [
              -120.61475676519957,
              46.61112848786715
            ],
            [
              -120.61477976460931,
              46.611106488918644
            ],
            [
              -120.61480176487193,
              46.6110774880483
            ],
            [
              -120.61481976438482,
              46.611018488571936
            ],
            [
              -120.61481776363766,
              46.61083148815972
            ],
            [
              -120.61481376400694,
              46.6099774885857
            ],
            [
              -120.6148137638944,
              46.60988348805018
            ],
            [
              -120.61481576463031,
              46.60969348773116
            ],
            [
              -120.61481676344174,
              46.60946548874602
            ],
            [
              -120.61481776350377,
              46.60931348818242
            ],
            [
              -120.61482276424259,
              46.60878548769034
            ],
            [
              -120.61482576373356,
              46.608558487977206
            ],
            [
              -120.61482576328704,
              46.60851748795375
            ],
            [
              -120.61697776370791,
              46.608519487654405
            ],
            [
              -120.61699676443021,
              46.60932748796871
            ],
            [
              -120.61720476515603,
              46.609328487899255
            ],
            [
              -120.61746076555855,
              46.609327487748295
            ],
            [
              -120.6174627644416,
              46.609457487777746
            ],
            [
              -120.61746276439524,
              46.610249487211036
            ],
            [
              -120.6179447649683,
              46.61025048767266
            ],
            [
              -120.61876376604587,
              46.610243487151266
            ],
            [
              -120.6187627656042,
              46.609325487421614
            ],
            [
              -120.62001976543843,
              46.609323487092276
            ],
            [
              -120.6200237648339,
              46.60683648683079
            ],
            [
              -120.6201457652517,
              46.606836486576626
            ],
            [
              -120.62015376379064,
              46.6064084864266
            ],
            [
              -120.62015576508182,
              46.60627448679132
            ],
            [
              -120.62015776403733,
              46.60621148624697
            ],
            [
              -120.62016076449102,
              46.60613148654035
            ],
            [
              -120.62016076422248,
              46.60599848671871
            ],
            [
              -120.62016676397656,
              46.605906486939766
            ],
            [
              -120.62017576407264,
              46.60577048630422
            ],
            [
              -120.62016976312026,
              46.60388248650283
            ],
            [
              -120.62016976329191,
              46.6038624862306
            ],
            [
              -120.6201697627684,
              46.60384748625195
            ],
            [
              -120.62016976384449,
              46.6036164867463
            ],
            [
              -120.62018676363517,
              46.60356248588073
            ],
            [
              -120.62019076373102,
              46.6035184857569
            ],
            [
              -120.62017676287803,
              46.60339148599254
            ],
            [
              -120.62017576248809,
              46.60337648616298
            ],
            [
              -120.62014176211954,
              46.603219486736805
            ],
            [
              -120.62010176239801,
              46.60311548608894
            ],
            [
              -120.62008876331856,
              46.60303648645372
            ],
            [
              -120.62008776286028,
              46.602992486178515
            ],
            [
              -120.6201777631178,
              46.602992486167885
            ],
            [
              -120.62020676251247,
              46.60299348671864
            ],
            [
              -120.62076076274327,
              46.60299848584904
            ],
            [
              -120.62135776261687,
              46.60299548553912
            ],
            [
              -120.62195476373796,
              46.60299248571211
            ],
            [
              -120.62245276411086,
              46.60301248591492
            ],
            [
              -120.62292276378128,
              46.60308048554347
            ],
            [
              -120.62293976330413,
              46.60308248521392
            ],
            [
              -120.62303576453438,
              46.6030964850692
            ],
            [
              -120.62330676398045,
              46.60316248553204
            ],
            [
              -120.62336876384221,
              46.60327148593612
            ],
            [
              -120.62358876475673,
              46.60332648570916
            ],
            [
              -120.6242817640281,
              46.60360148550974
            ],
            [
              -120.62487676386509,
              46.602937485581755
            ],
            [
              -120.62536876469085,
              46.60268648491833
            ],
            [
              -120.62536776475008,
              46.60280248510822
            ],
            [
              -120.6259617649624,
              46.60281848551531
            ],
            [
              -120.62635976506446,
              46.602830485423006
            ],
            [
              -120.62653676549996,
              46.60283048508012
            ],
            [
              -120.62653576574883,
              46.603074484897824
            ],
            [
              -120.626530764856,
              46.603264484512955
            ],
            [
              -120.6265417658683,
              46.6032924849723
            ],
            [
              -120.62655376544802,
              46.60332048432623
            ],
            [
              -120.62677376471451,
              46.603515484413435
            ],
            [
              -120.62699676565565,
              46.603713484696506
            ],
            [
              -120.62716176610654,
              46.60385948494944
            ],
            [
              -120.62727176497859,
              46.60395748466518
            ],
            [
              -120.62728076613581,
              46.604060485379414
            ],
            [
              -120.62728376628513,
              46.60409248464054
            ],
            [
              -120.62726076483962,
              46.604190484662325
            ],
            [
              -120.62721976539257,
              46.60429348518669
            ],
            [
              -120.62714576603464,
              46.60441448491084
            ],
            [
              -120.62704676643204,
              46.60452648518232
            ],
            [
              -120.62694276520985,
              46.604616484406385
            ],
            [
              -120.62685776622266,
              46.60467548458802
            ],
            [
              -120.62668176586523,
              46.60474648523295
            ],
            [
              -120.62662976510147,
              46.604769484930344
            ],
            [
              -120.62640676640623,
              46.60485948481459
            ],
            [
              -120.62627976572308,
              46.604986484724215
            ],
            [
              -120.62632676518214,
              46.60509848510996
            ],
            [
              -120.62655776545112,
              46.6051654846424
            ],
            [
              -120.62673476651666,
              46.605232485039885
            ],
            [
              -120.62690476642821,
              46.60531248487003
            ],
            [
              -120.627078765684,
              46.605304485478335
            ],
            [
              -120.62765876599141,
              46.60525748428268
            ],
            [
              -120.62806176701734,
              46.605207484555386
            ],
            [
              -120.6285467660181,
              46.60486348514249
            ],
            [
              -120.62932076590057,
              46.60431348507311
            ],
            [
              -120.62965576650392,
              46.60415348439953
            ],
            [
              -120.63040876609396,
              46.60398548426516
            ],
            [
              -120.63048476642092,
              46.604007484218954
            ],
            [
              -120.63054476675549,
              46.603995483642436
            ],
            [
              -120.6305597675188,
              46.60510048458124
            ],
            [
              -120.63527676822443,
              46.60510848315944
            ],
            [
              -120.63589776934741,
              46.6051104833087
            ],
            [
              -120.6358987685677,
              46.60455148293631
            ],
            [
              -120.63589976837048,
              46.604069483261746
            ],
            [
              -120.63589976941961,
              46.60393048263245
            ],
            [
              -120.63583676813228,
              46.60393048275561
            ],
            [
              -120.63583676809866,
              46.603907483020365
            ],
            [
              -120.63580376830957,
              46.60390748349842
            ],
            [
              -120.63577076851816,
              46.603907483067246
            ],
            [
              -120.63574676890725,
              46.60390748274748
            ],
            [
              -120.63551976845406,
              46.60390848319619
            ],
            [
              -120.63506676752424,
              46.60390948294318
            ],
            [
              -120.63223076747848,
              46.603914483480054
            ],
            [
              -120.63231376657156,
              46.60389048366304
            ],
            [
              -120.63260376793372,
              46.603807483921045
            ],
            [
              -120.63353176839435,
              46.60354048334966
            ],
            [
              -120.63444376778556,
              46.60327848352729
            ],
            [
              -120.6347647673778,
              46.60318648308569
            ],
            [
              -120.63490676832319,
              46.60315848308513
            ],
            [
              -120.63536876800032,
              46.60323548260197
            ],
            [
              -120.63569876793683,
              46.603250483124256
            ],
            [
              -120.63583776767476,
              46.60325748309451
            ],
            [
              -120.63583676740787,
              46.60321448336315
            ],
            [
              -120.63583776741989,
              46.60320148302822
            ],
            [
              -120.63578776897633,
              46.60299448263792
            ],
            [
              -120.63579276818867,
              46.60296048315464
            ],
            [
              -120.63579476862863,
              46.602942483136346
            ],
            [
              -120.63579976765202,
              46.602898483061814
            ],
            [
              -120.63581576743161,
              46.6027754827165
            ],
            [
              -120.63582776797759,
              46.60245248248068
            ],
            [
              -120.63582276708699,
              46.60046748217544
            ],
            [
              -120.63584776740417,
              46.60031748225522
            ],
            [
              -120.6358587672013,
              46.60030048275899
            ],
            [
              -120.63585576659769,
              46.599165482487045
            ],
            [
              -120.63585676647882,
              46.598451482130024
            ],
            [
              -120.63713676673245,
              46.59846348169638
            ],
            [
              -120.63715376698012,
              46.59780748189757
            ],
            [
              -120.63715376664025,
              46.597796481777436
            ],
            [
              -120.63585776571786,
              46.59780148246393
            ],
            [
              -120.63585776580203,
              46.59769548204021
            ],
            [
              -120.63585976536628,
              46.59667748216603
            ],
            [
              -120.63584076500823,
              46.59487048128853
            ],
            [
              -120.63845876572236,
              46.594857481313134
            ],
            [
              -120.63844976533262,
              46.59300648105151
            ],
            [
              -120.63655176321096,
              46.59300548172781
            ],
            [
              -120.63586876365632,
              46.59300548149469
            ],
            [
              -120.63480876311276,
              46.593003482103704
            ],
            [
              -120.63455976326169,
              46.593003481909264
            ],
            [
              -120.63256076255227,
              46.59302048240703
            ],
            [
              -120.63163176233925,
              46.5930254828181
            ],
            [
              -120.63057276226962,
              46.59303148238422
            ],
            [
              -120.6304947628333,
              46.59303148230064
            ],
            [
              -120.63026276105141,
              46.59303248257758
            ],
            [
              -120.63018576107302,
              46.59303348246578
            ],
            [
              -120.62980176170959,
              46.5930344828104
            ],
            [
              -120.62886076104274,
              46.59303948333193
            ],
            [
              -120.6286527605385,
              46.59304048300055
            ],
            [
              -120.62826976053253,
              46.59304248289846
            ],
            [
              -120.62823276081117,
              46.59304248298576
            ],
            [
              -120.62812176164721,
              46.5930424831759
            ],
            [
              -120.62808476062084,
              46.5930424832168
            ],
            [
              -120.62753076003291,
              46.59304448300419
            ],
            [
              -120.62587176041504,
              46.59305248360295
            ],
            [
              -120.6253187603443,
              46.593055483695466
            ],
            [
              -120.62521676084714,
              46.59305548380556
            ],
            [
              -120.62491175910841,
              46.5930564838222
            ],
            [
              -120.62481076027541,
              46.59305748379812
            ],
            [
              -120.62478775991443,
              46.59305748369397
            ],
            [
              -120.62471876013878,
              46.593057484252114
            ],
            [
              -120.6246967591367,
              46.5930584843606
            ],
            [
              -120.62455276022266,
              46.59305848375924
            ],
            [
              -120.62412476023002,
              46.59306048457055
            ],
            [
              -120.62398175935343,
              46.593061484387746
            ],
            [
              -120.62368776051976,
              46.593062484513126
            ],
            [
              -120.62319775971693,
              46.5930644840861
            ],
            [
              -120.62280575874162,
              46.59306548396095
            ],
            [
              -120.62251275919175,
              46.59306748491339
            ],
            [
              -120.62189275874935,
              46.59306948486612
            ],
            [
              -120.62003475875366,
              46.59307648537898
            ],
            [
              -120.61941575871285,
              46.59307948477532
            ],
            [
              -120.6192757580465,
              46.59308048547587
            ],
            [
              -120.61924275831151,
              46.593080484783954
            ],
            [
              -120.61916975850662,
              46.593080485264636
            ],
            [
              -120.61872675868527,
              46.59308048516252
            ],
            [
              -120.6185547583762,
              46.593080485371814
            ],
            [
              -120.61752475718683,
              46.593080485440595
            ],
            [
              -120.61714575749285,
              46.59308048543662
            ],
            [
              -120.61601075777884,
              46.59308048576158
            ],
            [
              -120.61563275728898,
              46.59308148645087
            ],
            [
              -120.61485175693075,
              46.593077485965125
            ],
            [
              -120.61474575660031,
              46.59307648573424
            ],
            [
              -120.61442875611156,
              46.59307448657111
            ],
            [
              -120.61432375626819,
              46.59307448626869
            ],
            [
              -120.61337875614723,
              46.59306748616681
            ],
            [
              -120.61091675585443,
              46.593051486815845
            ],
            [
              -120.61054675506385,
              46.59304648741657
            ],
            [
              -120.60960275542124,
              46.59303548676937
            ],
            [
              -120.60944275387764,
              46.59303348703699
            ],
            [
              -120.60896475388815,
              46.59302748728749
            ],
            [
              -120.60880575467775,
              46.593025487509195
            ],
            [
              -120.60854675534411,
              46.59302148711431
            ],
            [
              -120.6077577543888,
              46.593012487779966
            ],
            [
              -120.60759175363553,
              46.593010487510355
            ],
            [
              -120.60750575426104,
              46.59301048737434
            ],
            [
              -120.60720075346691,
              46.593030487747015
            ],
            [
              -120.60702175338629,
              46.59300348742491
            ],
            [
              -120.6062467536176,
              46.59299448796627
            ],
            [
              -120.60437575286377,
              46.59297248779338
            ],
            [
              -120.6030177525313,
              46.59295648824245
            ],
            [
              -120.60284175279772,
              46.59295448828438
            ],
            [
              -120.60231675269667,
              46.59294848860252
            ],
            [
              -120.60214275236207,
              46.59294648848042
            ],
            [
              -120.60190175251839,
              46.59294348888362
            ],
            [
              -120.60118175216807,
              46.592934488893846
            ],
            [
              -120.60094175265858,
              46.59293248950957
            ],
            [
              -120.60070675228651,
              46.5929294893003
            ],
            [
              -120.60000275153803,
              46.59292148892114
            ],
            [
              -120.59976875147146,
              46.592919489030265
            ],
            [
              -120.59945675114696,
              46.59291548907102
            ],
            [
              -120.59852375128568,
              46.59290448912215
            ],
            [
              -120.59821275001414,
              46.592901489828975
            ],
            [
              -120.59803775112702,
              46.592898489299536
            ],
            [
              -120.59751574984678,
              46.592892489311104
            ],
            [
              -120.59734175167216,
              46.59289148950378
            ],
            [
              -120.59717275089879,
              46.59288848974579
            ],
            [
              -120.59666875043074,
              46.59288249039731
            ],
            [
              -120.59652175126543,
              46.59288148992106
            ],
            [
              -120.59650074949856,
              46.59288249006214
            ],
            [
              -120.5964797507077,
              46.59288149025652
            ],
            [
              -120.5963787503253,
              46.592879489966556
            ],
            [
              -120.59601374964286,
              46.59287549016293
            ],
            [
              -120.5958927497953,
              46.59287448955066
            ],
            [
              -120.59583075013859,
              46.59287348979275
            ],
            [
              -120.5956457508519,
              46.59287048948184
            ],
            [
              -120.59558475002413,
              46.592870490075384
            ],
            [
              -120.59534875056536,
              46.59286749049257
            ],
            [
              -120.59464074973668,
              46.592858489725344
            ],
            [
              -120.59440575048815,
              46.59285649048926
            ],
            [
              -120.59429874959491,
              46.592854489715315
            ],
            [
              -120.59397674987316,
              46.59285149067137
            ],
            [
              -120.5938707491001,
              46.59285049089512
            ],
            [
              -120.59332474973779,
              46.59284349015293
            ],
            [
              -120.59235174904829,
              46.59283349090972
            ],
            [
              -120.59168674828767,
              46.59282849101052
            ],
            [
              -120.5911417489251,
              46.592824491106064
            ],
            [
              -120.59086474908857,
              46.59282149153485
            ],
            [
              -120.59003374820821,
              46.59281549095835
            ],
            [
              -120.58975774849831,
              46.592813491039244
            ],
            [
              -120.58950774772214,
              46.59281049129134
            ],
            [
              -120.58875874752091,
              46.59280449195167
            ],
            [
              -120.58850974683614,
              46.59280249146668
            ],
            [
              -120.5882377469213,
              46.59279949156448
            ],
            [
              -120.58742374730772,
              46.59279249178813
            ],
            [
              -120.58715274747402,
              46.59279049166144
            ],
            [
              -120.58700874746765,
              46.59278849155364
            ],
            [
              -120.58657874742867,
              46.59278449216847
            ],
            [
              -120.58643574741427,
              46.59278349190249
            ],
            [
              -120.58631074639659,
              46.59278149275652
            ],
            [
              -120.58593474688686,
              46.5927774924889
            ],
            [
              -120.58581074714834,
              46.59277649246459
            ],
            [
              -120.58527474606034,
              46.59276849217359
            ],
            [
              -120.58444074642708,
              46.592757492497256
            ],
            [
              -120.58366874557983,
              46.59274949306424
            ],
            [
              -120.58313374565257,
              46.59274549268791
            ],
            [
              -120.58235074511998,
              46.59273849277351
            ],
            [
              -120.58000174478045,
              46.59271749326842
            ],
            [
              -120.57921874508648,
              46.59271049351273
            ],
            [
              -120.57891674439212,
              46.59270749401903
            ],
            [
              -120.57801274354247,
              46.5927014933494
            ],
            [
              -120.57771174406648,
              46.59269949401102
            ],
            [
              -120.57755374409547,
              46.59269749331098
            ],
            [
              -120.57707974329017,
              46.59269449386072
            ],
            [
              -120.57692274444146,
              46.592693493834005
            ],
            [
              -120.57668674423148,
              46.59269049444635
            ],
            [
              -120.57620974313409,
              46.59268649388265
            ],
            [
              -120.57598074327795,
              46.59268349377405
            ],
            [
              -120.57574574292225,
              46.59268149490028
            ],
            [
              -120.57547674344741,
              46.5926794945847
            ],
            [
              -120.57466874307494,
              46.5926764944556
            ],
            [
              -120.57440074339844,
              46.59267549407665
            ],
            [
              -120.57399574351444,
              46.592672494541645
            ],
            [
              -120.57370974203032,
              46.59267149428813
            ],
            [
              -120.57278374207111,
              46.59267049466415
            ],
            [
              -120.57237974206701,
              46.5926704954303
            ],
            [
              -120.57211174246947,
              46.59266949508783
            ],
            [
              -120.57131074145805,
              46.592669495083065
            ],
            [
              -120.57104374155715,
              46.59266949473472
            ],
            [
              -120.57079574186147,
              46.592669495503976
            ],
            [
              -120.57005374205993,
              46.59267249552136
            ],
            [
              -120.56980674199862,
              46.592673495753985
            ],
            [
              -120.56953374146882,
              46.5926734955427
            ],
            [
              -120.5687147410245,
              46.59267749537766
            ],
            [
              -120.56844174043219,
              46.59267849567959
            ],
            [
              -120.56817974013791,
              46.592678495553656
            ],
            [
              -120.56739674061036,
              46.592682495985414
            ],
            [
              -120.56713573982712,
              46.592684496418435
            ],
            [
              -120.56609174078034,
              46.59268849591377
            ],
            [
              -120.56296073940648,
              46.59270349733288
            ],
            [
              -120.56191773776297,
              46.592709496818834
            ],
            [
              -120.56192373858502,
              46.59290449712019
            ],
            [
              -120.56194473855287,
              46.59349249761762
            ],
            [
              -120.5619517390771,
              46.59368849686897
            ],
            [
              -120.56195673888476,
              46.59385349769003
            ],
            [
              -120.56197373902285,
              46.594349497659266
            ],
            [
              -120.56197973979782,
              46.59451549743742
            ],
            [
              -120.56199473987577,
              46.59487549719548
            ],
            [
              -120.56200673917434,
              46.59515949728693
            ],
            [
              -120.5620197402254,
              46.59595549726474
            ],
            [
              -120.56202574031519,
              46.59627049734516
            ],
            [
              -120.56202174034141,
              46.596316497193754
            ],
            [
              -120.56201374055084,
              46.596399497617
            ],
            [
              -120.56197973976666,
              46.59654549803196
            ],
            [
              -120.561963740149,
              46.59670249779296
            ],
            [
              -120.56195374045791,
              46.5967634981708
            ],
            [
              -120.56193474122661,
              46.59689049777579
            ],
            [
              -120.5619267405653,
              46.597079497598
            ],
            [
              -120.56193974069784,
              46.59812049732126
            ],
            [
              -120.56194574116543,
              46.59857349746722
            ],
            [
              -120.56194874140165,
              46.598843497288414
            ],
            [
              -120.56195974188215,
              46.599653498289165
            ],
            [
              -120.5619637418824,
              46.59992449793462
            ],
            [
              -120.56196674265493,
              46.60010549824909
            ],
            [
              -120.56197574248095,
              46.60064849825838
            ],
            [
              -120.56197874186233,
              46.60083049806824
            ],
            [
              -120.56198074233663,
              46.60097549823682
            ],
            [
              -120.56198774234544,
              46.6014104981789
            ],
            [
              -120.56199074269504,
              46.60155549779057
            ],
            [
              -120.56199074297972,
              46.601577497990206
            ],
            [
              -120.5619917423601,
              46.60164349804753
            ],
            [
              -120.56199274231268,
              46.601666498123265
            ],
            [
              -120.56199474282623,
              46.60182749865967
            ],
            [
              -120.56200074240273,
              46.60216449860666
            ],
            [
              -120.56200274281937,
              46.60231049825824
            ],
            [
              -120.56200574306774,
              46.60247249775233
            ],
            [
              -120.56200874309457,
              46.60268349792226
            ],
            [
              -120.56200974287212,
              46.602731498542546
            ],
            [
              -120.56201374336906,
              46.603319498205195
            ],
            [
              -120.56201574327824,
              46.60353249882023
            ],
            [
              -120.5620167425645,
              46.60371049794758
            ],
            [
              -120.5620207435337,
              46.60405849805707
            ],
            [
              -120.56203474405184,
              46.604243498441726
            ],
            [
              -120.5620487445076,
              46.60442149859504
            ],
            [
              -120.56205374388236,
              46.60447749857196
            ],
            [
              -120.56207174401403,
              46.60464749860456
            ],
            [
              -120.56207774446342,
              46.60470449845271
            ],
            [
              -120.56208174351328,
              46.60477149906164
            ],
            [
              -120.56208674425673,
              46.60484349851441
            ],
            [
              -120.56208074341087,
              46.604972498937116
            ],
            [
              -120.56207874426137,
              46.60502449833483
            ],
            [
              -120.56207574457316,
              46.60504049854314
            ],
            [
              -120.56207174417028,
              46.60506149868204
            ],
            [
              -120.56206174404055,
              46.60512449891188
            ],
            [
              -120.562058744664,
              46.605146498924505
            ],
            [
              -120.5620247433404,
              46.60535849877448
            ],
            [
              -120.56200974441977,
              46.60551949851811
            ],
            [
              -120.56200874399742,
              46.60553849889189
            ],
            [
              -120.56200174419897,
              46.6060084990686
            ],
            [
              -120.5619817451232,
              46.606724499093794
            ],
            [
              -120.56197074439041,
              46.60712049926466
            ],
            [
              -120.56264874543636,
              46.607123498466
            ],
            [
              -120.56468274621253,
              46.60713449889688
            ],
            [
              -120.56536074619265,
              46.60713849774429
            ],
            [
              -120.56574774647761,
              46.607138498302334
            ],
            [
              -120.56690874711569,
              46.60714149787439
            ],
            [
              -120.56729574729246,
              46.60714349763085
            ],
            [
              -120.56751274719608,
              46.60714349758617
            ],
            [
              -120.568164746792,
              46.60714449750418
            ],
            [
              -120.5683827465876,
              46.6071454974309
            ],
            [
              -120.56856674739268,
              46.607145497105954
            ],
            [
              -120.5691187471327,
              46.60714749699139
            ],
            [
              -120.56930374784957,
              46.60714849709409
            ],
            [
              -120.56947674809373,
              46.60714849746841
            ],
            [
              -120.56999674743744,
              46.60714949772828
            ],
            [
              -120.57017074760348,
              46.60715049685912
            ],
            [
              -120.57040074798344,
              46.607150496862374
            ],
            [
              -120.57109174776308,
              46.607153497428854
            ],
            [
              -120.57132274809808,
              46.60715449717454
            ],
            [
              -120.57156774881837,
              46.60715549669698
            ],
            [
              -120.57230374838666,
              46.607159496402836
            ],
            [
              -120.57254974780953,
              46.60716149720799
            ],
            [
              -120.57272874900872,
              46.60716149695949
            ],
            [
              -120.57326574881994,
              46.60716449668774
            ],
            [
              -120.57344574870523,
              46.60716549689505
            ],
            [
              -120.5736617488266,
              46.60716649614668
            ],
            [
              -120.5737577490582,
              46.60716749681452
            ],
            [
              -120.57469474971293,
              46.60718549582308
            ],
            [
              -120.57500774915809,
              46.60719149605056
            ],
            [
              -120.57524874931778,
              46.60719549606474
            ],
            [
              -120.57597374988337,
              46.60720749623307
            ],
            [
              -120.57621574891323,
              46.60721249576451
            ],
            [
              -120.576451750788,
              46.60721549525707
            ],
            [
              -120.57715975027706,
              46.6072264961517
            ],
            [
              -120.5773957510808,
              46.607230495914955
            ],
            [
              -120.57764374971369,
              46.60723349563246
            ],
            [
              -120.578389751285,
              46.60724549593684
            ],
            [
              -120.57863875011996,
              46.6072494950298
            ],
            [
              -120.5785607507746,
              46.60875949547412
            ],
            [
              -120.57856375122047,
              46.60881949593654
            ],
            [
              -120.57854075147847,
              46.60891849541388
            ],
            [
              -120.57852775160048,
              46.6089724962558
            ],
            [
              -120.57849775176246,
              46.60903249596288
            ],
            [
              -120.57796275160541,
              46.60941649628216
            ],
            [
              -120.57789075144383,
              46.60949349552385
            ],
            [
              -120.57779175247735,
              46.60961849618928
            ],
            [
              -120.5776767517827,
              46.60976249575129
            ],
            [
              -120.57762675182187,
              46.609872496338554
            ],
            [
              -120.57755775148946,
              46.610086496430924
            ],
            [
              -120.57754075245636,
              46.6101574961449
            ],
            [
              -120.57748475169043,
              46.61037449582134
            ],
            [
              -120.5774497521679,
              46.610737496183994
            ],
            [
              -120.5774447511618,
              46.61084949583591
            ],
            [
              -120.57745275225146,
              46.611033495981665
            ],
            [
              -120.57748875228042,
              46.61127149605759
            ],
            [
              -120.57753775200756,
              46.61152449625129
            ],
            [
              -120.57760075220848,
              46.61177549598528
            ],
            [
              -120.57772975262039,
              46.61214749584428
            ],
            [
              -120.5778457532525,
              46.61240749554587
            ],
            [
              -120.57788775226838,
              46.6125024966187
            ],
            [
              -120.57801375280283,
              46.612787496134324
            ],
            [
              -120.57805675244407,
              46.61288249645697
            ],
            [
              -120.57805775248187,
              46.61291249656333
            ],
            [
              -120.57805875265005,
              46.61293349562333
            ],
            [
              -120.57820475263097,
              46.6131834963933
            ],
            [
              -120.57820875359019,
              46.613326495579024
            ],
            [
              -120.57846475332354,
              46.61333149609549
            ],
            [
              -120.57857375396304,
              46.61333649627793
            ],
            [
              -120.57860975359706,
              46.613247496607464
            ],
            [
              -120.57865775362662,
              46.613121495774486
            ],
            [
              -120.5788037537633,
              46.61274349625766
            ],
            [
              -120.5788527530783,
              46.61261849595849
            ],
            [
              -120.57893375290465,
              46.612589495535076
            ],
            [
              -120.57917975342075,
              46.61250349585855
            ],
            [
              -120.57920375298019,
              46.612495496616894
            ],
            [
              -120.57926275342355,
              46.61247749596613
            ],
            [
              -120.57930375272717,
              46.61246449634422
            ],
            [
              -120.57943075382035,
              46.61272249587193
            ],
            [
              -120.57944275355591,
              46.61275149601477
            ],
            [
              -120.57948175337044,
              46.6128244957224
            ],
            [
              -120.5798927530711,
              46.61272749580285
            ],
            [
              -120.57978475294489,
              46.61250949569458
            ],
            [
              -120.57970875361775,
              46.612358495687644
            ],
            [
              -120.57974575325426,
              46.61234949585886
            ],
            [
              -120.57978075314398,
              46.61234249554543
            ],
            [
              -120.57988975352409,
              46.61231749548153
            ],
            [
              -120.58021775261672,
              46.61224149624933
            ],
            [
              -120.58032775409755,
              46.612217495482305
            ],
            [
              -120.58038775328284,
              46.612203495214494
            ],
            [
              -120.58060675285562,
              46.612153495820195
            ],
            [
              -120.58084675294148,
              46.61209849528749
            ],
            [
              -120.58085675427468,
              46.612685495956505
            ],
            [
              -120.58085775366271,
              46.61274649544821
            ],
            [
              -120.58150475388061,
              46.61259849588139
            ],
            [
              -120.58169575408162,
              46.61255349483061
            ],
            [
              -120.58140875397751,
              46.61197049529795
            ],
            [
              -120.58159575385952,
              46.611928495802445
            ],
            [
              -120.58168975435503,
              46.611907495582685
            ],
            [
              -120.58209875331751,
              46.611815495725935
            ],
            [
              -120.58287475382942,
              46.61164149471189
            ],
            [
              -120.58318875365512,
              46.61157149508602
            ],
            [
              -120.58351075485169,
              46.61149349442476
            ],
            [
              -120.58373475445588,
              46.61144549521629
            ],
            [
              -120.58382275523395,
              46.61142749528152
            ],
            [
              -120.58405375409069,
              46.61136749432062
            ],
            [
              -120.58429075461547,
              46.611289494470725
            ],
            [
              -120.58439275438377,
              46.6112474944828
            ],
            [
              -120.58441375488069,
              46.61130149429141
            ],
            [
              -120.58527675566486,
              46.61326949490579
            ],
            [
              -120.58523675602342,
              46.61335249446336
            ],
            [
              -120.58483375612643,
              46.61435449459343
            ],
            [
              -120.58496175633748,
              46.614403494712136
            ],
            [
              -120.58507675645068,
              46.61442949478379
            ],
            [
              -120.58519275700473,
              46.61445649531087
            ],
            [
              -120.58525475679598,
              46.6144594953815
            ],
            [
              -120.58527575614288,
              46.61446149496589
            ],
            [
              -120.58542475664701,
              46.61504349456203
            ],
            [
              -120.58545775599057,
              46.61511449495618
            ],
            [
              -120.58555375674983,
              46.61530749539884
            ],
            [
              -120.58560075629084,
              46.61534449543851
            ],
            [
              -120.58561675669095,
              46.615355495243115
            ],
            [
              -120.58564075651653,
              46.6153714956381
            ],
            [
              -120.58566075623695,
              46.61538349465939
            ],
            [
              -120.58575575639507,
              46.61542149510705
            ],
            [
              -120.5858437574686,
              46.61544549490403
            ],
            [
              -120.58596675633935,
              46.615445495263096
            ],
            [
              -120.58605075706438,
              46.61544549512404
            ],
            [
              -120.5861907573969,
              46.61543149463305
            ],
            [
              -120.58647575627792,
              46.61539649454783
            ],
            [
              -120.58653075655478,
              46.61537649415051
            ],
            [
              -120.5867647570096,
              46.61534549486249
            ],
            [
              -120.58693575690275,
              46.61533149424955
            ],
            [
              -120.58704075732585,
              46.61532949459501
            ],
            [
              -120.58718375638948,
              46.61533849477408
            ],
            [
              -120.58732975786143,
              46.61535449449496
            ],
            [
              -120.58756475773164,
              46.615391494993
            ],
            [
              -120.58771075769849,
              46.6154144944407
            ],
            [
              -120.58786275737562,
              46.61543449504711
            ],
            [
              -120.58801975744511,
              46.61546649479693
            ],
            [
              -120.58815975771688,
              46.615511494837186
            ],
            [
              -120.58831675792764,
              46.61557949475281
            ],
            [
              -120.58841275800013,
              46.615634493894206
            ],
            [
              -120.5885157582319,
              46.61569549453474
            ],
            [
              -120.58861475835842,
              46.61573649436212
            ],
            [
              -120.58872375760073,
              46.61577549451911
            ],
            [
              -120.5889677577295,
              46.615861494734915
            ],
            [
              -120.58894275828685,
              46.61771749463608
            ],
            [
              -120.5890437592018,
              46.61803849456784
            ],
            [
              -120.58916975848231,
              46.618001494480716
            ],
            [
              -120.58967275829502,
              46.617851494491276
            ],
            [
              -120.59051375940467,
              46.617603494302195
            ],
            [
              -120.59065375930378,
              46.617572494794594
            ],
            [
              -120.59079775890847,
              46.61755049388274
            ],
            [
              -120.59094375934531,
              46.61753749403945
            ],
            [
              -120.59109075925338,
              46.61753349425462
            ],
            [
              -120.59120675955583,
              46.617537493518455
            ]
          ]
        ]
      },
      "properties": {
        "feature_id": 6,
        "council_district": 6
      }
    },
    {
      "type": "Feature",
      "id": 7,
      "geometry": {
        "type": "Polygon",
        "coordinates": [
          [
            [
              -120.63057276226962,
              46.59303148238422
            ],
            [
              -120.63163176233925,
              46.5930254828181
            ],
            [
              -120.63256076255227,
              46.59302048240703
            ],
            [
              -120.63455976326169,
              46.593003481909264
            ],
            [
              -120.63480876311276,
              46.593003482103704
            ],
            [
              -120.63442776279263,
              46.59280748173368
            ],
            [
              -120.6342377637379,
              46.59273548197647
            ],
            [
              -120.6340567630701,
              46.592666481620036
            ],
            [
              -120.6334417625021,
              46.59252248226977
            ],
            [
              -120.63336076308586,
              46.59250848264845
            ],
            [
              -120.63251476329185,
              46.59249948204377
            ],
            [
              -120.63204676165695,
              46.59252348260262
            ],
            [
              -120.63153476166688,
              46.59257948232087
            ],
            [
              -120.63128176204131,
              46.592628482214025
            ],
            [
              -120.63112976117934,
              46.592670482553885
            ],
            [
              -120.63107576215991,
              46.5926964824908
            ],
            [
              -120.63081576202507,
              46.592818482292934
            ],
            [
              -120.63057276226962,
              46.59303148238422
            ]
          ]
        ]
      },
      "properties": {
        "feature_id": 7,
        "council_district": 7
      }
    },
    {
      "type": "Feature",
      "id": 8,
      "geometry": {
        "type": "Polygon",
        "coordinates": [
          [
            [
              -120.62273892097652,
              46.56768082547333
            ],
            [
              -120.62274003068258,
              46.568401626754394
            ],
            [
              -120.62274155948613,
              46.569395463341635
            ],
            [
              -120.62358602694604,
              46.569378711803125
            ],
            [
              -120.62530200820014,
              46.56937093392002
            ],
            [
              -120.62751267262853,
              46.569360874978535
            ],
            [
              -120.63082932453962,
              46.569345704346404
            ],
            [
              -120.63087100527314,
              46.56997564712045
            ],
            [
              -120.6309483345073,
              46.57118119613011
            ],
            [
              -120.63311711992914,
              46.571178896750766
            ],
            [
              -120.6348097644492,
              46.571177074362225
            ],
            [
              -120.63636374114715,
              46.571175379738804
            ],
            [
              -120.63617628980838,
              46.56760982799941
            ],
            [
              -120.63629209611209,
              46.567541596364734
            ],
            [
              -120.63757175247524,
              46.567552477786485
            ],
            [
              -120.64134175376824,
              46.56752047791359
            ],
            [
              -120.6413417540593,
              46.56700847696286
            ],
            [
              -120.64134275336667,
              46.566148476905916
            ],
            [
              -120.64134275321592,
              46.56555547644849
            ],
            [
              -120.64133975398934,
              46.56523147719468
            ],
            [
              -120.64133575291926,
              46.564797476413254
            ],
            [
              -120.64133575277937,
              46.56469047674012
            ],
            [
              -120.64133475248258,
              46.56431647706822
            ],
            [
              -120.64133375296416,
              46.56411147737231
            ],
            [
              -120.64133375203379,
              46.56395747656395
            ],
            [
              -120.64133175290718,
              46.56391547644125
            ],
            [
              -120.64096475281892,
              46.56391647640516
            ],
            [
              -120.64093775234578,
              46.56335447633021
            ],
            [
              -120.64094175100739,
              46.56201247716259
            ],
            [
              -120.64370575241867,
              46.562025475830175
            ],
            [
              -120.64441132394849,
              46.562020413452935
            ],
            [
              -120.64440910777648,
              46.55829057666683
            ],
            [
              -120.64275336792414,
              46.558308745299755
            ],
            [
              -120.63916836331926,
              46.55833005226333
            ],
            [
              -120.63916807881803,
              46.55836159664196
            ],
            [
              -120.63403033952875,
              46.55834578142682
            ],
            [
              -120.63123968486522,
              46.5583329917503
            ],
            [
              -120.62979133927993,
              46.5583675788796
            ],
            [
              -120.62954594985773,
              46.55837343866282
            ],
            [
              -120.62859811186559,
              46.55839607349628
            ],
            [
              -120.6281349990519,
              46.55839616064444
            ],
            [
              -120.62747438060089,
              46.55839628543223
            ],
            [
              -120.62346375500618,
              46.558388706172636
            ],
            [
              -120.6233984482157,
              46.56138535361248
            ],
            [
              -120.62283774513689,
              46.561376480227054
            ],
            [
              -120.62281625562842,
              46.561965896301544
            ],
            [
              -120.61940374434924,
              46.561954481478544
            ],
            [
              -120.61712474389162,
              46.5619504822416
            ],
            [
              -120.61152580979322,
              46.56194664219278
            ],
            [
              -120.6115229316023,
              46.562901327166166
            ],
            [
              -120.61170174107839,
              46.56289978786117
            ],
            [
              -120.61170851101834,
              46.563785555372206
            ],
            [
              -120.6102249575355,
              46.56378142419032
            ],
            [
              -120.61022533957895,
              46.56383672610841
            ],
            [
              -120.6075940728113,
              46.56382799247446
            ],
            [
              -120.6075949962797,
              46.56374949780904
            ],
            [
              -120.60227283411182,
              46.56370630959434
            ],
            [
              -120.60227278256396,
              46.56367888791449
            ],
            [
              -120.60182155627271,
              46.563676392743574
            ],
            [
              -120.60182123845978,
              46.563703813852655
            ],
            [
              -120.59512749500784,
              46.563663129965846
            ],
            [
              -120.59512779402036,
              46.5636357088938
            ],
            [
              -120.59415107181013,
              46.563628449908606
            ],
            [
              -120.59420931590402,
              46.563452675299494
            ],
            [
              -120.59421964389965,
              46.560985355316056
            ],
            [
              -120.59700124292608,
              46.56098852659954
            ],
            [
              -120.5970305206591,
              46.558445784748194
            ],
            [
              -120.59431984640334,
              46.55840498045437
            ],
            [
              -120.59431652224465,
              46.55825016728059
            ],
            [
              -120.59239896817776,
              46.55824557372977
            ],
            [
              -120.59240351875715,
              46.559355394978596
            ],
            [
              -120.59174673367171,
              46.559334486638456
            ],
            [
              -120.59175673374335,
              46.559434487000885
            ],
            [
              -120.59176273489759,
              46.56183048692047
            ],
            [
              -120.58908457187978,
              46.56184794384254
            ],
            [
              -120.58907065997478,
              46.56004328706229
            ],
            [
              -120.58739761419545,
              46.560040387344685
            ],
            [
              -120.58739583581479,
              46.55893323148779
            ],
            [
              -120.58653723679168,
              46.55893173787727
            ],
            [
              -120.58653694251807,
              46.55833668718235
            ],
            [
              -120.5864177790209,
              46.558336475913165
            ],
            [
              -120.58641982260481,
              46.558878355176496
            ],
            [
              -120.58547069941274,
              46.55887903434545
            ],
            [
              -120.58546982134038,
              46.558320047099535
            ],
            [
              -120.58462256256563,
              46.55832067723976
            ],
            [
              -120.58463393130214,
              46.56046205200047
            ],
            [
              -120.58388167384324,
              46.56046260627576
            ],
            [
              -120.58388136717967,
              46.561821196689955
            ],
            [
              -120.58441264336311,
              46.56179925613471
            ],
            [
              -120.58441553920603,
              46.56367914445931
            ],
            [
              -120.58592473414684,
              46.563684488161655
            ],
            [
              -120.58592773390794,
              46.56405348885148
            ],
            [
              -120.58592473392049,
              46.565277488307174
            ],
            [
              -120.58591373535442,
              46.56644548864113
            ],
            [
              -120.58592973509269,
              46.566444488791596
            ],
            [
              -120.58592573576384,
              46.56736948939513
            ],
            [
              -120.58461973492318,
              46.56735348921884
            ],
            [
              -120.58424573466166,
              46.56734848880671
            ],
            [
              -120.58392573466628,
              46.567344489366654
            ],
            [
              -120.58362173499519,
              46.56734048992884
            ],
            [
              -120.58337773509598,
              46.5673164896522
            ],
            [
              -120.58056273430185,
              46.56732549039659
            ],
            [
              -120.58056273338785,
              46.56734249041192
            ],
            [
              -120.58056573313429,
              46.5674654900971
            ],
            [
              -120.58056873399265,
              46.567609489690206
            ],
            [
              -120.58057273351652,
              46.567868489671724
            ],
            [
              -120.58057373404665,
              46.56790549026547
            ],
            [
              -120.58057673462747,
              46.568121489794954
            ],
            [
              -120.58057873470167,
              46.56824149069488
            ],
            [
              -120.58058173464339,
              46.5683724901546
            ],
            [
              -120.5805857343513,
              46.56862448983276
            ],
            [
              -120.58059073456576,
              46.568883489963525
            ],
            [
              -120.58059273410223,
              46.56900749074449
            ],
            [
              -120.58059373418021,
              46.56905649012091
            ],
            [
              -120.58059473433589,
              46.56915749084884
            ],
            [
              -120.58087273456148,
              46.569158490263426
            ],
            [
              -120.58142973428293,
              46.5691604899527
            ],
            [
              -120.58170773584767,
              46.56916149003573
            ],
            [
              -120.58193473467423,
              46.569162490005496
            ],
            [
              -120.58198673535526,
              46.56916249052699
            ],
            [
              -120.58210773545746,
              46.56916249009285
            ],
            [
              -120.58226473433282,
              46.56916349015759
            ],
            [
              -120.58254273462651,
              46.56916449001119
            ],
            [
              -120.58258073557622,
              46.56916448956942
            ],
            [
              -120.58279173470922,
              46.56916448996885
            ],
            [
              -120.58282173525339,
              46.56916448984008
            ],
            [
              -120.58306973501901,
              46.56916548944114
            ],
            [
              -120.58309973556376,
              46.569165489239474
            ],
            [
              -120.5832657356416,
              46.5691674899107
            ],
            [
              -120.58325373608784,
              46.57075148983515
            ],
            [
              -120.58325173572544,
              46.57099749025235
            ],
            [
              -120.58320973641769,
              46.57099749022643
            ],
            [
              -120.58314173632012,
              46.57099648977182
            ],
            [
              -120.58118873548723,
              46.57099049034575
            ],
            [
              -120.58105273557659,
              46.57098949011538
            ],
            [
              -120.58029373567628,
              46.57098749111514
            ],
            [
              -120.5778517346689,
              46.570973491064656
            ],
            [
              -120.57551673409172,
              46.5709644918508
            ],
            [
              -120.57474273367693,
              46.57112649129168
            ],
            [
              -120.57431573306813,
              46.57125449176233
            ],
            [
              -120.57406273374812,
              46.57136149155746
            ],
            [
              -120.57390773304351,
              46.571443492493735
            ],
            [
              -120.5731857329888,
              46.571824492805426
            ],
            [
              -120.57251273426152,
              46.57277349185877
            ],
            [
              -120.57249073413757,
              46.57510449320146
            ],
            [
              -120.57245573548397,
              46.57783849301528
            ],
            [
              -120.56722173477607,
              46.57783849380418
            ],
            [
              -120.56721373348907,
              46.578135494361305
            ],
            [
              -120.5629877333409,
              46.57815649445594
            ],
            [
              -120.5623707327483,
              46.57815649515704
            ],
            [
              -120.5620147322301,
              46.57815649527962
            ],
            [
              -120.56201273213249,
              46.57825949486259
            ],
            [
              -120.56200673283277,
              46.57863349494484
            ],
            [
              -120.56200473299376,
              46.57875849570728
            ],
            [
              -120.56199973325276,
              46.57898849562325
            ],
            [
              -120.5619877333661,
              46.579678495488665
            ],
            [
              -120.56198473216902,
              46.5799094956056
            ],
            [
              -120.56198173319193,
              46.58015849520773
            ],
            [
              -120.56197373260794,
              46.58090749515202
            ],
            [
              -120.56197173412122,
              46.58115749548982
            ],
            [
              -120.56196873465073,
              46.58128249583845
            ],
            [
              -120.56196373351797,
              46.58166049596719
            ],
            [
              -120.561962734074,
              46.58178649564288
            ],
            [
              -120.56195973372729,
              46.58197949585097
            ],
            [
              -120.5619507345048,
              46.58256249542115
            ],
            [
              -120.56194873469754,
              46.58275649638194
            ],
            [
              -120.5619457332956,
              46.58293949594279
            ],
            [
              -120.56193773432858,
              46.583492495730425
            ],
            [
              -120.56193573479538,
              46.58367649604587
            ],
            [
              -120.56193273415363,
              46.58379149572591
            ],
            [
              -120.56192773508192,
              46.58413849612619
            ],
            [
              -120.56192673456161,
              46.58425449603481
            ],
            [
              -120.56192473565345,
              46.58442649667027
            ],
            [
              -120.56192373479746,
              46.58448949584936
            ],
            [
              -120.56192273450448,
              46.58458049602066
            ],
            [
              -120.56192273630995,
              46.5851974966653
            ],
            [
              -120.56192273621716,
              46.58543349613786
            ],
            [
              -120.56192173601039,
              46.586159496314096
            ],
            [
              -120.56192073701476,
              46.588337496102255
            ],
            [
              -120.56192073746836,
              46.58906449668513
            ],
            [
              -120.56192073679235,
              46.589429496222856
            ],
            [
              -120.5619207375019,
              46.59007649724725
            ],
            [
              -120.56192673775321,
              46.59052449684358
            ],
            [
              -120.56193173773394,
              46.59089049669925
            ],
            [
              -120.5613987375999,
              46.5908934973229
            ],
            [
              -120.55980173681763,
              46.59090549710576
            ],
            [
              -120.55926973693904,
              46.590910497124995
            ],
            [
              -120.55926873686451,
              46.59108849771002
            ],
            [
              -120.55926673799632,
              46.59162649699301
            ],
            [
              -120.5592667373348,
              46.59180549745748
            ],
            [
              -120.55926473780856,
              46.591988497931354
            ],
            [
              -120.55926273716042,
              46.59254049760579
            ],
            [
              -120.55926273801916,
              46.59272449743923
            ],
            [
              -120.5591257378069,
              46.592724497239836
            ],
            [
              -120.55871773788566,
              46.592728497595175
            ],
            [
              -120.55858173840973,
              46.59272949755011
            ],
            [
              -120.55818873782306,
              46.59273149829566
            ],
            [
              -120.55701373692249,
              46.59273849805648
            ],
            [
              -120.55662173692842,
              46.59274149873863
            ],
            [
              -120.55662573750635,
              46.59310049802111
            ],
            [
              -120.5566387374222,
              46.59417949787397
            ],
            [
              -120.55664373765812,
              46.59453949878763
            ],
            [
              -120.55664973819344,
              46.59489749834448
            ],
            [
              -120.55666873817177,
              46.59597349811913
            ],
            [
              -120.55667573850246,
              46.59633249840645
            ],
            [
              -120.55702473926125,
              46.596329498297834
            ],
            [
              -120.55807373923952,
              46.59632149818755
            ],
            [
              -120.55842373935869,
              46.59631949822196
            ],
            [
              -120.55885973964112,
              46.59631949790353
            ],
            [
              -120.56016973957136,
              46.59632149756318
            ],
            [
              -120.56060674072657,
              46.596322497678145
            ],
            [
              -120.5608887405656,
              46.596320498278395
            ],
            [
              -120.56173774012773,
              46.59631649692804
            ],
            [
              -120.56202174034141,
              46.596316497193754
            ],
            [
              -120.56202574031519,
              46.59627049734516
            ],
            [
              -120.5620197402254,
              46.59595549726474
            ],
            [
              -120.56200673917434,
              46.59515949728693
            ],
            [
              -120.56199473987577,
              46.59487549719548
            ],
            [
              -120.56197973979782,
              46.59451549743742
            ],
            [
              -120.56197373902285,
              46.594349497659266
            ],
            [
              -120.56195673888476,
              46.59385349769003
            ],
            [
              -120.5619517390771,
              46.59368849686897
            ],
            [
              -120.56194473855287,
              46.59349249761762
            ],
            [
              -120.56192373858502,
              46.59290449712019
            ],
            [
              -120.56191773776297,
              46.592709496818834
            ],
            [
              -120.56296073940648,
              46.59270349733288
            ],
            [
              -120.56609174078034,
              46.59268849591377
            ],
            [
              -120.56713573982712,
              46.592684496418435
            ],
            [
              -120.56739674061036,
              46.592682495985414
            ],
            [
              -120.56817974013791,
              46.592678495553656
            ],
            [
              -120.56844174043219,
              46.59267849567959
            ],
            [
              -120.5687147410245,
              46.59267749537766
            ],
            [
              -120.56953374146882,
              46.5926734955427
            ],
            [
              -120.56980674199862,
              46.592673495753985
            ],
            [
              -120.57005374205993,
              46.59267249552136
            ],
            [
              -120.57079574186147,
              46.592669495503976
            ],
            [
              -120.57104374155715,
              46.59266949473472
            ],
            [
              -120.57131074145805,
              46.592669495083065
            ],
            [
              -120.57211174246947,
              46.59266949508783
            ],
            [
              -120.57237974206701,
              46.5926704954303
            ],
            [
              -120.57278374207111,
              46.59267049466415
            ],
            [
              -120.57370974203032,
              46.59267149428813
            ],
            [
              -120.57399574351444,
              46.592672494541645
            ],
            [
              -120.57440074339844,
              46.59267549407665
            ],
            [
              -120.57466874307494,
              46.5926764944556
            ],
            [
              -120.57547674344741,
              46.5926794945847
            ],
            [
              -120.57574574292225,
              46.59268149490028
            ],
            [
              -120.57598074327795,
              46.59268349377405
            ],
            [
              -120.57620974313409,
              46.59268649388265
            ],
            [
              -120.57668674423148,
              46.59269049444635
            ],
            [
              -120.57692274444146,
              46.592693493834005
            ],
            [
              -120.57707974329017,
              46.59269449386072
            ],
            [
              -120.57755374409547,
              46.59269749331098
            ],
            [
              -120.57771174406648,
              46.59269949401102
            ],
            [
              -120.57801274354247,
              46.5927014933494
            ],
            [
              -120.57891674439212,
              46.59270749401903
            ],
            [
              -120.57921874508648,
              46.59271049351273
            ],
            [
              -120.58000174478045,
              46.59271749326842
            ],
            [
              -120.58235074511998,
              46.59273849277351
            ],
            [
              -120.58313374565257,
              46.59274549268791
            ],
            [
              -120.58366874557983,
              46.59274949306424
            ],
            [
              -120.58444074642708,
              46.592757492497256
            ],
            [
              -120.58527474606034,
              46.59276849217359
            ],
            [
              -120.58581074714834,
              46.59277649246459
            ],
            [
              -120.58593474688686,
              46.5927774924889
            ],
            [
              -120.58631074639659,
              46.59278149275652
            ],
            [
              -120.58643574741427,
              46.59278349190249
            ],
            [
              -120.58657874742867,
              46.59278449216847
            ],
            [
              -120.58700874746765,
              46.59278849155364
            ],
            [
              -120.58715274747402,
              46.59279049166144
            ],
            [
              -120.58742374730772,
              46.59279249178813
            ],
            [
              -120.5882377469213,
              46.59279949156448
            ],
            [
              -120.58850974683614,
              46.59280249146668
            ],
            [
              -120.58875874752091,
              46.59280449195167
            ],
            [
              -120.58950774772214,
              46.59281049129134
            ],
            [
              -120.58975774849831,
              46.592813491039244
            ],
            [
              -120.59003374820821,
              46.59281549095835
            ],
            [
              -120.59086474908857,
              46.59282149153485
            ],
            [
              -120.5911417489251,
              46.592824491106064
            ],
            [
              -120.59168674828767,
              46.59282849101052
            ],
            [
              -120.59235174904829,
              46.59283349090972
            ],
            [
              -120.59332474973779,
              46.59284349015293
            ],
            [
              -120.5938707491001,
              46.59285049089512
            ],
            [
              -120.59397674987316,
              46.59285149067137
            ],
            [
              -120.59429874959491,
              46.592854489715315
            ],
            [
              -120.59440575048815,
              46.59285649048926
            ],
            [
              -120.59464074973668,
              46.592858489725344
            ],
            [
              -120.59534875056536,
              46.59286749049257
            ],
            [
              -120.59558475002413,
              46.592870490075384
            ],
            [
              -120.5956457508519,
              46.59287048948184
            ],
            [
              -120.59583075013859,
              46.59287348979275
            ],
            [
              -120.5958927497953,
              46.59287448955066
            ],
            [
              -120.59601374964286,
              46.59287549016293
            ],
            [
              -120.5963787503253,
              46.592879489966556
            ],
            [
              -120.5964797507077,
              46.59288149025652
            ],
            [
              -120.59650074949856,
              46.59288249006214
            ],
            [
              -120.59652175126543,
              46.59288148992106
            ],
            [
              -120.59666875043074,
              46.59288249039731
            ],
            [
              -120.59717275089879,
              46.59288848974579
            ],
            [
              -120.59734175167216,
              46.59289148950378
            ],
            [
              -120.59751574984678,
              46.592892489311104
            ],
            [
              -120.59803775112702,
              46.592898489299536
            ],
            [
              -120.59821275001414,
              46.592901489828975
            ],
            [
              -120.59852375128568,
              46.59290448912215
            ],
            [
              -120.59945675114696,
              46.59291548907102
            ],
            [
              -120.59976875147146,
              46.592919489030265
            ],
            [
              -120.60000275153803,
              46.59292148892114
            ],
            [
              -120.60070675228651,
              46.5929294893003
            ],
            [
              -120.60094175265858,
              46.59293248950957
            ],
            [
              -120.60118175216807,
              46.592934488893846
            ],
            [
              -120.60190175251839,
              46.59294348888362
            ],
            [
              -120.60214275236207,
              46.59294648848042
            ],
            [
              -120.60231675269667,
              46.59294848860252
            ],
            [
              -120.60284175279772,
              46.59295448828438
            ],
            [
              -120.6030177525313,
              46.59295648824245
            ],
            [
              -120.60437575286377,
              46.59297248779338
            ],
            [
              -120.6062467536176,
              46.59299448796627
            ],
            [
              -120.60702175338629,
              46.59300348742491
            ],
            [
              -120.60720075346691,
              46.593030487747015
            ],
            [
              -120.60750575426104,
              46.59301048737434
            ],
            [
              -120.60759175363553,
              46.593010487510355
            ],
            [
              -120.6077577543888,
              46.593012487779966
            ],
            [
              -120.60854675534411,
              46.59302148711431
            ],
            [
              -120.60880575467775,
              46.593025487509195
            ],
            [
              -120.60896475388815,
              46.59302748728749
            ],
            [
              -120.60944275387764,
              46.59303348703699
            ],
            [
              -120.60960275542124,
              46.59303548676937
            ],
            [
              -120.61054675506385,
              46.59304648741657
            ],
            [
              -120.61091675585443,
              46.593051486815845
            ],
            [
              -120.61337875614723,
              46.59306748616681
            ],
            [
              -120.61432375626819,
              46.59307448626869
            ],
            [
              -120.61442875611156,
              46.59307448657111
            ],
            [
              -120.61474575660031,
              46.59307648573424
            ],
            [
              -120.61485175693075,
              46.593077485965125
            ],
            [
              -120.61563275728898,
              46.59308148645087
            ],
            [
              -120.61601075777884,
              46.59308048576158
            ],
            [
              -120.61714575749285,
              46.59308048543662
            ],
            [
              -120.61752475718683,
              46.593080485440595
            ],
            [
              -120.6185547583762,
              46.593080485371814
            ],
            [
              -120.61872675868527,
              46.59308048516252
            ],
            [
              -120.61916975850662,
              46.593080485264636
            ],
            [
              -120.61924275831151,
              46.593080484783954
            ],
            [
              -120.6192757580465,
              46.59308048547587
            ],
            [
              -120.61941575871285,
              46.59307948477532
            ],
            [
              -120.62003475875366,
              46.59307648537898
            ],
            [
              -120.62189275874935,
              46.59306948486612
            ],
            [
              -120.62251275919175,
              46.59306748491339
            ],
            [
              -120.62280575874162,
              46.59306548396095
            ],
            [
              -120.62319775971693,
              46.5930644840861
            ],
            [
              -120.62368776051976,
              46.593062484513126
            ],
            [
              -120.62398175935343,
              46.593061484387746
            ],
            [
              -120.62412476023002,
              46.59306048457055
            ],
            [
              -120.62455276022266,
              46.59305848375924
            ],
            [
              -120.6246967591367,
              46.5930584843606
            ],
            [
              -120.62471876013878,
              46.593057484252114
            ],
            [
              -120.62478775991443,
              46.59305748369397
            ],
            [
              -120.62481076027541,
              46.59305748379812
            ],
            [
              -120.62491175910841,
              46.5930564838222
            ],
            [
              -120.62521676084714,
              46.59305548380556
            ],
            [
              -120.6253187603443,
              46.593055483695466
            ],
            [
              -120.62587176041504,
              46.59305248360295
            ],
            [
              -120.62753076003291,
              46.59304448300419
            ],
            [
              -120.62808476062084,
              46.5930424832168
            ],
            [
              -120.62812176164721,
              46.5930424831759
            ],
            [
              -120.62823276081117,
              46.59304248298576
            ],
            [
              -120.62826976053253,
              46.59304248289846
            ],
            [
              -120.6286527605385,
              46.59304048300055
            ],
            [
              -120.62886076104274,
              46.59303948333193
            ],
            [
              -120.62980176170959,
              46.5930344828104
            ],
            [
              -120.63018576107302,
              46.59303348246578
            ],
            [
              -120.63026276105141,
              46.59303248257758
            ],
            [
              -120.6304947628333,
              46.59303148230064
            ],
            [
              -120.63057276226962,
              46.59303148238422
            ],
            [
              -120.63057176264816,
              46.59296248239206
            ],
            [
              -120.63056876186829,
              46.592758482775054
            ],
            [
              -120.63056876171713,
              46.59269048295933
            ],
            [
              -120.63055976161735,
              46.59204348282111
            ],
            [
              -120.630534761427,
              46.590104482317315
            ],
            [
              -120.6305287600958,
              46.58959248224536
            ],
            [
              -120.6305167600385,
              46.58945948219555
            ],
            [
              -120.63049976078928,
              46.58933848210283
            ],
            [
              -120.62855275949495,
              46.58930348265717
            ],
            [
              -120.62854876010688,
              46.58904748277183
            ],
            [
              -120.6285617581845,
              46.585779482281325
            ],
            [
              -120.63064375881946,
              46.585754481991785
            ],
            [
              -120.63063075807946,
              46.58553548180829
            ],
            [
              -120.63382176017618,
              46.58549548078226
            ],
            [
              -120.63390375870675,
              46.58332848114629
            ],
            [
              -120.6339027584629,
              46.58328048093497
            ],
            [
              -120.63393975820811,
              46.58274648103364
            ],
            [
              -120.63324075875039,
              46.58274648039671
            ],
            [
              -120.63322875915873,
              46.583141481305226
            ],
            [
              -120.63194675756284,
              46.58316448069326
            ],
            [
              -120.63187975738701,
              46.58316548100138
            ],
            [
              -120.63056575752894,
              46.583177481854584
            ],
            [
              -120.63056575716587,
              46.583160481872355
            ],
            [
              -120.63056675744467,
              46.58312548124261
            ],
            [
              -120.63059675738268,
              46.58209448107966
            ],
            [
              -120.63038475608074,
              46.58209748126184
            ],
            [
              -120.62955575761795,
              46.5821094817284
            ],
            [
              -120.62950475703896,
              46.582109481896616
            ],
            [
              -120.62935175721661,
              46.58211248173076
            ],
            [
              -120.62930175718205,
              46.58211348199926
            ],
            [
              -120.62876375655601,
              46.58212048180939
            ],
            [
              -120.62715275671275,
              46.582144481981615
            ],
            [
              -120.62661575602536,
              46.58215248179607
            ],
            [
              -120.6265717556471,
              46.58215248190526
            ],
            [
              -120.62644375575672,
              46.582154482152234
            ],
            [
              -120.62640075587153,
              46.582155482411885
            ],
            [
              -120.62529275480678,
              46.58217148271192
            ],
            [
              -120.62516475544322,
              46.58217148248164
            ],
            [
              -120.62408775509387,
              46.58217348255459
            ],
            [
              -120.62099275410154,
              46.58217948330034
            ],
            [
              -120.6200837534915,
              46.582176483476815
            ],
            [
              -120.62008275460308,
              46.583971483877505
            ],
            [
              -120.6190507544427,
              46.58398748422183
            ],
            [
              -120.61905475433167,
              46.585810484315026
            ],
            [
              -120.61759775507886,
              46.58580448446924
            ],
            [
              -120.61719075407444,
              46.585806484599736
            ],
            [
              -120.61667475507991,
              46.58581048467794
            ],
            [
              -120.61667475299609,
              46.58490448498599
            ],
            [
              -120.61643675414594,
              46.584906484495065
            ],
            [
              -120.61640975391505,
              46.58490648408218
            ],
            [
              -120.6149817524613,
              46.58492148517022
            ],
            [
              -120.61482875229756,
              46.58492348494145
            ],
            [
              -120.61482875268379,
              46.58480748460083
            ],
            [
              -120.61483075269253,
              46.58435248500526
            ],
            [
              -120.61483175358622,
              46.584069485170005
            ],
            [
              -120.61483275302136,
              46.583692485245045
            ],
            [
              -120.61483775151196,
              46.58256148511225
            ],
            [
              -120.61483975246324,
              46.58218548450454
            ],
            [
              -120.61483975210714,
              46.58217048536897
            ],
            [
              -120.61483975214747,
              46.582128484729374
            ],
            [
              -120.61483975259516,
              46.582114484215815
            ],
            [
              -120.61483875184722,
              46.58196248491646
            ],
            [
              -120.61483775197343,
              46.58150748450678
            ],
            [
              -120.61483775150764,
              46.58135648460956
            ],
            [
              -120.61483675213634,
              46.5809764852449
            ],
            [
              -120.61483475092275,
              46.57983648419986
            ],
            [
              -120.61483475052603,
              46.5794574841545
            ],
            [
              -120.61483575038056,
              46.57911348438128
            ],
            [
              -120.6148397508701,
              46.57853148440352
            ],
            [
              -120.61484175017726,
              46.5780824841484
            ],
            [
              -120.61484375016313,
              46.577739484611456
            ],
            [
              -120.6148437496284,
              46.57757548361448
            ],
            [
              -120.61484374914644,
              46.57708648366306
            ],
            [
              -120.61484374942131,
              46.57692348396948
            ],
            [
              -120.61484374985716,
              46.57651648357775
            ],
            [
              -120.61484574856047,
              46.57529548382403
            ],
            [
              -120.61484774847072,
              46.57488948353305
            ],
            [
              -120.61624674816204,
              46.57489148361679
            ],
            [
              -120.61694975000631,
              46.57488748323952
            ],
            [
              -120.61925274975633,
              46.57487548260876
            ],
            [
              -120.62228075135059,
              46.57486548238658
            ],
            [
              -120.62325675188086,
              46.574863482094955
            ],
            [
              -120.62535975178231,
              46.574861480914215
            ],
            [
              -120.62535575195288,
              46.573062481223914
            ],
            [
              -120.6228807497288,
              46.57303648213875
            ],
            [
              -120.6228927504612,
              46.57273848234812
            ],
            [
              -120.62288475041753,
              46.5712974816525
            ],
            [
              -120.61614374713527,
              46.571285483248744
            ],
            [
              -120.61484874768354,
              46.57129948336306
            ],
            [
              -120.61484874723759,
              46.57123748315945
            ],
            [
              -120.61485074677279,
              46.569445482892704
            ],
            [
              -120.61481674648456,
              46.56944548284307
            ],
            [
              -120.61397674573377,
              46.56943848336814
            ],
            [
              -120.61353374620515,
              46.56943448324567
            ],
            [
              -120.61254774555344,
              46.56942548411346
            ],
            [
              -120.61179174501004,
              46.56941948348783
            ],
            [
              -120.61156174468555,
              46.5694174841029
            ],
            [
              -120.61094674424385,
              46.56941148331585
            ],
            [
              -120.61091074550005,
              46.56941148404364
            ],
            [
              -120.61063974435176,
              46.56940848434705
            ],
            [
              -120.61061274529445,
              46.56940848437166
            ],
            [
              -120.61057574470155,
              46.56940848416358
            ],
            [
              -120.61026922598862,
              46.56940666499146
            ],
            [
              -120.6096618132695,
              46.56940933621761
            ],
            [
              -120.60958733399488,
              46.56940966310933
            ],
            [
              -120.6095860343441,
              46.568796880133306
            ],
            [
              -120.60958514860724,
              46.568379199269884
            ],
            [
              -120.60958360930611,
              46.56765260102235
            ],
            [
              -120.61574485626157,
              46.56769077338307
            ],
            [
              -120.61574529396813,
              46.5676359304119
            ],
            [
              -120.61904467060315,
              46.567609638306706
            ],
            [
              -120.61997901928358,
              46.5676295979839
            ],
            [
              -120.62027715533438,
              46.56768344092311
            ],
            [
              -120.62273892097652,
              46.56768082547333
            ]
          ]
        ]
      },
      "properties": {
        "feature_id": 8,
        "council_district": 7
      }
    }
  ]
}