{
  "type": "FeatureCollection",
  "features": [
    {
      "type": "Feature",
      "id": 405,
      "geometry": {
        "type": "MultiPolygon",
        "coordinates": [
          [
            [
              [
                -104.75427194372956,
                40.0186248718615
              ],
              [
                -104.75565717146077,
                40.018622460017816
              ],
              [
                -104.75764880160527,
                40.01861896497955
              ],
              [
                -104.75764878996719,
                40.018617414992136
              ],
              [
                -104.75782797578036,
                40.0186186487382
              ],
              [
                -104.75858156680296,
                40.0186173910295
              ],
              [
                -104.75858154135683,
                40.01855115252615
              ],
              [
                -104.75858042615064,
                40.015668024005016
              ],
              [
                -104.75858020399343,
                40.01509263976929
              ],
              [
                -104.7608296698153,
                40.01508444586581
              ],
              [
                -104.76138282791717,
                40.015082424316404
              ],
              [
                -104.76795434662752,
                40.01506246879266
              ],
              [
                -104.77280713659897,
                40.015052843612665
              ],
              [
                -104.77280211831662,
                40.007715213403195
              ],
              [
                -104.77279608455193,
                40.000548349746786
              ],
              [
                -104.77279571137602,
                40.00054831322676
              ],
              [
                -104.77279106939478,
                40.000548317970946
              ],
              [
                -104.77182377821296,
                40.00045438069083
              ],
              [
                -104.7711947788067,
                40.00045738113419
              ],
              [
                -104.77106975942893,
                40.00026422175185
              ],
              [
                -104.77105152011264,
                39.99770139499745
              ],
              [
                -104.7710561438205,
                39.99760031533114
              ],
              [
                -104.77105591719734,
                39.99726680939827
              ],
              [
                -104.77118114694709,
                39.994113713790256
              ],
              [
                -104.77118119084979,
                39.99411051513633
              ],
              [
                -104.7711828290143,
                39.99399825396763
              ],
              [
                -104.77071808855067,
                39.994003469988264
              ],
              [
                -104.77019408685116,
                39.9940084693216
              ],
              [
                -104.76987008781519,
                39.993990469562206
              ],
              [
                -104.76968508767963,
                39.993969469402714
              ],
              [
                -104.7686030869887,
                39.99381346928721
              ],
              [
                -104.76842608739858,
                39.99379346952505
              ],
              [
                -104.76814808659627,
                39.993775468947746
              ],
              [
                -104.76786408788855,
                39.993766469844005
              ],
              [
                -104.76768408638783,
                39.99376646976624
              ],
              [
                -104.76750408638901,
                39.993772469211635
              ],
              [
                -104.76745508746376,
                39.99377446905192
              ],
              [
                -104.76742608714751,
                39.99250246972403
              ],
              [
                -104.76742508659873,
                39.991771469582034
              ],
              [
                -104.76742508604909,
                39.991063469517165
              ],
              [
                -104.76743008615593,
                39.990354469060094
              ],
              [
                -104.7674290860736,
                39.98963246882199
              ],
              [
                -104.76742908604115,
                39.989174468491605
              ],
              [
                -104.76741908618806,
                39.98906946849258
              ],
              [
                -104.7674020864001,
                39.988972469230895
              ],
              [
                -104.76736608597247,
                39.98882146916005
              ],
              [
                -104.76733608681658,
                39.98872746929043
              ],
              [
                -104.76728008669407,
                39.98859946892619
              ],
              [
                -104.76723208561783,
                39.988490468599366
              ],
              [
                -104.76721708679442,
                39.988455469151354
              ],
              [
                -104.76711808545498,
                39.988235468470855
              ],
              [
                -104.76708308623384,
                39.98813946876694
              ],
              [
                -104.76706008624338,
                39.988056468041066
              ],
              [
                -104.76703208610549,
                39.98795646895201
              ],
              [
                -104.76701708506639,
                39.987870468418954
              ],
              [
                -104.7670040856186,
                39.98772446875004
              ],
              [
                -104.76700308637939,
                39.98741846889429
              ],
              [
                -104.76700308579869,
                39.98728346876356
              ],
              [
                -104.76700208543299,
                39.9869044687922
              ],
              [
                -104.76700208572632,
                39.98686146867788
              ],
              [
                -104.76706608592399,
                39.98686046905577
              ],
              [
                -104.76725008664056,
                39.98686046888178
              ],
              [
                -104.77118676901578,
                39.98685548619761
              ],
              [
                -104.77118677267114,
                39.98685412541188
              ],
              [
                -104.77120106304385,
                39.98685404428729
              ],
              [
                -104.77112108696608,
                39.982071468088
              ],
              [
                -104.77108118767636,
                39.979717462151186
              ],
              [
                -104.77108108631046,
                39.97971146710546
              ],
              [
                -104.7715610858425,
                39.97971246664547
              ],
              [
                -104.7716268830954,
                39.97954020151596
              ],
              [
                -104.77122559647871,
                39.979538364156724
              ],
              [
                -104.77118517345166,
                39.977332829735566
              ],
              [
                -104.77111571493809,
                39.974160086443554
              ],
              [
                -104.77127870299462,
                39.974160761932644
              ],
              [
                -104.77131977381036,
                39.974157633622504
              ],
              [
                -104.77135824175865,
                39.97414749512866
              ],
              [
                -104.77139589912684,
                39.97412954696757
              ],
              [
                -104.77141927590804,
                39.97411244910962
              ],
              [
                -104.7714430118719,
                39.97408413821458
              ],
              [
                -104.77145733704565,
                39.97405688510044
              ],
              [
                -104.77146218768493,
                39.97403018053464
              ],
              [
                -104.77146202875467,
                39.97402667349412
              ],
              [
                -104.77146066077,
                39.97399642449863
              ],
              [
                -104.77144938894025,
                39.9739660243339
              ],
              [
                -104.77142916485737,
                39.97393840223661
              ],
              [
                -104.77141546265781,
                39.9739266692473
              ],
              [
                -104.77139539299058,
                39.9739115232941
              ],
              [
                -104.77136806171974,
                39.9738968773939
              ],
              [
                -104.77134214327023,
                39.97388886326429
              ],
              [
                -104.77131147002038,
                39.973882863261004
              ],
              [
                -104.77128884286178,
                39.973880162294314
              ],
              [
                -104.7711140241699,
                39.9738814221368
              ],
              [
                -104.77111399518319,
                39.9738766811664
              ],
              [
                -104.77111375893566,
                39.9738378239504
              ],
              [
                -104.77111222017808,
                39.97358431988282
              ],
              [
                -104.77110985468578,
                39.97317235616969
              ],
              [
                -104.77110732573986,
                39.972742282873355
              ],
              [
                -104.77110206047666,
                39.97237581417578
              ],
              [
                -104.77110196344064,
                39.972369068031284
              ],
              [
                -104.77110168531927,
                39.972364420984064
              ],
              [
                -104.77098808529647,
                39.9723644662484
              ],
              [
                -104.76615408389675,
                39.97238446689261
              ],
              [
                -104.7651650840283,
                39.97237846634193
              ],
              [
                -104.76242008304379,
                39.9723804670633
              ],
              [
                -104.76240193361778,
                39.972505920892864
              ],
              [
                -104.76233133497338,
                39.972499620493295
              ],
              [
                -104.761597564432,
                39.97248242814465
              ],
              [
                -104.75576001407937,
                39.97250511914812
              ],
              [
                -104.75469299138634,
                39.97259287867167
              ],
              [
                -104.75449014791731,
                39.972778255433546
              ],
              [
                -104.75419411033184,
                39.97302001028011
              ],
              [
                -104.75391599067882,
                39.973198512619916
              ],
              [
                -104.75372168204082,
                39.973296792841616
              ],
              [
                -104.75348530888834,
                39.973408073656984
              ],
              [
                -104.75278361354646,
                39.973714743874034
              ],
              [
                -104.75250734584814,
                39.97383035975614
              ],
              [
                -104.75249402036805,
                39.97489275999389
              ],
              [
                -104.7523906350132,
                39.97557932102033
              ],
              [
                -104.75226573726559,
                39.97557942537376
              ],
              [
                -104.75226379172032,
                39.97422386293554
              ],
              [
                -104.75226378201005,
                39.97411360327662
              ],
              [
                -104.75226372861273,
                39.97408248694207
              ],
              [
                -104.75226304090735,
                39.97367737118753
              ],
              [
                -104.75226300787764,
                39.97365791874875
              ],
              [
                -104.75226137454166,
                39.97250963035961
              ],
              [
                -104.75226136807136,
                39.972504983179626
              ],
              [
                -104.75228059218679,
                39.972505083306565
              ],
              [
                -104.75227908088281,
                39.97242346781156
              ],
              [
                -104.75197608070353,
                39.97242446748814
              ],
              [
                -104.75176508112452,
                39.97242646821786
              ],
              [
                -104.75142007993745,
                39.97242946803019
              ],
              [
                -104.75126208082354,
                39.97243046736749
              ],
              [
                -104.75112308013043,
                39.972429467860394
              ],
              [
                -104.75082108008239,
                39.972427467387355
              ],
              [
                -104.75053207997202,
                39.97242046742619
              ],
              [
                -104.74990308007658,
                39.972406467420434
              ],
              [
                -104.74850308025788,
                39.97239346830909
              ],
              [
                -104.74722207966657,
                39.97238346826321
              ],
              [
                -104.74689207926434,
                39.97238046777021
              ],
              [
                -104.74675914528655,
                39.972379936814114
              ],
              [
                -104.74684305101646,
                39.97232557634484
              ],
              [
                -104.74670388743782,
                39.97232450485017
              ],
              [
                -104.74551895769419,
                39.97231537298772
              ],
              [
                -104.74554796994629,
                39.97224964550179
              ],
              [
                -104.74516543594899,
                39.97224468699811
              ],
              [
                -104.74516104908241,
                39.972312612604846
              ],
              [
                -104.74318375438538,
                39.972297408301564
              ],
              [
                -104.73867590604517,
                39.97226315504824
              ],
              [
                -104.73839646025695,
                39.97226024872593
              ],
              [
                -104.73826793517293,
                39.97240790132952
              ],
              [
                -104.73823099788204,
                39.97244800312984
              ],
              [
                -104.73692545751994,
                39.97386480800441
              ],
              [
                -104.73626960943372,
                39.974536664778874
              ],
              [
                -104.73540301093517,
                39.97545283122146
              ],
              [
                -104.73341617918477,
                39.97755470711726
              ],
              [
                -104.73341704187901,
                39.97765855820981
              ],
              [
                -104.7317532979537,
                39.97943206904884
              ],
              [
                -104.73379892422746,
                39.98022255578569
              ],
              [
                -104.73509508339905,
                39.97938499891581
              ],
              [
                -104.73744606882401,
                39.97786171142128
              ],
              [
                -104.74044830824825,
                39.97590201380179
              ],
              [
                -104.74210905856856,
                39.974836435880775
              ],
              [
                -104.744401010393,
                39.973278059133655
              ],
              [
                -104.74455834300265,
                39.9731714872444
              ],
              [
                -104.74548397336777,
                39.9725596773656
              ],
              [
                -104.74617423058154,
                39.972564325812215
              ],
              [
                -104.74517133845909,
                39.97321275944862
              ],
              [
                -104.74528198475136,
                39.97331361171429
              ],
              [
                -104.74435714656744,
                39.97391299205242
              ],
              [
                -104.74438989031336,
                39.97412854156481
              ],
              [
                -104.74439151775101,
                39.9741535231468
              ],
              [
                -104.74438812219206,
                39.974178398734736
              ],
              [
                -104.74437978613962,
                39.9742025744547
              ],
              [
                -104.74436670662168,
                39.9742254742767
              ],
              [
                -104.74434921876185,
                39.974246741901794
              ],
              [
                -104.74432767721844,
                39.97426529706666
              ],
              [
                -104.74430265885655,
                39.97428126954633
              ],
              [
                -104.74427473995382,
                39.97429408573707
              ],
              [
                -104.74425915881743,
                39.974300424460615
              ],
              [
                -104.74424064378027,
                39.97430625987617
              ],
              [
                -104.74422144038807,
                39.97431058416517
              ],
              [
                -104.74419175803855,
                39.97431413890117
              ],
              [
                -104.74416171777204,
                39.97431409520967
              ],
              [
                -104.74413205237768,
                39.97431045327835
              ],
              [
                -104.74382501883382,
                39.9742592286266
              ],
              [
                -104.74109918934789,
                39.9760266911712
              ],
              [
                -104.73983363782666,
                39.976847238609935
              ],
              [
                -104.73971860816732,
                39.97674222747442
              ],
              [
                -104.7354010132964,
                39.97954137845981
              ],
              [
                -104.73105390906703,
                39.982352147275094
              ],
              [
                -104.72922920906932,
                39.98349970905288
              ],
              [
                -104.72802697816492,
                39.984277955356674
              ],
              [
                -104.72739904376799,
                39.984676572736305
              ],
              [
                -104.72673361154922,
                39.98516790082402
              ],
              [
                -104.72616602923019,
                39.98563883719315
              ],
              [
                -104.72612989643062,
                39.98567036657415
              ],
              [
                -104.72596441975668,
                39.98581476047941
              ],
              [
                -104.72645784234122,
                39.985957686342246
              ],
              [
                -104.72675503536816,
                39.98609932456072
              ],
              [
                -104.72710757874711,
                39.986268362233005
              ],
              [
                -104.72763979320017,
                39.986508065588716
              ],
              [
                -104.72833034136806,
                39.9868070459835
              ],
              [
                -104.72877866204833,
                39.986925928263986
              ],
              [
                -104.72907390411457,
                39.986979676708565
              ],
              [
                -104.72956515713388,
                39.98705075205445
              ],
              [
                -104.72998416230577,
                39.98708249863088
              ],
              [
                -104.73061093960567,
                39.98708658362563
              ],
              [
                -104.73061382139336,
                39.987042732160944
              ],
              [
                -104.73166839610882,
                39.987034657654114
              ],
              [
                -104.73166788237216,
                39.98708670563557
              ],
              [
                -104.73167524567027,
                39.987087332628434
              ],
              [
                -104.73358507458408,
                39.987249925964356
              ],
              [
                -104.73358508284423,
                39.987250240328734
              ],
              [
                -104.73358811174842,
                39.987775232816006
              ],
              [
                -104.73359124173449,
                39.98823230051056
              ],
              [
                -104.73338279842642,
                39.988211907080206
              ],
              [
                -104.7332020018021,
                39.988210504596964
              ],
              [
                -104.7310987409368,
                39.988194999880434
              ],
              [
                -104.73094321806755,
                39.988193987235945
              ],
              [
                -104.73058570273723,
                39.98841492189405
              ],
              [
                -104.7305503690232,
                39.98843688077014
              ],
              [
                -104.7300695896934,
                39.988265842439475
              ],
              [
                -104.72917972169152,
                39.987949618488955
              ],
              [
                -104.72851375695292,
                39.98771292758653
              ],
              [
                -104.7263813102024,
                39.9869549985672
              ],
              [
                -104.726214172802,
                39.98695573362204
              ],
              [
                -104.72508705143709,
                39.98695909471023
              ],
              [
                -104.72427496864493,
                39.98778299699494
              ],
              [
                -104.72245572218115,
                39.98971887318734
              ],
              [
                -104.7218793844274,
                39.99033179744209
              ],
              [
                -104.72101861236456,
                39.99124800089885
              ],
              [
                -104.71652448993848,
                39.99598160952242
              ],
              [
                -104.72973421264169,
                39.99595096979038
              ],
              [
                -104.72888350707935,
                39.99746626773742
              ],
              [
                -104.72744207985792,
                39.999814604096166
              ],
              [
                -104.72658055883439,
                40.00044291621439
              ],
              [
                -104.72658029021125,
                40.00052091896325
              ],
              [
                -104.72730371241407,
                40.00052086226576
              ],
              [
                -104.72838054723915,
                40.000520768739925
              ],
              [
                -104.73056535098068,
                40.000520549710664
              ],
              [
                -104.73073080312828,
                40.00052053130437
              ],
              [
                -104.73098363735771,
                40.000520502502134
              ],
              [
                -104.73109935596119,
                40.00052048940524
              ],
              [
                -104.73368894527277,
                40.000520165728744
              ],
              [
                -104.73401705991101,
                40.00052025134375
              ],
              [
                -104.73480863307422,
                40.00052061131567
              ],
              [
                -104.73531499522628,
                40.000520708616385
              ],
              [
                -104.74133041539089,
                40.00052156869078
              ],
              [
                -104.7426356327124,
                40.00051844213855
              ],
              [
                -104.74448848566827,
                40.000513979721774
              ],
              [
                -104.74475265346051,
                40.00051334100446
              ],
              [
                -104.74593079009344,
                40.00051046958217
              ],
              [
                -104.74844134754201,
                40.00050439078053
              ],
              [
                -104.75226697696044,
                40.000495076439265
              ],
              [
                -104.75363691591924,
                40.000493456524296
              ],
              [
                -104.75379878973534,
                40.013649414464204
              ],
              [
                -104.75380374257416,
                40.01409941193803
              ],
              [
                -104.75381501171552,
                40.015018272698626
              ],
              [
                -104.75381618490357,
                40.01511392018446
              ],
              [
                -104.75392229890382,
                40.01511342495524
              ],
              [
                -104.75390415190296,
                40.01862550930615
              ],
              [
                -104.75427194372956,
                40.0186248718615
              ]
            ],
            [
              [
                -104.7357450781553,
                39.98692747076627
              ],
              [
                -104.73380007752394,
                39.98692947127585
              ],
              [
                -104.73531607791475,
                39.98692747124157
              ],
              [
                -104.7357450781553,
                39.98692747076627
              ]
            ],
            [
              [
                -104.7484705189763,
                39.98624784523447
              ],
              [
                -104.74847011098781,
                39.986285781447855
              ],
              [
                -104.74846970147834,
                39.986323859045655
              ],
              [
                -104.7484670816502,
                39.98658846928681
              ],
              [
                -104.74846608194433,
                39.98666846979719
              ],
              [
                -104.74846608229917,
                39.986704470504385
              ],
              [
                -104.74846469622575,
                39.98679873230185
              ],
              [
                -104.7476830815628,
                39.98679704389633
              ],
              [
                -104.74767744081034,
                39.98679703137879
              ],
              [
                -104.74767819128839,
                39.9867549455757
              ],
              [
                -104.74767937271763,
                39.98667283071026
              ],
              [
                -104.7476801034925,
                39.98663257480485
              ],
              [
                -104.74768050226275,
                39.98661054228894
              ],
              [
                -104.74768083672915,
                39.986592090161196
              ],
              [
                -104.74768112269942,
                39.98657422761939
              ],
              [
                -104.74768108168321,
                39.98657346995088
              ],
              [
                -104.74768708204111,
                39.98619446950471
              ],
              [
                -104.74802208159778,
                39.98619646978433
              ],
              [
                -104.74814720396336,
                39.98619771492918
              ],
              [
                -104.74822630843833,
                39.986198218512826
              ],
              [
                -104.74833974147109,
                39.986198940541584
              ],
              [
                -104.74847108137753,
                39.98619947021073
              ],
              [
                -104.7484705189763,
                39.98624784523447
              ]
            ],
            [
              [
                -104.76516503604695,
                39.988631479505834
              ],
              [
                -104.76516600963616,
                39.988482338847476
              ],
              [
                -104.7651686068709,
                39.988178799333895
              ],
              [
                -104.76516958766233,
                39.98802897243231
              ],
              [
                -104.76516964508978,
                39.987882112660124
              ],
              [
                -104.7651697530203,
                39.987730450286115
              ],
              [
                -104.76517024009777,
                39.98757101266817
              ],
              [
                -104.76517068388611,
                39.9874156914184
              ],
              [
                -104.76517169833723,
                39.98726266213699
              ],
              [
                -104.7651724460823,
                39.987050155462384
              ],
              [
                -104.76680063135784,
                39.98704185054002
              ],
              [
                -104.76679962170834,
                39.98741581266303
              ],
              [
                -104.76680468768451,
                39.98892501982985
              ],
              [
                -104.76680477182698,
                39.988950030031695
              ],
              [
                -104.76677503232231,
                39.98895007415323
              ],
              [
                -104.76516162514321,
                39.988955830381805
              ],
              [
                -104.76516503604695,
                39.988631479505834
              ]
            ],
            [
              [
                -104.741386686857,
                39.98886071577212
              ],
              [
                -104.74138645942395,
                39.98886095837457
              ],
              [
                -104.74138099845513,
                39.98887791046514
              ],
              [
                -104.74124269886678,
                39.9890136632698
              ],
              [
                -104.73852663441485,
                39.98901219514588
              ],
              [
                -104.73764368408276,
                39.98901153151114
              ],
              [
                -104.73563230774528,
                39.98904102036553
              ],
              [
                -104.73386441327041,
                39.98906691046357
              ],
              [
                -104.73392973763538,
                39.98899481943383
              ],
              [
                -104.73410976243537,
                39.98890402822901
              ],
              [
                -104.7341571062115,
                39.988872615995106
              ],
              [
                -104.73489874512526,
                39.988380537511546
              ],
              [
                -104.73504031896124,
                39.98828660123612
              ],
              [
                -104.73676059340866,
                39.987145145092285
              ],
              [
                -104.73789613715776,
                39.98712829442681
              ],
              [
                -104.73880583331717,
                39.987114944211626
              ],
              [
                -104.73885110157103,
                39.98711447586585
              ],
              [
                -104.73892872634738,
                39.98711333703538
              ],
              [
                -104.74175789795972,
                39.98707759912812
              ],
              [
                -104.741865850202,
                39.98740632523456
              ],
              [
                -104.74185883645143,
                39.98742742637458
              ],
              [
                -104.7418606049959,
                39.98743298004025
              ],
              [
                -104.74184575577243,
                39.98748595546302
              ],
              [
                -104.74163184101768,
                39.988179763868615
              ],
              [
                -104.74142467763646,
                39.98874437046533
              ],
              [
                -104.741386686857,
                39.98886071577212
              ]
            ]
          ],
          [
            [
              [
                -104.75390415190296,
                40.01862550930615
              ],
              [
                -104.75389485373638,
                40.018625525340326
              ],
              [
                -104.75390415110456,
                40.01862558405004
              ],
              [
                -104.75390415190296,
                40.01862550930615
              ]
            ]
          ]
        ]
      },
      "properties": {
        "feature_id": 405,
        "ward": 1
      }
    },
    {
      "type": "Feature",
      "id": 406,
      "geometry": {
        "type": "MultiPolygon",
        "coordinates": [
          [
            [
              [
                -104.79224401250849,
                40.02943620186884
              ],
              [
                -104.79221696949581,
                40.029436202005655
              ],
              [
                -104.79228559234139,
                40.02959877452068
              ],
              [
                -104.79235976076951,
                40.02975863791739
              ],
              [
                -104.79240575984443,
                40.02983081132501
              ],
              [
                -104.7924212620892,
                40.02985512800278
              ],
              [
                -104.79255736716294,
                40.03001124642996
              ],
              [
                -104.79271213053129,
                40.03013924581954
              ],
              [
                -104.7927743375402,
                40.03020407726694
              ],
              [
                -104.79283931361576,
                40.0302845782616
              ],
              [
                -104.79290230015135,
                40.03039451183298
              ],
              [
                -104.7929440773836,
                40.030507248060054
              ],
              [
                -104.79291831958183,
                40.030620477178736
              ],
              [
                -104.79287094942288,
                40.03076135360439
              ],
              [
                -104.7928879939617,
                40.03088850784122
              ],
              [
                -104.79292376784733,
                40.030980485746284
              ],
              [
                -104.7930241020928,
                40.03104462565709
              ],
              [
                -104.79316744536692,
                40.03111598692928
              ],
              [
                -104.79328962098232,
                40.031184868220315
              ],
              [
                -104.79343612356875,
                40.031271252637794
              ],
              [
                -104.79348206654937,
                40.031298806827195
              ],
              [
                -104.79352374048672,
                40.03132960368688
              ],
              [
                -104.79360741624076,
                40.03137940981034
              ],
              [
                -104.79368290482405,
                40.031447227196594
              ],
              [
                -104.79373575622728,
                40.03148628427144
              ],
              [
                -104.79379939828337,
                40.03154345885614
              ],
              [
                -104.79389936911788,
                40.03164288780093
              ],
              [
                -104.79394432671192,
                40.03173492112745
              ],
              [
                -104.79397856645343,
                40.031975114334976
              ],
              [
                -104.79401295382243,
                40.03220119178077
              ],
              [
                -104.79403021952743,
                40.03230717261826
              ],
              [
                -104.79408175672768,
                40.03238800771816
              ],
              [
                -104.79413243280231,
                40.032434782185
              ],
              [
                -104.79423016667702,
                40.03250602907226
              ],
              [
                -104.7944489164204,
                40.032662650314656
              ],
              [
                -104.7945942872651,
                40.03281176450406
              ],
              [
                -104.79472660108632,
                40.03308969616767
              ],
              [
                -104.79546097319286,
                40.0330881038425
              ],
              [
                -104.79669586332616,
                40.03308643461216
              ],
              [
                -104.79848510933493,
                40.03308399453921
              ],
              [
                -104.80060823711688,
                40.033081063209636
              ],
              [
                -104.80133841689916,
                40.03307934110933
              ],
              [
                -104.80523007980807,
                40.033070085641775
              ],
              [
                -104.8072662485091,
                40.033065636375035
              ],
              [
                -104.8072636149834,
                40.03153468468519
              ],
              [
                -104.8072615194558,
                40.02997478140289
              ],
              [
                -104.80725692547453,
                40.0295464832165
              ],
              [
                -104.80724872288563,
                40.02948185446671
              ],
              [
                -104.80780062628456,
                40.02947821529951
              ],
              [
                -104.8081007300446,
                40.029477422333144
              ],
              [
                -104.80821795579519,
                40.02947986476093
              ],
              [
                -104.80870270773089,
                40.02949180636583
              ],
              [
                -104.80871289979679,
                40.033062016203544
              ],
              [
                -104.81013032696366,
                40.03305783489302
              ],
              [
                -104.81045958870985,
                40.03305964752431
              ],
              [
                -104.81045782152297,
                40.03087195243791
              ],
              [
                -104.81045609497113,
                40.029554701102434
              ],
              [
                -104.81057073420384,
                40.02955311131354
              ],
              [
                -104.8106120570184,
                40.02953527682973
              ],
              [
                -104.81164955198028,
                40.029534546950565
              ],
              [
                -104.81625917015658,
                40.029570283831134
              ],
              [
                -104.81767374337089,
                40.02957179837894
              ],
              [
                -104.81767277438267,
                40.02948572433114
              ],
              [
                -104.81762789262652,
                40.02936885894307
              ],
              [
                -104.81056819961879,
                40.029351203423005
              ],
              [
                -104.81053690250079,
                40.02935101272317
              ],
              [
                -104.81053761951148,
                40.02873954494485
              ],
              [
                -104.81052577270285,
                40.02636713680874
              ],
              [
                -104.81050838492536,
                40.0251514923824
              ],
              [
                -104.81052412699243,
                40.023999746036075
              ],
              [
                -104.81519275357152,
                40.02400505218677
              ],
              [
                -104.81508774768659,
                40.02219078456689
              ],
              [
                -104.81057008179545,
                40.02218611941209
              ],
              [
                -104.81058194562442,
                40.0215570443192
              ],
              [
                -104.81059698244724,
                40.0209640460539
              ],
              [
                -104.81065267992061,
                40.020438359489056
              ],
              [
                -104.8107071223928,
                40.0200397559649
              ],
              [
                -104.81077005032635,
                40.01971180679196
              ],
              [
                -104.81083107481668,
                40.01936801145351
              ],
              [
                -104.81088936491521,
                40.019209295521435
              ],
              [
                -104.81104388441871,
                40.01876637749792
              ],
              [
                -104.81123970356425,
                40.01819542958378
              ],
              [
                -104.81124953812889,
                40.01787480825637
              ],
              [
                -104.81151497119612,
                40.01702785768366
              ],
              [
                -104.81211754209683,
                40.01512244447176
              ],
              [
                -104.81281377605421,
                40.01288726044356
              ],
              [
                -104.81359767533246,
                40.01040585631895
              ],
              [
                -104.81416120780246,
                40.00865527685066
              ],
              [
                -104.81443191639514,
                40.00782136435297
              ],
              [
                -104.81445333643937,
                40.00775752790059
              ],
              [
                -104.8144746711275,
                40.00775668717416
              ],
              [
                -104.81449815852959,
                40.00775654608511
              ],
              [
                -104.81625814250644,
                40.007748745540695
              ],
              [
                -104.81621853453093,
                40.0087503297291
              ],
              [
                -104.81792172827383,
                40.0087482617214
              ],
              [
                -104.8179267794112,
                40.00774670093365
              ],
              [
                -104.81858166035502,
                40.00774894828175
              ],
              [
                -104.81943385904097,
                40.007752671117714
              ],
              [
                -104.81928837376641,
                40.008135894452046
              ],
              [
                -104.81910887769575,
                40.00861165244617
              ],
              [
                -104.81896703023862,
                40.00904554442134
              ],
              [
                -104.81886883458087,
                40.00940453914175
              ],
              [
                -104.81882887976609,
                40.009554962793
              ],
              [
                -104.81882450123959,
                40.00957497203429
              ],
              [
                -104.8188228939698,
                40.00958102102438
              ],
              [
                -104.81878761090057,
                40.00974223902068
              ],
              [
                -104.81873600159106,
                40.009979344571555
              ],
              [
                -104.81887193428423,
                40.010016680536864
              ],
              [
                -104.81894877579961,
                40.010024303028054
              ],
              [
                -104.81902454769946,
                40.01002823679893
              ],
              [
                -104.81910731672052,
                40.010019862885756
              ],
              [
                -104.81918442612172,
                40.010000602411665
              ],
              [
                -104.81929301877054,
                40.009956729204056
              ],
              [
                -104.81935764862315,
                40.0099263473947
              ],
              [
                -104.81941865854252,
                40.009885484364915
              ],
              [
                -104.81949799599397,
                40.009808322399984
              ],
              [
                -104.81999742103346,
                40.00920283456152
              ],
              [
                -104.82207992172212,
                40.00917586257906
              ],
              [
                -104.82380048139413,
                40.00915347503301
              ],
              [
                -104.8239295404309,
                40.00902816736115
              ],
              [
                -104.82433609247845,
                40.00874828314534
              ],
              [
                -104.82458264534839,
                40.00861537657345
              ],
              [
                -104.8245938131761,
                40.00765567609906
              ],
              [
                -104.82442774175018,
                40.00765806049161
              ],
              [
                -104.82453879842879,
                40.00751863057754
              ],
              [
                -104.82474457522294,
                40.00726027980911
              ],
              [
                -104.8249839352203,
                40.00694734944477
              ],
              [
                -104.8250444254493,
                40.006750327400574
              ],
              [
                -104.82503347822792,
                40.00618131948976
              ],
              [
                -104.82499482023239,
                40.005820817859245
              ],
              [
                -104.82492731296502,
                40.00551481527861
              ],
              [
                -104.82487249256103,
                40.00538285111097
              ],
              [
                -104.82482725731488,
                40.00524124144223
              ],
              [
                -104.82474358628218,
                40.00497309173243
              ],
              [
                -104.82430453502884,
                40.00496980220281
              ],
              [
                -104.82413101544005,
                40.004800715371275
              ],
              [
                -104.82409599453192,
                40.0047178714684
              ],
              [
                -104.82406999513942,
                40.00462819146073
              ],
              [
                -104.82395912470734,
                40.00451736533313
              ],
              [
                -104.82388891704646,
                40.00436889391762
              ],
              [
                -104.8238370535926,
                40.00417576091817
              ],
              [
                -104.82376320300922,
                40.003941181132696
              ],
              [
                -104.82372009490689,
                40.003768759504126
              ],
              [
                -104.82365963454335,
                40.00373201779943
              ],
              [
                -104.82368754847101,
                40.00340016687033
              ],
              [
                -104.82373836050775,
                40.00326955784885
              ],
              [
                -104.82376077382311,
                40.00317067884157
              ],
              [
                -104.82380912302108,
                40.003006413217115
              ],
              [
                -104.8238589711074,
                40.00284939058622
              ],
              [
                -104.82388055316721,
                40.00279027056161
              ],
              [
                -104.82396652285318,
                40.00269778831344
              ],
              [
                -104.82406849309503,
                40.00264795947584
              ],
              [
                -104.82417320847865,
                40.00251492896896
              ],
              [
                -104.8243273981869,
                40.00229940896229
              ],
              [
                -104.82434717009238,
                40.00227350038311
              ],
              [
                -104.82454527291847,
                40.002154505308624
              ],
              [
                -104.82475008235441,
                40.0020166547404
              ],
              [
                -104.82496252428022,
                40.0018736654297
              ],
              [
                -104.82508413356385,
                40.00178489290722
              ],
              [
                -104.82521704971366,
                40.001707068490816
              ],
              [
                -104.82525277630194,
                40.00168615011066
              ],
              [
                -104.82532896846362,
                40.00164153774533
              ],
              [
                -104.82540907208163,
                40.00158124946581
              ],
              [
                -104.82550144697659,
                40.001511726294765
              ],
              [
                -104.82558134858361,
                40.00145158984362
              ],
              [
                -104.82565928128979,
                40.0013929361783
              ],
              [
                -104.82571196586937,
                40.00134259398955
              ],
              [
                -104.82576507942238,
                40.00129184085371
              ],
              [
                -104.82587062692595,
                40.00118756131193
              ],
              [
                -104.82596139331618,
                40.001091061291966
              ],
              [
                -104.82604566438819,
                40.00101125082155
              ],
              [
                -104.82609335686071,
                40.00096959409553
              ],
              [
                -104.82621160433536,
                40.00092383596752
              ],
              [
                -104.82634296258841,
                40.000819401520246
              ],
              [
                -104.82641383519972,
                40.00078733036412
              ],
              [
                -104.8264989697572,
                40.000748804892446
              ],
              [
                -104.82655957294891,
                40.00073514081935
              ],
              [
                -104.8266999621347,
                40.00062319879488
              ],
              [
                -104.82670099019523,
                40.00062199335944
              ],
              [
                -104.82679053586463,
                40.000516966136104
              ],
              [
                -104.82694949117722,
                40.000407889032374
              ],
              [
                -104.82696499720281,
                40.000397248637746
              ],
              [
                -104.82706301761536,
                40.00032678645627
              ],
              [
                -104.8273910090418,
                40.00022047190762
              ],
              [
                -104.82740071421786,
                40.00021732646829
              ],
              [
                -104.82740841561011,
                40.000205441986765
              ],
              [
                -104.82758318734815,
                39.99993574712873
              ],
              [
                -104.82771498232424,
                39.999651411435735
              ],
              [
                -104.82773640002479,
                39.99852459389135
              ],
              [
                -104.82773986286725,
                39.99834238418265
              ],
              [
                -104.82725285824989,
                39.99712249945615
              ],
              [
                -104.82720250378719,
                39.996996366518324
              ],
              [
                -104.82680296293405,
                39.996352225753405
              ],
              [
                -104.82662280560429,
                39.99613051207217
              ],
              [
                -104.82621824643222,
                39.99563263010402
              ],
              [
                -104.82616614978377,
                39.99545639747897
              ],
              [
                -104.82615277838632,
                39.99541116543848
              ],
              [
                -104.82608833919186,
                39.995193183774404
              ],
              [
                -104.82602249613298,
                39.994883344292596
              ],
              [
                -104.82596014714024,
                39.99458994609569
              ],
              [
                -104.82605701797799,
                39.99428187436018
              ],
              [
                -104.82578198987933,
                39.994213761648076
              ],
              [
                -104.82572179907623,
                39.994388498913324
              ],
              [
                -104.82569897712659,
                39.994662431046514
              ],
              [
                -104.82572759553155,
                39.99477745885825
              ],
              [
                -104.82576605222202,
                39.99493203385185
              ],
              [
                -104.82592992511742,
                39.9951758809064
              ],
              [
                -104.82592565005419,
                39.99556585042318
              ],
              [
                -104.82592390766175,
                39.995724851951955
              ],
              [
                -104.82448726810449,
                39.99570491860804
              ],
              [
                -104.8231263330398,
                39.99568602035531
              ],
              [
                -104.82314390426033,
                39.994059411580494
              ],
              [
                -104.82528541107318,
                39.9940540911245
              ],
              [
                -104.82528966049533,
                39.994054555789916
              ],
              [
                -104.82554335546274,
                39.994054174741464
              ],
              [
                -104.82658218992033,
                39.994053063235
              ],
              [
                -104.82772761454973,
                39.99438258185549
              ],
              [
                -104.82770244651856,
                39.99319636258657
              ],
              [
                -104.82735543703299,
                39.99337916987698
              ],
              [
                -104.82715320659018,
                39.993502000990915
              ],
              [
                -104.82675043712118,
                39.99360264373686
              ],
              [
                -104.82629125472799,
                39.99397106030014
              ],
              [
                -104.8255542565347,
                39.99375662125117
              ],
              [
                -104.82555265244147,
                39.99375030883263
              ],
              [
                -104.82559700505183,
                39.9936846809233
              ],
              [
                -104.82564493123132,
                39.99364949817413
              ],
              [
                -104.82567492400231,
                39.99353094767781
              ],
              [
                -104.82567285674602,
                39.9934678006138
              ],
              [
                -104.82567543676235,
                39.993446999007254
              ],
              [
                -104.82568245778377,
                39.99342828151383
              ],
              [
                -104.82569453004234,
                39.99341005036001
              ],
              [
                -104.82573058123177,
                39.99337251226713
              ],
              [
                -104.82575337059062,
                39.993353198533704
              ],
              [
                -104.82577249191958,
                39.993344157650256
              ],
              [
                -104.82580742132575,
                39.9933304032298
              ],
              [
                -104.82584915540322,
                39.99332034765441
              ],
              [
                -104.82589863708472,
                39.99330873502652
              ],
              [
                -104.82592190641076,
                39.99330131904989
              ],
              [
                -104.8259440082338,
                39.993291608896
              ],
              [
                -104.82597606516957,
                39.99326731548806
              ],
              [
                -104.82600218310102,
                39.99324207227582
              ],
              [
                -104.82601153239324,
                39.99322862932039
              ],
              [
                -104.826019148084,
                39.99320991519924
              ],
              [
                -104.82602532315092,
                39.993186389086304
              ],
              [
                -104.82604641498192,
                39.99309638155669
              ],
              [
                -104.82605224630822,
                39.99307765725053
              ],
              [
                -104.82606224109195,
                39.99305895670083
              ],
              [
                -104.82608357198696,
                39.99303666081722
              ],
              [
                -104.82613395483985,
                39.99299325684513
              ],
              [
                -104.82624695419459,
                39.99290240110451
              ],
              [
                -104.82644735414594,
                39.99275348255588
              ],
              [
                -104.82657668584926,
                39.99266500714388
              ],
              [
                -104.82666825538061,
                39.99260651144942
              ],
              [
                -104.82670717151164,
                39.99258019818334
              ],
              [
                -104.82673626720052,
                39.992554515177595
              ],
              [
                -104.82675791935749,
                39.99252970473928
              ],
              [
                -104.82680130957263,
                39.992471163049636
              ],
              [
                -104.82683374813175,
                39.99243817903976
              ],
              [
                -104.82688466316348,
                39.99240118280326
              ],
              [
                -104.82691546371301,
                39.992383744505716
              ],
              [
                -104.82697611312696,
                39.992355037840795
              ],
              [
                -104.82713268187456,
                39.99231017971412
              ],
              [
                -104.82728634702423,
                39.99225798480863
              ],
              [
                -104.82738817202474,
                39.99221533078616
              ],
              [
                -104.82740761223515,
                39.99220400394196
              ],
              [
                -104.82746353949778,
                39.992171611018854
              ],
              [
                -104.82767856827437,
                39.99201636952981
              ],
              [
                -104.82767992219134,
                39.99243201877688
              ],
              [
                -104.82815717090436,
                39.99216251988141
              ],
              [
                -104.82843194184288,
                39.9920108193652
              ],
              [
                -104.82893265570956,
                39.99131025404026
              ],
              [
                -104.82920041081434,
                39.99092861605596
              ],
              [
                -104.82934541556779,
                39.99050785025012
              ],
              [
                -104.82916255250817,
                39.99050406671511
              ],
              [
                -104.82916857475583,
                39.990496323380945
              ],
              [
                -104.82925471763579,
                39.99038312329434
              ],
              [
                -104.82929996698725,
                39.99022348317479
              ],
              [
                -104.82936654608476,
                39.99007242704139
              ],
              [
                -104.82945631492653,
                39.989829087922764
              ],
              [
                -104.82955038025327,
                39.989695802463345
              ],
              [
                -104.82963095142831,
                39.989574105743905
              ],
              [
                -104.82968630585498,
                39.98947697188488
              ],
              [
                -104.82969635053625,
                39.989359908235215
              ],
              [
                -104.82968874146297,
                39.989223070870594
              ],
              [
                -104.82972553873024,
                39.98910730279767
              ],
              [
                -104.82976658584728,
                39.98901351895363
              ],
              [
                -104.82993303057947,
                39.988868291311015
              ],
              [
                -104.8301444911197,
                39.988773414403774
              ],
              [
                -104.83023950641845,
                39.98866483888296
              ],
              [
                -104.83045410640328,
                39.988304398877936
              ],
              [
                -104.83058006041254,
                39.98828772777014
              ],
              [
                -104.83062433846727,
                39.98826007106879
              ],
              [
                -104.83063706513445,
                39.9882379525145
              ],
              [
                -104.83064918574082,
                39.98822947905662
              ],
              [
                -104.83065252907488,
                39.98821107451225
              ],
              [
                -104.83065306842852,
                39.98821013734684
              ],
              [
                -104.83066813749373,
                39.98812718599388
              ],
              [
                -104.83071222539395,
                39.988088319361935
              ],
              [
                -104.8307807873164,
                39.98802554097911
              ],
              [
                -104.83080130772416,
                39.988012737304686
              ],
              [
                -104.83090084038237,
                39.98795648354021
              ],
              [
                -104.83098796267109,
                39.98789567171967
              ],
              [
                -104.83127652598726,
                39.98766763867888
              ],
              [
                -104.83135127957495,
                39.98759394646922
              ],
              [
                -104.8314233785906,
                39.98751795166841
              ],
              [
                -104.83149103664994,
                39.987439872920724
              ],
              [
                -104.83160647470798,
                39.987305611576886
              ],
              [
                -104.83083733680866,
                39.987321107924686
              ],
              [
                -104.82809689372307,
                39.9872968559813
              ],
              [
                -104.82765639411203,
                39.987181117012206
              ],
              [
                -104.8276564288147,
                39.987115694264666
              ],
              [
                -104.82765621922735,
                39.987075661548175
              ],
              [
                -104.82766238317815,
                39.98698381596054
              ],
              [
                -104.82663686882695,
                39.98690678107537
              ],
              [
                -104.82609538015163,
                39.98688192320543
              ],
              [
                -104.82374252051099,
                39.98683833611634
              ],
              [
                -104.8237427322345,
                39.98683714583875
              ],
              [
                -104.82374253204098,
                39.98683714469241
              ],
              [
                -104.82366709918143,
                39.98683946404851
              ],
              [
                -104.82335109866088,
                39.986840464704116
              ],
              [
                -104.82311909989824,
                39.98683746462739
              ],
              [
                -104.8228490988887,
                39.98683346448642
              ],
              [
                -104.82246709870167,
                39.986827464941975
              ],
              [
                -104.82233609930843,
                39.98682746532381
              ],
              [
                -104.82151409841046,
                39.986825464631046
              ],
              [
                -104.82099009800872,
                39.98682346441766
              ],
              [
                -104.82058109820255,
                39.9868214642936
              ],
              [
                -104.82054409780396,
                39.98682146486699
              ],
              [
                -104.82046709863914,
                39.98682146403674
              ],
              [
                -104.82041909869557,
                39.98682146432154
              ],
              [
                -104.82023109833486,
                39.9868214648705
              ],
              [
                -104.82003909775949,
                39.98682046494063
              ],
              [
                -104.81955009805772,
                39.98681846532234
              ],
              [
                -104.81954574049247,
                39.985681756312644
              ],
              [
                -104.81952409691519,
                39.98367746454259
              ],
              [
                -104.81813709806511,
                39.98367446436552
              ],
              [
                -104.81673509708955,
                39.9836664645433
              ],
              [
                -104.81534909695603,
                39.98367146443714
              ],
              [
                -104.81534909738556,
                39.98367154008992
              ],
              [
                -104.81491705647386,
                39.98366638946208
              ],
              [
                -104.81396724843054,
                39.9836547047036
              ],
              [
                -104.81257824862811,
                39.98364470470545
              ],
              [
                -104.81257824160163,
                39.98364291967695
              ],
              [
                -104.81257232630553,
                39.98364287623778
              ],
              [
                -104.81117509611337,
                39.98365346436688
              ],
              [
                -104.80979809556709,
                39.983647465194835
              ],
              [
                -104.80907409478822,
                39.98364846579511
              ],
              [
                -104.8082900949445,
                39.98364946447367
              ],
              [
                -104.80693209506998,
                39.98366746490066
              ],
              [
                -104.8056980943917,
                39.9836704651426
              ],
              [
                -104.80551609470538,
                39.983671465454826
              ],
              [
                -104.80461009481824,
                39.98368146577097
              ],
              [
                -104.80460932851568,
                39.983674235746555
              ],
              [
                -104.80356889564231,
                39.983672783195644
              ],
              [
                -104.80261178270975,
                39.98367087602151
              ],
              [
                -104.80243588170569,
                39.98367195263216
              ],
              [
                -104.80167182445425,
                39.9836638237431
              ],
              [
                -104.80055928128488,
                39.98366598895138
              ],
              [
                -104.80016717461595,
                39.983672779106755
              ],
              [
                -104.79995014179238,
                39.98367867233081
              ],
              [
                -104.79955131116864,
                39.98369144559774
              ],
              [
                -104.79953701635404,
                39.983691457173904
              ],
              [
                -104.79949282371977,
                39.983692824225116
              ],
              [
                -104.79926582366832,
                39.983692823880574
              ],
              [
                -104.79901400186063,
                39.98368941739193
              ],
              [
                -104.79864453337416,
                39.983684778565205
              ],
              [
                -104.79778782265784,
                39.98367306083123
              ],
              [
                -104.7977878233908,
                39.98367298788693
              ],
              [
                -104.79740609645782,
                39.98365889614198
              ],
              [
                -104.79734482337481,
                39.98365682404399
              ],
              [
                -104.79715118629547,
                39.98364968184895
              ],
              [
                -104.79648186060757,
                39.98364402124029
              ],
              [
                -104.79644982304688,
                39.983643824073674
              ],
              [
                -104.79584661624571,
                39.983643826770724
              ],
              [
                -104.79498307525743,
                39.98364392507681
              ],
              [
                -104.7945758052295,
                39.98364752158659
              ],
              [
                -104.79410182293385,
                39.98365182477817
              ],
              [
                -104.79227482235568,
                39.98365182488532
              ],
              [
                -104.79110382263336,
                39.98365682435971
              ],
              [
                -104.7899665577604,
                39.98365983200261
              ],
              [
                -104.78996408435896,
                39.98365864364828
              ],
              [
                -104.78996408644751,
                39.98365993602313
              ],
              [
                -104.78996408222886,
                39.983660466451724
              ],
              [
                -104.78995579816869,
                39.984054410596386
              ],
              [
                -104.78995979754669,
                39.98412941055511
              ],
              [
                -104.78998379819117,
                39.98427341050781
              ],
              [
                -104.79000979837679,
                39.984373411015696
              ],
              [
                -104.7900967976509,
                39.984558410350296
              ],
              [
                -104.7901957984158,
                39.98470541065421
              ],
              [
                -104.79033079845256,
                39.98485041082156
              ],
              [
                -104.79003179766737,
                39.985052410519465
              ],
              [
                -104.78998079754051,
                39.98509741040669
              ],
              [
                -104.7899357980331,
                39.985159410959255
              ],
              [
                -104.78991579770215,
                39.9851994106458
              ],
              [
                -104.78989679780946,
                39.98527541063546
              ],
              [
                -104.78990412642283,
                39.98614233093145
              ],
              [
                -104.7899047734133,
                39.98681166419125
              ],
              [
                -104.7872961225633,
                39.98681763218578
              ],
              [
                -104.78729609998078,
                39.986818928012724
              ],
              [
                -104.787296090967,
                39.98681946741762
              ],
              [
                -104.78509109081108,
                39.98682446724734
              ],
              [
                -104.78247508932705,
                39.98682446728475
              ],
              [
                -104.78208508940702,
                39.98682446751766
              ],
              [
                -104.78058708886803,
                39.986795467386195
              ],
              [
                -104.780587088401,
                39.98679494413452
              ],
              [
                -104.78058708658102,
                39.98679375623149
              ],
              [
                -104.78046108928149,
                39.98679446741999
              ],
              [
                -104.78007499169708,
                39.98679446857887
              ],
              [
                -104.7794813406685,
                39.986793930058944
              ],
              [
                -104.77844679147293,
                39.986796839491305
              ],
              [
                -104.7777340692395,
                39.98679883921539
              ],
              [
                -104.77757528661729,
                39.986799283770345
              ],
              [
                -104.77734434017889,
                39.98679993048579
              ],
              [
                -104.77724774082645,
                39.98680046779796
              ],
              [
                -104.77709408851636,
                39.98680046758579
              ],
              [
                -104.77679376216038,
                39.986801677374274
              ],
              [
                -104.77528284494352,
                39.9868100597839
              ],
              [
                -104.77519596603213,
                39.98681054159189
              ],
              [
                -104.77516877301834,
                39.986811125798475
              ],
              [
                -104.77364777344556,
                39.98684012572365
              ],
              [
                -104.77120106304385,
                39.98685404428729
              ],
              [
                -104.77118677267114,
                39.98685412541188
              ],
              [
                -104.77118676901578,
                39.98685548619761
              ],
              [
                -104.76725008664056,
                39.98686046888178
              ],
              [
                -104.76706608592399,
                39.98686046905577
              ],
              [
                -104.76700208572632,
                39.98686146867788
              ],
              [
                -104.76700208543299,
                39.9869044687922
              ],
              [
                -104.76700308579869,
                39.98728346876356
              ],
              [
                -104.76700308637939,
                39.98741846889429
              ],
              [
                -104.7670040856186,
                39.98772446875004
              ],
              [
                -104.76701708506639,
                39.987870468418954
              ],
              [
                -104.76703208610549,
                39.98795646895201
              ],
              [
                -104.76706008624338,
                39.988056468041066
              ],
              [
                -104.76708308623384,
                39.98813946876694
              ],
              [
                -104.76711808545498,
                39.988235468470855
              ],
              [
                -104.76721708679442,
                39.988455469151354
              ],
              [
                -104.76723208561783,
                39.988490468599366
              ],
              [
                -104.76728008669407,
                39.98859946892619
              ],
              [
                -104.76733608681658,
                39.98872746929043
              ],
              [
                -104.76736608597247,
                39.98882146916005
              ],
              [
                -104.7674020864001,
                39.988972469230895
              ],
              [
                -104.76741908618806,
                39.98906946849258
              ],
              [
                -104.76742908604115,
                39.989174468491605
              ],
              [
                -104.7674290860736,
                39.98963246882199
              ],
              [
                -104.76743008615593,
                39.990354469060094
              ],
              [
                -104.76742508604909,
                39.991063469517165
              ],
              [
                -104.76742508659873,
                39.991771469582034
              ],
              [
                -104.76742608714751,
                39.99250246972403
              ],
              [
                -104.76745508746376,
                39.99377446905192
              ],
              [
                -104.76750408638901,
                39.993772469211635
              ],
              [
                -104.76768408638783,
                39.99376646976624
              ],
              [
                -104.76786408788855,
                39.993766469844005
              ],
              [
                -104.76814808659627,
                39.993775468947746
              ],
              [
                -104.76842608739858,
                39.99379346952505
              ],
              [
                -104.7686030869887,
                39.99381346928721
              ],
              [
                -104.76968508767963,
                39.993969469402714
              ],
              [
                -104.76987008781519,
                39.993990469562206
              ],
              [
                -104.77019408685116,
                39.9940084693216
              ],
              [
                -104.77071808855067,
                39.994003469988264
              ],
              [
                -104.77118282667264,
                39.99399825395319
              ],
              [
                -104.77118118850811,
                39.994110515121875
              ],
              [
                -104.77430084942749,
                39.994104325500935
              ],
              [
                -104.7756278795734,
                39.99410675279818
              ],
              [
                -104.77742399007457,
                39.99410334327078
              ],
              [
                -104.78049245029935,
                39.994098056591234
              ],
              [
                -104.78055133653105,
                39.99409818654707
              ],
              [
                -104.78057071960737,
                39.99753188747821
              ],
              [
                -104.78058198697308,
                39.99945194599077
              ],
              [
                -104.78263916019077,
                39.99944112476263
              ],
              [
                -104.78264066399258,
                39.999473605754204
              ],
              [
                -104.78265032083826,
                39.99947364638905
              ],
              [
                -104.7826678278424,
                40.000060512882506
              ],
              [
                -104.78268290284053,
                40.00037023343971
              ],
              [
                -104.78044336537934,
                40.00037456828391
              ],
              [
                -104.78044466866767,
                40.000250981269836
              ],
              [
                -104.7737701534698,
                40.00026041691038
              ],
              [
                -104.77106977185932,
                40.00026303034038
              ],
              [
                -104.771194791235,
                40.00045618972287
              ],
              [
                -104.77182379063052,
                40.00045318927942
              ],
              [
                -104.77279108179586,
                40.00054712655946
              ],
              [
                -104.77279572377702,
                40.000547121815245
              ],
              [
                -104.77279609695292,
                40.00054715833532
              ],
              [
                -104.78211493284675,
                40.00053768794953
              ],
              [
                -104.78211481282867,
                40.000592446983134
              ],
              [
                -104.78842631235338,
                40.0005800489913
              ],
              [
                -104.78839420153656,
                40.00052339279299
              ],
              [
                -104.79254805797572,
                40.000516986086375
              ],
              [
                -104.79369241463122,
                40.000510264110304
              ],
              [
                -104.79623114250981,
                40.000498845020445
              ],
              [
                -104.79623856273892,
                40.00049750141481
              ],
              [
                -104.79738966769654,
                40.00049361529675
              ],
              [
                -104.79791899220571,
                40.000491222163724
              ],
              [
                -104.79790653945315,
                40.00051908636104
              ],
              [
                -104.79898032385337,
                40.00051864632321
              ],
              [
                -104.79920972034866,
                40.00052042447159
              ],
              [
                -104.79921901517278,
                40.000520496726324
              ],
              [
                -104.79923832377507,
                40.000520646399316
              ],
              [
                -104.79971632333196,
                40.00051864587972
              ],
              [
                -104.79991332436154,
                40.000519646116956
              ],
              [
                -104.80009032387422,
                40.00051964583165
              ],
              [
                -104.80023432406604,
                40.000519646124765
              ],
              [
                -104.80031432339094,
                40.00051964630717
              ],
              [
                -104.8009673239549,
                40.00051864657541
              ],
              [
                -104.80097332446304,
                40.00071864621224
              ],
              [
                -104.80096050751789,
                40.003518772324405
              ],
              [
                -104.80095757616573,
                40.00640912418882
              ],
              [
                -104.80095623818369,
                40.00772864729966
              ],
              [
                -104.80096220396734,
                40.007728647477975
              ],
              [
                -104.80096212977094,
                40.00780195419522
              ],
              [
                -104.80529109526249,
                40.007783492214074
              ],
              [
                -104.80532772607707,
                40.004043392834646
              ],
              [
                -104.80747759129929,
                40.00404360390946
              ],
              [
                -104.80849140277633,
                40.00404780482954
              ],
              [
                -104.81186365749281,
                40.00405765754047
              ],
              [
                -104.81203507207695,
                40.00405926926185
              ],
              [
                -104.81203606242273,
                40.00407155729006
              ],
              [
                -104.81205532694072,
                40.00407164606682
              ],
              [
                -104.81234319119484,
                40.00767543652081
              ],
              [
                -104.81311820847006,
                40.00767395008355
              ],
              [
                -104.81382209454249,
                40.00528388986965
              ],
              [
                -104.81426558136181,
                40.00537117911866
              ],
              [
                -104.81444721982494,
                40.00540639816016
              ],
              [
                -104.81489126209358,
                40.00549249498782
              ],
              [
                -104.81499159512211,
                40.00551194870075
              ],
              [
                -104.81506613788841,
                40.00552510446758
              ],
              [
                -104.81449704327758,
                40.007328120207795
              ],
              [
                -104.81444541100724,
                40.00750563748218
              ],
              [
                -104.81440268871535,
                40.00762131792653
              ],
              [
                -104.81419338825852,
                40.008289689408855
              ],
              [
                -104.81399741306852,
                40.00892415850094
              ],
              [
                -104.81333177171692,
                40.01101330958457
              ],
              [
                -104.8125186281318,
                40.01357573993118
              ],
              [
                -104.81210514893299,
                40.01490492027959
              ],
              [
                -104.81205962797009,
                40.01491455177914
              ],
              [
                -104.80991755764943,
                40.01492001828775
              ],
              [
                -104.80698150398173,
                40.01491565981712
              ],
              [
                -104.8034447410976,
                40.01492564605648
              ],
              [
                -104.80343845268091,
                40.01498142828169
              ],
              [
                -104.8036505572362,
                40.01498145559542
              ],
              [
                -104.80365030361224,
                40.01500795388003
              ],
              [
                -104.80365463146528,
                40.015007949668444
              ],
              [
                -104.8036544333156,
                40.015028648498
              ],
              [
                -104.80362211639925,
                40.01985564800809
              ],
              [
                -104.7999826111898,
                40.01984616729494
              ],
              [
                -104.79995293570337,
                40.022188382602145
              ],
              [
                -104.79716495126067,
                40.02218985013624
              ],
              [
                -104.7972222077933,
                40.02248525557206
              ],
              [
                -104.7972177743853,
                40.02258638917549
              ],
              [
                -104.79720907964908,
                40.022641054281394
              ],
              [
                -104.79716985321222,
                40.02275490792222
              ],
              [
                -104.79709990098979,
                40.02293301019031
              ],
              [
                -104.79703561464542,
                40.02308560643806
              ],
              [
                -104.7969665247648,
                40.02324279225899
              ],
              [
                -104.79693288737822,
                40.02329975761397
              ],
              [
                -104.79689508668321,
                40.0233598736456
              ],
              [
                -104.79682819548944,
                40.02343637559676
              ],
              [
                -104.7967905340981,
                40.023483105235684
              ],
              [
                -104.79668558915816,
                40.02364444801897
              ],
              [
                -104.79662277167135,
                40.023726644172044
              ],
              [
                -104.79654395647597,
                40.02381077947167
              ],
              [
                -104.79643497576042,
                40.02390971452569
              ],
              [
                -104.79630593098118,
                40.0240042107901
              ],
              [
                -104.7962061642,
                40.02406394854146
              ],
              [
                -104.7961176785573,
                40.02409863882007
              ],
              [
                -104.79598906947477,
                40.02412252523445
              ],
              [
                -104.79588261242867,
                40.024127755526095
              ],
              [
                -104.79570398603632,
                40.0241364317037
              ],
              [
                -104.79553608476465,
                40.02414432590416
              ],
              [
                -104.79538733695253,
                40.024144704331576
              ],
              [
                -104.79529698201743,
                40.02415667642314
              ],
              [
                -104.79516457980901,
                40.0242024694445
              ],
              [
                -104.79507161511047,
                40.02425375880845
              ],
              [
                -104.79495503348409,
                40.024315474640595
              ],
              [
                -104.79483831223294,
                40.02437591609811
              ],
              [
                -104.79435850230801,
                40.02457035264564
              ],
              [
                -104.79413622454184,
                40.02468686648188
              ],
              [
                -104.79407145143433,
                40.02474403676159
              ],
              [
                -104.79394877851122,
                40.024883090678806
              ],
              [
                -104.79375770804157,
                40.025084773858396
              ],
              [
                -104.79342185750708,
                40.02537319717492
              ],
              [
                -104.79332606182791,
                40.02545704594401
              ],
              [
                -104.79325037346153,
                40.02552575090336
              ],
              [
                -104.7930961974829,
                40.02569940772994
              ],
              [
                -104.79301890211893,
                40.02578748348287
              ],
              [
                -104.79291612108943,
                40.02578908034051
              ],
              [
                -104.79270859197504,
                40.02604896526618
              ],
              [
                -104.79262360975041,
                40.026128377057894
              ],
              [
                -104.79252875369006,
                40.026203922005124
              ],
              [
                -104.79244740620705,
                40.0262577680501
              ],
              [
                -104.79236622395153,
                40.02631760841096
              ],
              [
                -104.79226434180019,
                40.026396424313916
              ],
              [
                -104.79217917739658,
                40.026491060851725
              ],
              [
                -104.7921406396384,
                40.026544728121245
              ],
              [
                -104.79208076746743,
                40.026639284638826
              ],
              [
                -104.79205108782732,
                40.026701532566825
              ],
              [
                -104.79203291415617,
                40.02674899429905
              ],
              [
                -104.79201220098328,
                40.02683641410265
              ],
              [
                -104.79190657147232,
                40.02699563201925
              ],
              [
                -104.79178644495452,
                40.02712050386499
              ],
              [
                -104.79173614412278,
                40.02719632238127
              ],
              [
                -104.7917205398582,
                40.02726854748149
              ],
              [
                -104.7917195911801,
                40.02735989424454
              ],
              [
                -104.79188379184309,
                40.02795474523098
              ],
              [
                -104.79196065792952,
                40.02825880757479
              ],
              [
                -104.79224401250849,
                40.02943620186884
              ]
            ],
            [
              [
                -104.81911040020655,
                39.99410990929404
              ],
              [
                -104.8190827186979,
                39.994206395210185
              ],
              [
                -104.81908176840672,
                39.99420970932295
              ],
              [
                -104.81905963818862,
                39.99428323955977
              ],
              [
                -104.81904025581827,
                39.99434946560117
              ],
              [
                -104.81901811882427,
                39.994423682039965
              ],
              [
                -104.8189959996184,
                39.99449606856722
              ],
              [
                -104.81897242459789,
                39.99456524418064
              ],
              [
                -104.81895122869444,
                39.99463443440643
              ],
              [
                -104.81890314386884,
                39.99477712647883
              ],
              [
                -104.81888190324572,
                39.99485089054662
              ],
              [
                -104.81885832576266,
                39.99492029486439
              ],
              [
                -104.81883775789241,
                39.99498605651734
              ],
              [
                -104.8188129528075,
                39.99505934340894
              ],
              [
                -104.81879148150728,
                39.99512624359459
              ],
              [
                -104.81876734026591,
                39.99519244212261
              ],
              [
                -104.81850229535497,
                39.99514053391012
              ],
              [
                -104.8185028257444,
                39.995138857362335
              ],
              [
                -104.81850070453149,
                39.995138445259364
              ],
              [
                -104.81882669716391,
                39.99410712970431
              ],
              [
                -104.81910011474697,
                39.9941098085725
              ],
              [
                -104.81911040020655,
                39.99410990929404
              ]
            ],
            [
              [
                -104.80405931330128,
                39.996547159761285
              ],
              [
                -104.80403801386407,
                39.9969237881061
              ],
              [
                -104.80404251425686,
                39.99715874189677
              ],
              [
                -104.804040412062,
                39.99722848415007
              ],
              [
                -104.80353658024956,
                39.99722780194081
              ],
              [
                -104.80350624243263,
                39.99722785180401
              ],
              [
                -104.80350656849991,
                39.99719514233521
              ],
              [
                -104.80353936266934,
                39.997038182869936
              ],
              [
                -104.803541371126,
                39.99689636908393
              ],
              [
                -104.80354493657494,
                39.996658030629895
              ],
              [
                -104.80354694956941,
                39.99651575934452
              ],
              [
                -104.80381267158938,
                39.996517957158844
              ],
              [
                -104.80382549076346,
                39.99651776253753
              ],
              [
                -104.80405559991529,
                39.99651427338081
              ],
              [
                -104.80405475330221,
                39.996529204755326
              ],
              [
                -104.80405407581321,
                39.996541146251325
              ],
              [
                -104.80405967222124,
                39.996540985597804
              ],
              [
                -104.80405931330128,
                39.996547159761285
              ]
            ],
            [
              [
                -104.78011289688382,
                39.98698486321622
              ],
              [
                -104.78011260117954,
                39.98701356714928
              ],
              [
                -104.7801087886656,
                39.98738364469002
              ],
              [
                -104.7801038326616,
                39.98738364510038
              ],
              [
                -104.7801029442608,
                39.98746988025755
              ],
              [
                -104.78011058196658,
                39.98776576584269
              ],
              [
                -104.77954354888134,
                39.98776855014066
              ],
              [
                -104.77954058102283,
                39.98744580377238
              ],
              [
                -104.7795473441708,
                39.98698594357665
              ],
              [
                -104.78011289688382,
                39.98698486321622
              ]
            ],
            [
              [
                -104.78017744385632,
                39.988976969471956
              ],
              [
                -104.78017686480325,
                39.988952710995385
              ],
              [
                -104.78030171334755,
                39.98895421396525
              ],
              [
                -104.78051759530914,
                39.98895681177657
              ],
              [
                -104.7805232813074,
                39.9889568806385
              ],
              [
                -104.78053400510055,
                39.99045710563199
              ],
              [
                -104.78021280643395,
                39.990458122307686
              ],
              [
                -104.78017744385632,
                39.988976969471956
              ]
            ],
            [
              [
                -104.80815762394965,
                40.000416986758495
              ],
              [
                -104.80733369089623,
                40.000419706878375
              ],
              [
                -104.80733455038717,
                40.00033301454338
              ],
              [
                -104.80733171618651,
                39.99976574860643
              ],
              [
                -104.80813819741913,
                39.99978664254462
              ],
              [
                -104.8081566463602,
                39.99978678662639
              ],
              [
                -104.80815535204005,
                39.9999562814597
              ],
              [
                -104.80816113670902,
                39.99995700249313
              ],
              [
                -104.80815834457631,
                40.00032257372827
              ],
              [
                -104.80815762394965,
                40.000416986758495
              ]
            ],
            [
              [
                -104.81833536861511,
                39.99566232136942
              ],
              [
                -104.8183580792128,
                39.99559039591214
              ],
              [
                -104.81837895627002,
                39.99552349238666
              ],
              [
                -104.81843245446419,
                39.99535585923082
              ],
              [
                -104.81869832893693,
                39.99540706991236
              ],
              [
                -104.81867772953748,
                39.9954760347559
              ],
              [
                -104.81865381409035,
                39.99554955458208
              ],
              [
                -104.81863110827162,
                39.9956210226215
              ],
              [
                -104.81860752358752,
                39.99569111307936
              ],
              [
                -104.81858327595886,
                39.995768062231406
              ],
              [
                -104.81856481393116,
                39.99583131970452
              ],
              [
                -104.81854241425548,
                39.99590187448186
              ],
              [
                -104.81851911562603,
                39.99597311121941
              ],
              [
                -104.81849549278228,
                39.99604709018903
              ],
              [
                -104.81847432050853,
                39.9961137632655
              ],
              [
                -104.81845160762916,
                39.996185917466256
              ],
              [
                -104.81843068804888,
                39.99625716700541
              ],
              [
                -104.8183245840265,
                39.99658481297759
              ],
              [
                -104.81827824530255,
                39.996731174775775
              ],
              [
                -104.81819630461649,
                39.99699033481194
              ],
              [
                -104.81800794728974,
                39.99754785753255
              ],
              [
                -104.81794173110586,
                39.997536495159025
              ],
              [
                -104.81788853266494,
                39.997684647144744
              ],
              [
                -104.81698772381161,
                40.0002913208622
              ],
              [
                -104.8167195051931,
                40.00028405088891
              ],
              [
                -104.81763814259693,
                39.99764980331601
              ],
              [
                -104.81775556842916,
                39.99750339493627
              ],
              [
                -104.81775739531898,
                39.99749905922527
              ],
              [
                -104.8178491723935,
                39.99720747374593
              ],
              [
                -104.81788478152308,
                39.99709399028288
              ],
              [
                -104.81797262005028,
                39.99681483532325
              ],
              [
                -104.81816717191168,
                39.996196399663006
              ],
              [
                -104.8182531096737,
                39.995923767231844
              ],
              [
                -104.81831357472275,
                39.99573173585152
              ],
              [
                -104.81833536861511,
                39.99566232136942
              ]
            ],
            [
              [
                -104.77507525210122,
                39.98699128884375
              ],
              [
                -104.7750707074728,
                39.98742180480283
              ],
              [
                -104.77503566990448,
                39.99017553816284
              ],
              [
                -104.77503255503113,
                39.99046854257331
              ],
              [
                -104.77502760684492,
                39.99046855813011
              ],
              [
                -104.77502760051019,
                39.9904691686976
              ],
              [
                -104.77488372512934,
                39.99046982547252
              ],
              [
                -104.77470468443141,
                39.99047024811113
              ],
              [
                -104.77459276101061,
                39.990470512656735
              ],
              [
                -104.77461717631245,
                39.98783234613543
              ],
              [
                -104.77462807465398,
                39.987011647102186
              ],
              [
                -104.77507525210122,
                39.98699128884375
              ]
            ],
            [
              [
                -104.81531666270224,
                40.00758519874305
              ],
              [
                -104.81458493755026,
                40.0075903946384
              ],
              [
                -104.81452541409321,
                40.00756406546378
              ],
              [
                -104.81459261732824,
                40.007321997789475
              ],
              [
                -104.81515662101906,
                40.00554394616511
              ],
              [
                -104.81518818078389,
                40.00555006491258
              ],
              [
                -104.81519484908206,
                40.005550060340454
              ],
              [
                -104.81519824468062,
                40.00555071854312
              ],
              [
                -104.81568554639787,
                40.00555438085293
              ],
              [
                -104.81584243445853,
                40.00555411700593
              ],
              [
                -104.81588070436194,
                40.00555022474412
              ],
              [
                -104.81587985488645,
                40.00588212869746
              ],
              [
                -104.81531666270224,
                40.00758519874305
              ]
            ],
            [
              [
                -104.77185286956303,
                39.99047748484625
              ],
              [
                -104.77166401687947,
                39.99047792163457
              ],
              [
                -104.7711447056048,
                39.99047929391767
              ],
              [
                -104.77114469317742,
                39.99048048533429
              ],
              [
                -104.77112818519446,
                39.98699542929234
              ],
              [
                -104.77118640587324,
                39.98699346865126
              ],
              [
                -104.77182863348627,
                39.98699260391541
              ],
              [
                -104.77183159982313,
                39.98743297192501
              ],
              [
                -104.77185025463245,
                39.99020258229074
              ],
              [
                -104.77185286956303,
                39.99047748484625
              ]
            ],
            [
              [
                -104.816568794853,
                40.006983475139556
              ],
              [
                -104.81691752485673,
                40.00611185978948
              ],
              [
                -104.81695443708743,
                40.0061028782009
              ],
              [
                -104.81925371410622,
                40.006118482861126
              ],
              [
                -104.81869739542385,
                40.00755768855688
              ],
              [
                -104.81645596387315,
                40.00755631676902
              ],
              [
                -104.81647007068305,
                40.00735326866642
              ],
              [
                -104.81650152981298,
                40.00719333309406
              ],
              [
                -104.81652899439686,
                40.00710530717614
              ],
              [
                -104.816568794853,
                40.006983475139556
              ]
            ],
            [
              [
                -104.82497479252484,
                39.99002172805507
              ],
              [
                -104.82504886660614,
                39.99002188212418
              ],
              [
                -104.82517242408406,
                39.990022140578844
              ],
              [
                -104.82547837134588,
                39.99002169626246
              ],
              [
                -104.82616216466798,
                39.99002070034817
              ],
              [
                -104.82615686812937,
                39.990081128914596
              ],
              [
                -104.82615965520206,
                39.990558482055974
              ],
              [
                -104.82516271908689,
                39.9905651424736
              ],
              [
                -104.82516544823447,
                39.99105239908991
              ],
              [
                -104.82515235994812,
                39.992376796101496
              ],
              [
                -104.82514162575603,
                39.99237675097871
              ],
              [
                -104.82484697436965,
                39.99237596489862
              ],
              [
                -104.82469975670415,
                39.992376267009476
              ],
              [
                -104.8243990296591,
                39.99237729309393
              ],
              [
                -104.82440527786403,
                39.991048068492276
              ],
              [
                -104.82407436606073,
                39.99104533127697
              ],
              [
                -104.82373804032481,
                39.99104318894939
              ],
              [
                -104.82331581252538,
                39.99104053731186
              ],
              [
                -104.82315724008329,
                39.991039535008696
              ],
              [
                -104.82315573998605,
                39.99076456649796
              ],
              [
                -104.823170213271,
                39.990185400710615
              ],
              [
                -104.82324804160591,
                39.990016390591165
              ],
              [
                -104.82355080941699,
                39.99001819084316
              ],
              [
                -104.82371659775147,
                39.990019074545685
              ],
              [
                -104.82381771518999,
                39.99001930318473
              ],
              [
                -104.82409482762932,
                39.99001988524669
              ],
              [
                -104.82497479252484,
                39.99002172805507
              ]
            ],
            [
              [
                -104.82027749554496,
                40.00164544250611
              ],
              [
                -104.81878690664156,
                40.001651044642784
              ],
              [
                -104.81827627330411,
                40.003296453568886
              ],
              [
                -104.81699144445237,
                40.00329451541775
              ],
              [
                -104.81687458784837,
                40.0036473045228
              ],
              [
                -104.81581587638246,
                40.003638098208285
              ],
              [
                -104.81581605522949,
                40.00363753367302
              ],
              [
                -104.81581381282008,
                40.0036375143811
              ],
              [
                -104.81660574567881,
                40.00113167035022
              ],
              [
                -104.81749650645128,
                40.00113215354631
              ],
              [
                -104.81748055311739,
                40.000511749850325
              ],
              [
                -104.82028589664519,
                40.00050365323417
              ],
              [
                -104.82027759760646,
                40.00163158209114
              ],
              [
                -104.82027749554496,
                40.00164544250611
              ]
            ],
            [
              [
                -104.77524258827185,
                39.98872031586649
              ],
              [
                -104.77525515193106,
                39.98699285049018
              ],
              [
                -104.7755010691325,
                39.98699240236656
              ],
              [
                -104.77734311402045,
                39.9869890292976
              ],
              [
                -104.77772939529729,
                39.986990851996076
              ],
              [
                -104.77772531119764,
                39.987458252159755
              ],
              [
                -104.77767690079693,
                39.98788187133136
              ],
              [
                -104.77767769049296,
                39.98815727788097
              ],
              [
                -104.77767181331593,
                39.98877487968882
              ],
              [
                -104.77860550339,
                39.98877602954889
              ],
              [
                -104.77860551114829,
                39.98877607192446
              ],
              [
                -104.7786333646854,
                39.99014934285721
              ],
              [
                -104.77863913623663,
                39.990149299756865
              ],
              [
                -104.77863965765492,
                39.99045956925318
              ],
              [
                -104.77863970968508,
                39.990462128173
              ],
              [
                -104.77857826826525,
                39.99046233197031
              ],
              [
                -104.77815149217336,
                39.990463384349184
              ],
              [
                -104.77803253160752,
                39.990463572218914
              ],
              [
                -104.7771876045054,
                39.9904657242774
              ],
              [
                -104.77696246706627,
                39.99046640497012
              ],
              [
                -104.77663829689556,
                39.990467164981595
              ],
              [
                -104.77638877210165,
                39.99046792396418
              ],
              [
                -104.77613806133157,
                39.99046844639858
              ],
              [
                -104.77588853652762,
                39.99046920432428
              ],
              [
                -104.77563842050479,
                39.99046972934459
              ],
              [
                -104.7753880047284,
                39.99047048074837
              ],
              [
                -104.77520740036674,
                39.99047852263188
              ],
              [
                -104.77524258827185,
                39.98872031586649
              ]
            ],
            [
              [
                -104.81842861962306,
                39.996838561181676
              ],
              [
                -104.81848201256845,
                39.99668913208703
              ],
              [
                -104.81862029583661,
                39.99624179090488
              ],
              [
                -104.82024422442764,
                39.996564996556934
              ],
              [
                -104.82215002822895,
                39.99691286461495
              ],
              [
                -104.82191547622179,
                39.99873354548695
              ],
              [
                -104.82155483316738,
                40.00029230980154
              ],
              [
                -104.81959009398267,
                40.00032867714133
              ],
              [
                -104.81721245542047,
                40.00033516767994
              ],
              [
                -104.81723656496511,
                40.00029483352659
              ],
              [
                -104.81731081862495,
                40.000123013634756
              ],
              [
                -104.81736768992657,
                39.9999950133175
              ],
              [
                -104.81742926769762,
                39.999838204998014
              ],
              [
                -104.81742974447316,
                39.99983698835108
              ],
              [
                -104.81743669494476,
                39.99982063052908
              ],
              [
                -104.81745171458697,
                39.999781041722805
              ],
              [
                -104.81750874478529,
                39.999630726459856
              ],
              [
                -104.81778362100563,
                39.998833973265874
              ],
              [
                -104.81794922482948,
                39.99835318001198
              ],
              [
                -104.81821267570467,
                39.997507178052615
              ],
              [
                -104.81827860605263,
                39.9972967747397
              ],
              [
                -104.81838415154459,
                39.99696998034558
              ],
              [
                -104.81842861962306,
                39.996838561181676
              ]
            ],
            [
              [
                -104.80731724084713,
                40.02784589346542
              ],
              [
                -104.80739994283653,
                40.027032210783126
              ],
              [
                -104.80745967915007,
                40.0265251873266
              ],
              [
                -104.8075455995377,
                40.02594565907694
              ],
              [
                -104.80767799782559,
                40.025156226741004
              ],
              [
                -104.80787715164537,
                40.02423150766739
              ],
              [
                -104.80811408218926,
                40.02327607856263
              ],
              [
                -104.80842065798083,
                40.02224942380806
              ],
              [
                -104.80920384884011,
                40.01987497291586
              ],
              [
                -104.8094777339551,
                40.01903642623829
              ],
              [
                -104.80964197913616,
                40.018603955954475
              ],
              [
                -104.8096459417449,
                40.01860395299044
              ],
              [
                -104.81038086385352,
                40.01614700959893
              ],
              [
                -104.81072929594183,
                40.01502310981451
              ],
              [
                -104.8107169306826,
                40.015023135839286
              ],
              [
                -104.81072957881602,
                40.01498233650142
              ],
              [
                -104.8112639385222,
                40.01498123618496
              ],
              [
                -104.81144578958751,
                40.01498075793428
              ],
              [
                -104.81171691759366,
                40.01498004393818
              ],
              [
                -104.81195215360721,
                40.014980031697675
              ],
              [
                -104.81201210545645,
                40.0149906430038
              ],
              [
                -104.81203520639265,
                40.01501643163083
              ],
              [
                -104.81204689847873,
                40.01509200939402
              ],
              [
                -104.81200268186073,
                40.01523414365821
              ],
              [
                -104.81125624044351,
                40.0175470693069
              ],
              [
                -104.81098418707963,
                40.018404901019984
              ],
              [
                -104.81085279625779,
                40.01887104223873
              ],
              [
                -104.8107804016028,
                40.019106639899476
              ],
              [
                -104.81071257953924,
                40.019289399832886
              ],
              [
                -104.8106274613307,
                40.01953955313515
              ],
              [
                -104.81055643029738,
                40.0197580159206
              ],
              [
                -104.8104189246351,
                40.02019849818974
              ],
              [
                -104.81053805643043,
                40.02022390544183
              ],
              [
                -104.81046659036565,
                40.020839199090524
              ],
              [
                -104.81044974907468,
                40.021149765459434
              ],
              [
                -104.81042917281208,
                40.022024649223155
              ],
              [
                -104.81042600679898,
                40.022159286040434
              ],
              [
                -104.81042943014204,
                40.02320779694856
              ],
              [
                -104.8104232610288,
                40.023832619822535
              ],
              [
                -104.81042426499386,
                40.02531919971406
              ],
              [
                -104.81042441353806,
                40.025538948104646
              ],
              [
                -104.81042512243447,
                40.02565804705798
              ],
              [
                -104.81042993906253,
                40.02646758238826
              ],
              [
                -104.81043085463672,
                40.02754871007886
              ],
              [
                -104.81043708902592,
                40.02784688127197
              ],
              [
                -104.81003543089675,
                40.027846166831154
              ],
              [
                -104.81003520861468,
                40.02791336872473
              ],
              [
                -104.80999235798303,
                40.02791328423057
              ],
              [
                -104.80999252534188,
                40.02786255365168
              ],
              [
                -104.80877841102657,
                40.02786038516327
              ],
              [
                -104.80873920259383,
                40.02856260123357
              ],
              [
                -104.80870135635726,
                40.02942725292432
              ],
              [
                -104.80853718678105,
                40.02942629243635
              ],
              [
                -104.80807316194122,
                40.02942010464669
              ],
              [
                -104.80788280902904,
                40.02942094419861
              ],
              [
                -104.80724434046256,
                40.029433417141405
              ],
              [
                -104.80724689539213,
                40.029390913885784
              ],
              [
                -104.80730476173693,
                40.02842810124469
              ],
              [
                -104.80731724084713,
                40.02784589346542
              ]
            ],
            [
              [
                -104.7929895989817,
                39.994021863059075
              ],
              [
                -104.79377923724397,
                39.99402086838968
              ],
              [
                -104.79519280447629,
                39.99402405077913
              ],
              [
                -104.79577868676485,
                39.99402594421536
              ],
              [
                -104.79636893082876,
                39.99401282527511
              ],
              [
                -104.79642232239897,
                39.994014645530854
              ],
              [
                -104.7964235263863,
                39.9940206632824
              ],
              [
                -104.79648948713859,
                39.994020444681034
              ],
              [
                -104.79652380280928,
                39.994079428287584
              ],
              [
                -104.79654915823635,
                39.99416055731287
              ],
              [
                -104.79656729869718,
                39.9941977077751
              ],
              [
                -104.79658540649912,
                39.99421484228927
              ],
              [
                -104.79660234809286,
                39.994249538685374
              ],
              [
                -104.79662784182972,
                39.994316943425325
              ],
              [
                -104.79665333331324,
                39.994384576895456
              ],
              [
                -104.7966705668448,
                39.994445299542285
              ],
              [
                -104.79667415476104,
                39.99450250875789
              ],
              [
                -104.79670501099221,
                39.99456903039917
              ],
              [
                -104.79673623604855,
                39.994628462933214
              ],
              [
                -104.79675118304984,
                39.99470952991839
              ],
              [
                -104.79675486477853,
                39.99487562533246
              ],
              [
                -104.79677458527456,
                39.995043875890076
              ],
              [
                -104.79682604145532,
                39.995161760426804
              ],
              [
                -104.79687220033686,
                39.99530363228722
              ],
              [
                -104.79692895663024,
                39.99539730157727
              ],
              [
                -104.79697033462983,
                39.995482414604076
              ],
              [
                -104.79701697960806,
                39.99557602275779
              ],
              [
                -104.79699950743759,
                39.99574588096337
              ],
              [
                -104.79695065972783,
                39.99587117556015
              ],
              [
                -104.7968327544966,
                39.996061023484714
              ],
              [
                -104.79650230927568,
                39.996357577049224
              ],
              [
                -104.79663091099718,
                39.99646425474298
              ],
              [
                -104.79691079297784,
                39.996729443350226
              ],
              [
                -104.79707516825334,
                39.996881097551054
              ],
              [
                -104.79708400873511,
                39.99689695200268
              ],
              [
                -104.7972151637931,
                39.99701888588831
              ],
              [
                -104.79720613492051,
                39.99703351366651
              ],
              [
                -104.797212803713,
                39.997039666584584
              ],
              [
                -104.79697790189822,
                39.99742021461128
              ],
              [
                -104.79696767495022,
                39.99743159129565
              ],
              [
                -104.79692696786006,
                39.99748670676439
              ],
              [
                -104.79689810843442,
                39.99763213234193
              ],
              [
                -104.79689700393483,
                39.997633555911825
              ],
              [
                -104.7968548753513,
                39.99784584188755
              ],
              [
                -104.7968552447203,
                39.99784811808798
              ],
              [
                -104.79683297208992,
                39.99796034909444
              ],
              [
                -104.7968015894719,
                39.99827103581337
              ],
              [
                -104.79677649013082,
                39.998489343591665
              ],
              [
                -104.79671580930312,
                39.99887397109628
              ],
              [
                -104.79667399741754,
                39.99915691670225
              ],
              [
                -104.79672667312832,
                39.99956761035649
              ],
              [
                -104.79676418658461,
                39.99971171799853
              ],
              [
                -104.79691022036096,
                39.99988987013462
              ],
              [
                -104.79867494250013,
                39.99990521975304
              ],
              [
                -104.79870224034238,
                39.999905290866145
              ],
              [
                -104.79869864491,
                40.000340592169835
              ],
              [
                -104.79519366114855,
                40.00034998261657
              ],
              [
                -104.79246182671766,
                40.000346401433276
              ],
              [
                -104.79246239676262,
                40.00029150013199
              ],
              [
                -104.78825492337596,
                40.000294698787286
              ],
              [
                -104.78827910571651,
                40.00033588277983
              ],
              [
                -104.78827869001262,
                40.00033588207624
              ],
              [
                -104.78829202258268,
                40.00035858984144
              ],
              [
                -104.78827116633657,
                40.00035863168733
              ],
              [
                -104.78827151855442,
                40.000359231804225
              ],
              [
                -104.78540623425661,
                40.000364947365284
              ],
              [
                -104.78535624569392,
                39.99874618854813
              ],
              [
                -104.78535184742194,
                39.99860377692712
              ],
              [
                -104.78627838177236,
                39.998621729809024
              ],
              [
                -104.78631206083301,
                39.998622621361044
              ],
              [
                -104.78627539531023,
                39.99854325190792
              ],
              [
                -104.78626699168008,
                39.99849241836447
              ],
              [
                -104.786272835796,
                39.99844441592588
              ],
              [
                -104.78631983488768,
                39.99838568119554
              ],
              [
                -104.78639332841767,
                39.99834163671794
              ],
              [
                -104.78655089989162,
                39.998275317704795
              ],
              [
                -104.78666518023927,
                39.99822719925186
              ],
              [
                -104.78682981300996,
                39.99816389897807
              ],
              [
                -104.78734497490662,
                39.997754340163596
              ],
              [
                -104.7875429639632,
                39.99738472785193
              ],
              [
                -104.78764088441685,
                39.99725408275269
              ],
              [
                -104.7879473924124,
                39.996983190899925
              ],
              [
                -104.78808196660621,
                39.99682364741452
              ],
              [
                -104.78810421625043,
                39.9968068422111
              ],
              [
                -104.78815101187683,
                39.99677149577324
              ],
              [
                -104.78821116488221,
                39.99672634757357
              ],
              [
                -104.78852862943906,
                39.99650905972729
              ],
              [
                -104.78865058936456,
                39.99636133466156
              ],
              [
                -104.78880986873767,
                39.99608481479264
              ],
              [
                -104.78892862946952,
                39.99591143288811
              ],
              [
                -104.78894630901785,
                39.99588571022516
              ],
              [
                -104.78925006229514,
                39.99558467066525
              ],
              [
                -104.78925278542997,
                39.995580112023006
              ],
              [
                -104.78940859325446,
                39.99526239782397
              ],
              [
                -104.7860125171674,
                39.9952785187057
              ],
              [
                -104.78603727920185,
                39.994055453478424
              ],
              [
                -104.78603731100019,
                39.994045466049236
              ],
              [
                -104.78986217985063,
                39.9940307808267
              ],
              [
                -104.78937987696244,
                39.99267625941134
              ],
              [
                -104.78936522626334,
                39.99265466859957
              ],
              [
                -104.78934903163267,
                39.99263855853757
              ],
              [
                -104.78933260360684,
                39.992616270772054
              ],
              [
                -104.78929348850849,
                39.99257302918008
              ],
              [
                -104.78925660596323,
                39.9925442132694
              ],
              [
                -104.78896768883527,
                39.99235306783773
              ],
              [
                -104.78892809980576,
                39.99232720929965
              ],
              [
                -104.78888792767326,
                39.99230020347813
              ],
              [
                -104.78885101517513,
                39.992274361028265
              ],
              [
                -104.7887857352823,
                39.99223050510977
              ],
              [
                -104.78865188936255,
                39.99214414587944
              ],
              [
                -104.7885878784468,
                39.992092519028596
              ],
              [
                -104.78854964460285,
                39.992050427143454
              ],
              [
                -104.78851759532589,
                39.992014320048135
              ],
              [
                -104.78847001762784,
                39.99195524421269
              ],
              [
                -104.78842954228915,
                39.99189964242378
              ],
              [
                -104.78840459541782,
                39.9918670093622
              ],
              [
                -104.78837670967408,
                39.99183092730995
              ],
              [
                -104.78834427234715,
                39.991803739146505
              ],
              [
                -104.78832070530062,
                39.99178163696417
              ],
              [
                -104.78829681525764,
                39.99176204910083
              ],
              [
                -104.78826460082028,
                39.991742182316415
              ],
              [
                -104.78824329871807,
                39.991731302607256
              ],
              [
                -104.78822106253146,
                39.991724534798145
              ],
              [
                -104.78819825255353,
                39.99171570476002
              ],
              [
                -104.78816057224381,
                39.99170678509379
              ],
              [
                -104.78813207704154,
                39.99170135205515
              ],
              [
                -104.78810000392255,
                39.99169681245084
              ],
              [
                -104.78805988048425,
                39.991694283078054
              ],
              [
                -104.78803462388159,
                39.99169207206372
              ],
              [
                -104.78798644779235,
                39.991691781641684
              ],
              [
                -104.78793561856386,
                39.99168918768575
              ],
              [
                -104.7877942939083,
                39.99169496936183
              ],
              [
                -104.78717322321525,
                39.99176259314701
              ],
              [
                -104.78706280990227,
                39.99177016177105
              ],
              [
                -104.78697064083103,
                39.99176754660248
              ],
              [
                -104.78687679368642,
                39.99175462739568
              ],
              [
                -104.78682069092812,
                39.99174422355493
              ],
              [
                -104.7867800451198,
                39.99173459928488
              ],
              [
                -104.78674001276856,
                39.99172314869047
              ],
              [
                -104.786693747056,
                39.991710516676754
              ],
              [
                -104.78666823980998,
                39.99170372881862
              ],
              [
                -104.78663146936927,
                39.991693212895534
              ],
              [
                -104.78660476793215,
                39.99168687531444
              ],
              [
                -104.78654478760996,
                39.9916775916797
              ],
              [
                -104.78650886031151,
                39.99167188370035
              ],
              [
                -104.78648005852587,
                39.99166736341764
              ],
              [
                -104.78642688884607,
                39.99166086589041
              ],
              [
                -104.7863644383966,
                39.99166048856355
              ],
              [
                -104.78633290644413,
                39.991661213041915
              ],
              [
                -104.7862960239316,
                39.99166167642732
              ],
              [
                -104.78624632357094,
                39.991665036114675
              ],
              [
                -104.78619396545078,
                39.99166654970323
              ],
              [
                -104.78615232480477,
                39.99166698428684
              ],
              [
                -104.78609908387976,
                39.99166757749004
              ],
              [
                -104.78587103545256,
                39.99166185253806
              ],
              [
                -104.78564796189589,
                39.99166393480015
              ],
              [
                -104.78555506610311,
                39.9916743538894
              ],
              [
                -104.7854764329889,
                39.9916860020518
              ],
              [
                -104.78537094880137,
                39.991705951518014
              ],
              [
                -104.78533403818493,
                39.99170915945603
              ],
              [
                -104.78530636048441,
                39.99171105074203
              ],
              [
                -104.78528286252606,
                39.99171136605181
              ],
              [
                -104.78525431256053,
                39.99171119328001
              ],
              [
                -104.78522666761495,
                39.99170988221886
              ],
              [
                -104.78519873464691,
                39.99170765440048
              ],
              [
                -104.78514022034864,
                39.991700437691314
              ],
              [
                -104.78507316386201,
                39.9916851629287
              ],
              [
                -104.7849960806504,
                39.99166159145806
              ],
              [
                -104.78497565250534,
                39.991652546462106
              ],
              [
                -104.78494458411986,
                39.99163703198996
              ],
              [
                -104.78490434135578,
                39.99161711567564
              ],
              [
                -104.7848723972405,
                39.99159999461834
              ],
              [
                -104.78484400066361,
                39.99158495380051
              ],
              [
                -104.78479313646851,
                39.99155673806286
              ],
              [
                -104.7847499316756,
                39.991535659998036
              ],
              [
                -104.78472122137833,
                39.991522218513644
              ],
              [
                -104.78440873274424,
                39.99136912056337
              ],
              [
                -104.78423690521038,
                39.991275206058894
              ],
              [
                -104.78417891136509,
                39.99124626058578
              ],
              [
                -104.78383422322253,
                39.98904105505355
              ],
              [
                -104.78383467098703,
                39.98899736609672
              ],
              [
                -104.78383135139227,
                39.98894404580026
              ],
              [
                -104.78380650494823,
                39.98881487887483
              ],
              [
                -104.78375388318922,
                39.98872626139104
              ],
              [
                -104.78370564942949,
                39.98864476181291
              ],
              [
                -104.78368109239887,
                39.988603437464825
              ],
              [
                -104.78366062353906,
                39.988569457979686
              ],
              [
                -104.783613268044,
                39.98848933529688
              ],
              [
                -104.7833498328839,
                39.98810732197886
              ],
              [
                -104.78319750745274,
                39.98791058465967
              ],
              [
                -104.78292257044382,
                39.98763555656368
              ],
              [
                -104.7829006623635,
                39.98759699224156
              ],
              [
                -104.7828845912823,
                39.987569215619935
              ],
              [
                -104.78283689376686,
                39.98737768899038
              ],
              [
                -104.78282667223247,
                39.98733050392513
              ],
              [
                -104.78282148126462,
                39.987314384083646
              ],
              [
                -104.78276467994904,
                39.987314496639
              ],
              [
                -104.78255837693587,
                39.986992569574284
              ],
              [
                -104.78451053412986,
                39.986980902492455
              ],
              [
                -104.78992913862996,
                39.98697401858967
              ],
              [
                -104.78998091701983,
                39.98697066986005
              ],
              [
                -104.79081098705835,
                39.98691874039904
              ],
              [
                -104.7908109219809,
                39.986923306948526
              ],
              [
                -104.79080386997758,
                39.98792814074221
              ],
              [
                -104.78992188320095,
                39.98792215483891
              ],
              [
                -104.78988023224528,
                39.99261017769466
              ],
              [
                -104.78987305692645,
                39.99322610432521
              ],
              [
                -104.78986217985063,
                39.9940307808267
              ],
              [
                -104.7929895989817,
                39.994021863059075
              ]
            ]
          ],
          [
            [
              [
                -104.83240043248097,
                39.98731554287325
              ],
              [
                -104.83195209733776,
                39.98773871497758
              ],
              [
                -104.8315646904085,
                39.98813409377187
              ],
              [
                -104.83135530480347,
                39.98829211945331
              ],
              [
                -104.83118035490833,
                39.988487627147
              ],
              [
                -104.83040379122708,
                39.989365522509374
              ],
              [
                -104.8302053998345,
                39.98986513495077
              ],
              [
                -104.83011408611858,
                39.99008376072707
              ],
              [
                -104.82993235787573,
                39.99052010301123
              ],
              [
                -104.83255098251763,
                39.9905145718474
              ],
              [
                -104.83259496211373,
                39.98731115232526
              ],
              [
                -104.83240043248097,
                39.98731554287325
              ]
            ]
          ]
        ]
      },
      "properties": {
        "feature_id": 406,
        "ward": 2
      }
    },
    {
      "type": "Feature",
      "id": 407,
      "geometry": {
        "type": "MultiPolygon",
        "coordinates": [
          [
            [
              [
                -104.82374252051099,
                39.98683833611634
              ],
              [
                -104.82609538015163,
                39.98688192320543
              ],
              [
                -104.82663686882695,
                39.98690678107537
              ],
              [
                -104.82766238317815,
                39.98698381596054
              ],
              [
                -104.82766245103686,
                39.98698382084984
              ],
              [
                -104.82766545245725,
                39.986779437590116
              ],
              [
                -104.82778141976432,
                39.98678055523709
              ],
              [
                -104.82779014270605,
                39.98588982620279
              ],
              [
                -104.82779051387936,
                39.98583517467497
              ],
              [
                -104.8280447561166,
                39.9858366215508
              ],
              [
                -104.82803564784437,
                39.98678383204451
              ],
              [
                -104.8294632053062,
                39.98680109607337
              ],
              [
                -104.82946526576103,
                39.985408693907594
              ],
              [
                -104.8291075434544,
                39.98540666226687
              ],
              [
                -104.82912601057443,
                39.983499145556074
              ],
              [
                -104.82912849897296,
                39.98323993514386
              ],
              [
                -104.83105026953739,
                39.983255256122966
              ],
              [
                -104.83141628269945,
                39.98325811870668
              ],
              [
                -104.83223173582952,
                39.983261558218274
              ],
              [
                -104.8329078149533,
                39.98326440570541
              ],
              [
                -104.83326088255396,
                39.98326589078062
              ],
              [
                -104.83374870604051,
                39.983268175665806
              ],
              [
                -104.83394965443816,
                39.98326901380361
              ],
              [
                -104.83501094766986,
                39.98327352682737
              ],
              [
                -104.8354049956895,
                39.98327522904399
              ],
              [
                -104.83735391982026,
                39.983283932215976
              ],
              [
                -104.83756801877725,
                39.98328281974756
              ],
              [
                -104.83756022912056,
                39.98235452281355
              ],
              [
                -104.83806298133597,
                39.982538088342174
              ],
              [
                -104.8391947645276,
                39.982021405639294
              ],
              [
                -104.84000779929612,
                39.98114586370353
              ],
              [
                -104.8409350339646,
                39.98044946818631
              ],
              [
                -104.84204997104068,
                39.979864754295946
              ],
              [
                -104.84204936215873,
                39.97961594973684
              ],
              [
                -104.84203627910931,
                39.976000466662626
              ],
              [
                -104.84493765236255,
                39.97597063589578
              ],
              [
                -104.84670476533562,
                39.975964413275825
              ],
              [
                -104.84806332920147,
                39.975959569296585
              ],
              [
                -104.84873490970459,
                39.9757146206166
              ],
              [
                -104.84949650996494,
                39.975221281518635
              ],
              [
                -104.84993969518034,
                39.97494807562272
              ],
              [
                -104.85037976937373,
                39.97462521076188
              ],
              [
                -104.85056062400125,
                39.97455277609769
              ],
              [
                -104.85070521376585,
                39.97444720049667
              ],
              [
                -104.8511298498974,
                39.97405722434644
              ],
              [
                -104.85137331369931,
                39.973773764297555
              ],
              [
                -104.85140859550579,
                39.973720430026354
              ],
              [
                -104.85136600391078,
                39.97311971892612
              ],
              [
                -104.85123769909667,
                39.97291267922417
              ],
              [
                -104.85126300172213,
                39.9728453362403
              ],
              [
                -104.85126512531656,
                39.97284077285654
              ],
              [
                -104.85127060418448,
                39.97282707780472
              ],
              [
                -104.85128341367785,
                39.97279237779155
              ],
              [
                -104.85135291644562,
                39.972607697889494
              ],
              [
                -104.85146156305768,
                39.972433985216774
              ],
              [
                -104.8514941683966,
                39.972380636191716
              ],
              [
                -104.85164002369308,
                39.97204196739785
              ],
              [
                -104.85182023852386,
                39.971556627787905
              ],
              [
                -104.85205023384691,
                39.97097334953256
              ],
              [
                -104.85208154578186,
                39.970906491403674
              ],
              [
                -104.85228143901989,
                39.97049088166876
              ],
              [
                -104.8528637577603,
                39.97024610583208
              ],
              [
                -104.85345660333812,
                39.969569956915414
              ],
              [
                -104.85329358681443,
                39.96875983902996
              ],
              [
                -104.8514379787937,
                39.96878807927022
              ],
              [
                -104.85023768432468,
                39.96878377901147
              ],
              [
                -104.85013742708026,
                39.968726953983946
              ],
              [
                -104.8492869796046,
                39.968488712171016
              ],
              [
                -104.84894963510578,
                39.96823926328849
              ],
              [
                -104.84830551753146,
                39.96776272571871
              ],
              [
                -104.84798631162838,
                39.96670091835926
              ],
              [
                -104.84799363814517,
                39.966653162000156
              ],
              [
                -104.84809374636846,
                39.966046753108564
              ],
              [
                -104.84809576277982,
                39.96603874797013
              ],
              [
                -104.84811226980091,
                39.9659731968219
              ],
              [
                -104.84814251621617,
                39.965853959995805
              ],
              [
                -104.8482854147848,
                39.9652906359266
              ],
              [
                -104.84828911214315,
                39.96527670238026
              ],
              [
                -104.84829373117324,
                39.96525957137407
              ],
              [
                -104.84829558518241,
                39.965252032746726
              ],
              [
                -104.84829776102639,
                39.965242990986766
              ],
              [
                -104.84829805932657,
                39.96524175250185
              ],
              [
                -104.8482999069371,
                39.96523490009915
              ],
              [
                -104.8483045387571,
                39.96521639664259
              ],
              [
                -104.84839236377051,
                39.96488404430261
              ],
              [
                -104.84842186426351,
                39.96481283605253
              ],
              [
                -104.8488249614372,
                39.96384036586368
              ],
              [
                -104.84884347059038,
                39.96379571331806
              ],
              [
                -104.84884328867635,
                39.963796018520206
              ],
              [
                -104.84891618168223,
                39.963620161446585
              ],
              [
                -104.84891633486998,
                39.963619924531805
              ],
              [
                -104.84893187342183,
                39.96358243700609
              ],
              [
                -104.84897384067425,
                39.96353112234168
              ],
              [
                -104.84899301716285,
                39.96350150903983
              ],
              [
                -104.84908128084176,
                39.96339358544855
              ],
              [
                -104.84920938272276,
                39.96323668047212
              ],
              [
                -104.8493773195449,
                39.96310993098708
              ],
              [
                -104.84947823942251,
                39.96304229964051
              ],
              [
                -104.84950412040088,
                39.963014228104655
              ],
              [
                -104.84955285460056,
                39.96297744574382
              ],
              [
                -104.85153912407596,
                39.9614782572974
              ],
              [
                -104.85208525513038,
                39.961759961602986
              ],
              [
                -104.85262598819834,
                39.96202990604701
              ],
              [
                -104.85262981573234,
                39.96087992372762
              ],
              [
                -104.85262886570328,
                39.95856725665704
              ],
              [
                -104.85262872180283,
                39.9578806264038
              ],
              [
                -104.85262870560695,
                39.957876941033355
              ],
              [
                -104.85262871548407,
                39.95787410507778
              ],
              [
                -104.85404235384807,
                39.95786362966046
              ],
              [
                -104.85499116066,
                39.95785745834219
              ],
              [
                -104.85502464241917,
                39.95781007035391
              ],
              [
                -104.85516582925031,
                39.95759567870375
              ],
              [
                -104.85481969000746,
                39.95744921486876
              ],
              [
                -104.8536958755313,
                39.95699378266935
              ],
              [
                -104.85028815322808,
                39.95553974067434
              ],
              [
                -104.84915874906292,
                39.95505647527406
              ],
              [
                -104.84672793880819,
                39.95401708216567
              ],
              [
                -104.84672818036279,
                39.95189171968571
              ],
              [
                -104.8462323881934,
                39.95167028517244
              ],
              [
                -104.84629006291134,
                39.95160540948721
              ],
              [
                -104.84672808593231,
                39.95180639364336
              ],
              [
                -104.84798720002377,
                39.952375406592786
              ],
              [
                -104.84863807819076,
                39.95266929060439
              ],
              [
                -104.8488056232306,
                39.952456100688636
              ],
              [
                -104.84918160060096,
                39.95261830251346
              ],
              [
                -104.84926153664638,
                39.9526523701489
              ],
              [
                -104.85309870513706,
                39.95427258329887
              ],
              [
                -104.85484894744349,
                39.95506862034106
              ],
              [
                -104.85598006361192,
                39.95557404398954
              ],
              [
                -104.85606838928328,
                39.955397791591864
              ],
              [
                -104.85620562491492,
                39.95513974074038
              ],
              [
                -104.85635993971898,
                39.954864231796286
              ],
              [
                -104.85649761519728,
                39.954631777318866
              ],
              [
                -104.85666726154562,
                39.95435853997926
              ],
              [
                -104.85678687962108,
                39.9541757984166
              ],
              [
                -104.85698604597852,
                39.95388262616921
              ],
              [
                -104.85703553393252,
                39.953834399812834
              ],
              [
                -104.85707437132365,
                39.95378085317497
              ],
              [
                -104.85710046472938,
                39.95372312043721
              ],
              [
                -104.85711537286976,
                39.95366667948792
              ],
              [
                -104.85711676525798,
                39.95359899558777
              ],
              [
                -104.85710483929886,
                39.953538310722465
              ],
              [
                -104.85707924112971,
                39.95347755138803
              ],
              [
                -104.8570491790795,
                39.953433282178985
              ],
              [
                -104.85702058646288,
                39.95339122024985
              ],
              [
                -104.85700394984813,
                39.953357960238115
              ],
              [
                -104.85698621863489,
                39.95330668210213
              ],
              [
                -104.85696712816738,
                39.95323371802332
              ],
              [
                -104.85695924841444,
                39.9531786974836
              ],
              [
                -104.85695750201988,
                39.9531652572029
              ],
              [
                -104.85695568477763,
                39.95311168094029
              ],
              [
                -104.8569607363809,
                39.95304719970795
              ],
              [
                -104.85697294440405,
                39.95298024115976
              ],
              [
                -104.8569913814097,
                39.95291468816642
              ],
              [
                -104.85701753767088,
                39.95285009313532
              ],
              [
                -104.85702989864937,
                39.95281191974568
              ],
              [
                -104.85740413872549,
                39.95232928725821
              ],
              [
                -104.85740748869436,
                39.95231773718167
              ],
              [
                -104.85744974160633,
                39.952297716116995
              ],
              [
                -104.857526523755,
                39.9522548994575
              ],
              [
                -104.85759530827248,
                39.9522090654137
              ],
              [
                -104.85765907480862,
                39.95215954395037
              ],
              [
                -104.85772021766861,
                39.952104289312956
              ],
              [
                -104.85777334609644,
                39.95204784726552
              ],
              [
                -104.85782115186997,
                39.95198840152632
              ],
              [
                -104.85786454343474,
                39.95192412880852
              ],
              [
                -104.85789872753996,
                39.95185911972359
              ],
              [
                -104.8579272707935,
                39.95179339368008
              ],
              [
                -104.85794900115515,
                39.95172511427037
              ],
              [
                -104.85796481448762,
                39.951653828861545
              ],
              [
                -104.85797258829615,
                39.95158410100243
              ],
              [
                -104.85797322895954,
                39.951514333441985
              ],
              [
                -104.85796646027397,
                39.95144223893316
              ],
              [
                -104.85795457489002,
                39.95140946237949
              ],
              [
                -104.8579450882311,
                39.95137441132584
              ],
              [
                -104.85793947375757,
                39.951338466315214
              ],
              [
                -104.85793769785374,
                39.951305287238895
              ],
              [
                -104.85794008713556,
                39.95127167330935
              ],
              [
                -104.85794576466238,
                39.95123601847411
              ],
              [
                -104.85795500453524,
                39.951200840524216
              ],
              [
                -104.85796778364328,
                39.95116865563384
              ],
              [
                -104.85798958623634,
                39.95112485333622
              ],
              [
                -104.85800486274346,
                39.95107964211065
              ],
              [
                -104.85801242431157,
                39.95103301729482
              ],
              [
                -104.85801287588946,
                39.95098383750651
              ],
              [
                -104.85800498033676,
                39.95093735737336
              ],
              [
                -104.85799024052993,
                39.950891755030945
              ],
              [
                -104.85796924040169,
                39.95084817742607
              ],
              [
                -104.85793932606833,
                39.95080432257315
              ],
              [
                -104.8579176244424,
                39.950772407628534
              ],
              [
                -104.8579010174341,
                39.950735945300345
              ],
              [
                -104.8578906602691,
                39.95069860194951
              ],
              [
                -104.857887421469,
                39.950662897703005
              ],
              [
                -104.8579656405921,
                39.95066254596165
              ],
              [
                -104.85809459606429,
                39.9506619657537
              ],
              [
                -104.858132373028,
                39.95052926472742
              ],
              [
                -104.8581987483054,
                39.95033008492633
              ],
              [
                -104.85826422050265,
                39.95015390802309
              ],
              [
                -104.85834352375556,
                39.94996561651595
              ],
              [
                -104.85842901754717,
                39.9497828487048
              ],
              [
                -104.85852343127614,
                39.94959967088684
              ],
              [
                -104.85862674596935,
                39.94941814353209
              ],
              [
                -104.85873535107149,
                39.94924304905143
              ],
              [
                -104.85877514427266,
                39.94918195895387
              ],
              [
                -104.858809309409,
                39.94911877947536
              ],
              [
                -104.85883782132143,
                39.94905625554153
              ],
              [
                -104.8588622007733,
                39.94899073534002
              ],
              [
                -104.85888064962965,
                39.94892358163515
              ],
              [
                -104.85889375090575,
                39.948856169224435
              ],
              [
                -104.8589006192851,
                39.948787808837615
              ],
              [
                -104.85890214010828,
                39.94871919064839
              ],
              [
                -104.85889830709898,
                39.94865100088713
              ],
              [
                -104.85888941957181,
                39.94858301242435
              ],
              [
                -104.85887369013841,
                39.94851567305977
              ],
              [
                -104.85885290202447,
                39.94844899247704
              ],
              [
                -104.8588264554853,
                39.948383424024705
              ],
              [
                -104.8588063178235,
                39.9483430537736
              ],
              [
                -104.8587913682676,
                39.94832032582834
              ],
              [
                -104.85878173686261,
                39.94830105809553
              ],
              [
                -104.85875777131011,
                39.948256778206044
              ],
              [
                -104.8587233216408,
                39.948203409134244
              ],
              [
                -104.85871909893645,
                39.9481957193006
              ],
              [
                -104.85870974169046,
                39.94817896935406
              ],
              [
                -104.85868870626149,
                39.94813928046558
              ],
              [
                -104.85850456386338,
                39.9478010941571
              ],
              [
                -104.85819368851703,
                39.947217097570274
              ],
              [
                -104.85918749477028,
                39.947094852080646
              ],
              [
                -104.85965403171717,
                39.94687686338784
              ],
              [
                -104.85784033052323,
                39.94553153456686
              ],
              [
                -104.85550647458145,
                39.943297137299645
              ],
              [
                -104.8513122200902,
                39.94332334147249
              ],
              [
                -104.8508511803858,
                39.94419740923465
              ],
              [
                -104.85050930509716,
                39.9448477118333
              ],
              [
                -104.85032717527687,
                39.94519373131248
              ],
              [
                -104.85012107798974,
                39.945656055850634
              ],
              [
                -104.84923144164287,
                39.94726365323337
              ],
              [
                -104.84869213636553,
                39.94823837965462
              ],
              [
                -104.84783982764743,
                39.94972470221851
              ],
              [
                -104.84774394395498,
                39.949871261824626
              ],
              [
                -104.8476654754398,
                39.949966905249134
              ],
              [
                -104.84756180763824,
                39.950087572371714
              ],
              [
                -104.84747988216928,
                39.95017153095919
              ],
              [
                -104.8469848988234,
                39.950691956871104
              ],
              [
                -104.84690538810784,
                39.950771809917
              ],
              [
                -104.84672866181796,
                39.9509494894886
              ],
              [
                -104.8466587382434,
                39.95102116024832
              ],
              [
                -104.84651189111479,
                39.95118184915204
              ],
              [
                -104.84641094575703,
                39.95129704017841
              ],
              [
                -104.84630649552757,
                39.95140557781548
              ],
              [
                -104.84555679836416,
                39.952240269126285
              ],
              [
                -104.84509548966099,
                39.95274829199877
              ],
              [
                -104.84502418151934,
                39.95280874509256
              ],
              [
                -104.84495069626728,
                39.95287948092176
              ],
              [
                -104.84426006914711,
                39.95359256431791
              ],
              [
                -104.84371163343957,
                39.95416575011349
              ],
              [
                -104.8425854767391,
                39.955487537756426
              ],
              [
                -104.84089201160934,
                39.95747545069069
              ],
              [
                -104.84057609316676,
                39.957846785499065
              ],
              [
                -104.84056645632398,
                39.95785999941389
              ],
              [
                -104.84055231771303,
                39.9578777632652
              ],
              [
                -104.84053577095996,
                39.95789871622154
              ],
              [
                -104.84050508340408,
                39.9579376617627
              ],
              [
                -104.83996412679582,
                39.95856188339824
              ],
              [
                -104.83972066755092,
                39.95884555054781
              ],
              [
                -104.83962410027651,
                39.95896693636139
              ],
              [
                -104.83955342093287,
                39.959022585729095
              ],
              [
                -104.8395376961927,
                39.959050863270306
              ],
              [
                -104.83950971304381,
                39.95908662111137
              ],
              [
                -104.83947993989815,
                39.959123056093055
              ],
              [
                -104.83944177683519,
                39.95916653459906
              ],
              [
                -104.83935165932537,
                39.959265767116015
              ],
              [
                -104.8392490345731,
                39.95936744585241
              ],
              [
                -104.83924183362147,
                39.9593744969254
              ],
              [
                -104.83910257574661,
                39.95948351936838
              ],
              [
                -104.83891308342186,
                39.95962360055704
              ],
              [
                -104.83865035346882,
                39.95977516548068
              ],
              [
                -104.83831010271113,
                39.959951229528016
              ],
              [
                -104.838118320941,
                39.96005012086064
              ],
              [
                -104.83782071301694,
                39.96021178230728
              ],
              [
                -104.83767878215198,
                39.96028876248963
              ],
              [
                -104.83761244666496,
                39.96032476220026
              ],
              [
                -104.8374207228311,
                39.960448814766025
              ],
              [
                -104.83737466204798,
                39.960478523920386
              ],
              [
                -104.83721124790013,
                39.960595186156
              ],
              [
                -104.83701221816628,
                39.96073703984921
              ],
              [
                -104.83683472557685,
                39.96086483143957
              ],
              [
                -104.83669614446521,
                39.96096447679826
              ],
              [
                -104.83661772131404,
                39.96102122464445
              ],
              [
                -104.83545527750385,
                39.96187777741041
              ],
              [
                -104.83537975095794,
                39.96194231836258
              ],
              [
                -104.83531474793111,
                39.961994337049255
              ],
              [
                -104.8348658943984,
                39.96233471207809
              ],
              [
                -104.83476378879175,
                39.96241191309783
              ],
              [
                -104.83222606722767,
                39.962398501008735
              ],
              [
                -104.83340877455788,
                39.96041959540227
              ],
              [
                -104.83276242431312,
                39.959370077972316
              ],
              [
                -104.83214918183629,
                39.95859090261728
              ],
              [
                -104.8321945244028,
                39.95851201012492
              ],
              [
                -104.83237592859693,
                39.95819278008187
              ],
              [
                -104.83243548400698,
                39.95814477225545
              ],
              [
                -104.83281809922086,
                39.957834762128805
              ],
              [
                -104.83276667992934,
                39.95778520195075
              ],
              [
                -104.83271990199493,
                39.95775208426617
              ],
              [
                -104.83270610172349,
                39.957703051911764
              ],
              [
                -104.83271172714139,
                39.957674260653455
              ],
              [
                -104.83272539985548,
                39.95764322733851
              ],
              [
                -104.83278447931666,
                39.95752643900613
              ],
              [
                -104.83399517583226,
                39.95543856613261
              ],
              [
                -104.8347167310785,
                39.95417464600001
              ],
              [
                -104.8367155306031,
                39.95065002304829
              ],
              [
                -104.83968308579026,
                39.945452174799435
              ],
              [
                -104.84033727311783,
                39.94428432892276
              ],
              [
                -104.84072397023016,
                39.94360194918476
              ],
              [
                -104.84086859462585,
                39.9433467370314
              ],
              [
                -104.84087158948027,
                39.94334145184842
              ],
              [
                -104.84136133915237,
                39.94334233069377
              ],
              [
                -104.84420407566982,
                39.94334739467608
              ],
              [
                -104.84592542951845,
                39.9433504272935
              ],
              [
                -104.84672502992663,
                39.94335182804387
              ],
              [
                -104.84673039689434,
                39.94335183703658
              ],
              [
                -104.84672968447737,
                39.94323722654328
              ],
              [
                -104.84672148804388,
                39.94230134004794
              ],
              [
                -104.84669909439266,
                39.93973594299977
              ],
              [
                -104.84532523016404,
                39.93973610746589
              ],
              [
                -104.84288418057488,
                39.93973210641441
              ],
              [
                -104.84432466896261,
                39.93725831895351
              ],
              [
                -104.84485492205333,
                39.936337553262376
              ],
              [
                -104.8451344669445,
                39.9361474592897
              ],
              [
                -104.84513693587913,
                39.93604247383748
              ],
              [
                -104.84514400065952,
                39.9359544418527
              ],
              [
                -104.8451107653729,
                39.935906323961156
              ],
              [
                -104.84597270740204,
                39.93437715192567
              ],
              [
                -104.84610449942888,
                39.934145338699516
              ],
              [
                -104.84714889166224,
                39.93230826820723
              ],
              [
                -104.84836520280406,
                39.9301706011214
              ],
              [
                -104.84913566958124,
                39.928816428270366
              ],
              [
                -104.8493315627388,
                39.928165498974955
              ],
              [
                -104.84944749143676,
                39.92778027549224
              ],
              [
                -104.84997124734943,
                39.92694848319476
              ],
              [
                -104.85050592292455,
                39.92609860638764
              ],
              [
                -104.85082668213073,
                39.92558874343806
              ],
              [
                -104.85082720453876,
                39.925587912339
              ],
              [
                -104.85091353904971,
                39.92562505240729
              ],
              [
                -104.85105180493481,
                39.92568453420076
              ],
              [
                -104.85109970614334,
                39.92570514082579
              ],
              [
                -104.8510914523554,
                39.925394845671825
              ],
              [
                -104.85108678578736,
                39.925193284852675
              ],
              [
                -104.8510951060146,
                39.92516166213724
              ],
              [
                -104.85196711240508,
                39.923775096644725
              ],
              [
                -104.85232146823336,
                39.923144068745486
              ],
              [
                -104.85238665065806,
                39.92303530922827
              ],
              [
                -104.85248454355924,
                39.92285924573456
              ],
              [
                -104.85308527345306,
                39.92180156092202
              ],
              [
                -104.8531161414823,
                39.92176490920385
              ],
              [
                -104.85317118820292,
                39.92169954856626
              ],
              [
                -104.85325467826482,
                39.921662523331335
              ],
              [
                -104.8532863430417,
                39.921648480606514
              ],
              [
                -104.855287425917,
                39.92163697429887
              ],
              [
                -104.85550148099443,
                39.92163531492561
              ],
              [
                -104.85577044559393,
                39.92163015708066
              ],
              [
                -104.85734555539555,
                39.921627196596525
              ],
              [
                -104.85734533910987,
                39.92164093437852
              ],
              [
                -104.85734340943816,
                39.92176375313937
              ],
              [
                -104.86059118043765,
                39.92178116996499
              ],
              [
                -104.8605911344345,
                39.92178620237936
              ],
              [
                -104.86213936499797,
                39.921783373544535
              ],
              [
                -104.86216787917384,
                39.92178421396809
              ],
              [
                -104.86358482630584,
                39.92180993731985
              ],
              [
                -104.86443333071912,
                39.92181245228162
              ],
              [
                -104.86475155219433,
                39.92181437679417
              ],
              [
                -104.86505396349138,
                39.92184690487684
              ],
              [
                -104.86508464023106,
                39.9218058936367
              ],
              [
                -104.86514333375804,
                39.92162411860455
              ],
              [
                -104.86525616131614,
                39.9214682556044
              ],
              [
                -104.86404615247982,
                39.92145876587834
              ],
              [
                -104.85747681209983,
                39.921504611163094
              ],
              [
                -104.85721927682974,
                39.92149886200574
              ],
              [
                -104.85725484452588,
                39.921475722504326
              ],
              [
                -104.85725863143406,
                39.92147489114741
              ],
              [
                -104.85730872856394,
                39.92146389188569
              ],
              [
                -104.85744268264673,
                39.921323827528774
              ],
              [
                -104.85747472709019,
                39.92129037288155
              ],
              [
                -104.85754001462918,
                39.92122221011931
              ],
              [
                -104.85775985654894,
                39.92096468221699
              ],
              [
                -104.85803918455366,
                39.920791113684906
              ],
              [
                -104.85823118593618,
                39.9206718083183
              ],
              [
                -104.85834403501386,
                39.92060322563319
              ],
              [
                -104.85836583659402,
                39.9205902194575
              ],
              [
                -104.85847441153467,
                39.92052545004571
              ],
              [
                -104.85850949661491,
                39.920504839181504
              ],
              [
                -104.85856387383224,
                39.920455704269095
              ],
              [
                -104.85856525850512,
                39.920454452729615
              ],
              [
                -104.85858282079799,
                39.92043892874709
              ],
              [
                -104.85874283745311,
                39.92029747981391
              ],
              [
                -104.85883805372609,
                39.92016127678549
              ],
              [
                -104.85896367184345,
                39.919950125297966
              ],
              [
                -104.8590602380839,
                39.91977601958236
              ],
              [
                -104.85913084250079,
                39.91964872301907
              ],
              [
                -104.8591625671872,
                39.919591524897136
              ],
              [
                -104.85966560916997,
                39.91906536748486
              ],
              [
                -104.85990527019858,
                39.918458628998344
              ],
              [
                -104.85998441206884,
                39.91832613116916
              ],
              [
                -104.8601547855654,
                39.91804065863073
              ],
              [
                -104.86016552215791,
                39.91790620726243
              ],
              [
                -104.86012348626848,
                39.91790537226336
              ],
              [
                -104.86011820868949,
                39.917905267086695
              ],
              [
                -104.86011057023835,
                39.917905222956
              ],
              [
                -104.86013776741203,
                39.917556686775136
              ],
              [
                -104.86015863134274,
                39.91728954769408
              ],
              [
                -104.86017651042756,
                39.917062158442135
              ],
              [
                -104.86012157678236,
                39.91670596451711
              ],
              [
                -104.86006608873936,
                39.91634638026362
              ],
              [
                -104.86008646174939,
                39.915961570321166
              ],
              [
                -104.86030009196935,
                39.91566244975357
              ],
              [
                -104.86037956928024,
                39.915551166599144
              ],
              [
                -104.86029542024944,
                39.9155269186037
              ],
              [
                -104.85827586467396,
                39.915530133524214
              ],
              [
                -104.85826194678066,
                39.915233816076494
              ],
              [
                -104.85825197403125,
                39.91502559103325
              ],
              [
                -104.85824497634808,
                39.91488166409586
              ],
              [
                -104.8581883870545,
                39.914444198480965
              ],
              [
                -104.85747859432851,
                39.91443314246815
              ],
              [
                -104.857504894599,
                39.914375064039554
              ],
              [
                -104.85751179229538,
                39.91436479667808
              ],
              [
                -104.85751661662523,
                39.91435704517238
              ],
              [
                -104.85718863266871,
                39.91435525850708
              ],
              [
                -104.85720768404047,
                39.91428993746133
              ],
              [
                -104.8572125105007,
                39.91428195722109
              ],
              [
                -104.85527990159761,
                39.91429931986456
              ],
              [
                -104.85519364080898,
                39.91440796610606
              ],
              [
                -104.85391742318099,
                39.914407617752026
              ],
              [
                -104.85378731133805,
                39.914406905118575
              ],
              [
                -104.85373541792951,
                39.914525346396175
              ],
              [
                -104.8536222435053,
                39.9145242688484
              ],
              [
                -104.85361830990297,
                39.91453202507707
              ],
              [
                -104.85361165417359,
                39.914545027830876
              ],
              [
                -104.8536059400366,
                39.91457586808037
              ],
              [
                -104.85357414495364,
                39.91468207816348
              ],
              [
                -104.85332888483187,
                39.91511880694676
              ],
              [
                -104.85303622661289,
                39.915636941907216
              ],
              [
                -104.85270824785681,
                39.91621550316894
              ],
              [
                -104.85234578062551,
                39.91686044358055
              ],
              [
                -104.85230308514014,
                39.91694759476841
              ],
              [
                -104.85210393280927,
                39.91727980172165
              ],
              [
                -104.85205155214624,
                39.91736936822322
              ],
              [
                -104.85193234903035,
                39.91757312227983
              ],
              [
                -104.85185050387287,
                39.91769841031169
              ],
              [
                -104.8518297813493,
                39.917722544811824
              ],
              [
                -104.85181715814012,
                39.91773825976096
              ],
              [
                -104.85179795061323,
                39.9177592008675
              ],
              [
                -104.85176206685291,
                39.91778439584504
              ],
              [
                -104.85171764645374,
                39.917801079858364
              ],
              [
                -104.85165488609175,
                39.91780919902491
              ],
              [
                -104.8509751680328,
                39.917807520541594
              ],
              [
                -104.85096922450651,
                39.917918017582366
              ],
              [
                -104.8509687022557,
                39.91792804043333
              ],
              [
                -104.85097328135932,
                39.917946823778756
              ],
              [
                -104.85097370077824,
                39.91800108135495
              ],
              [
                -104.85103989368643,
                39.91800134550739
              ],
              [
                -104.85104009930447,
                39.91808483159057
              ],
              [
                -104.85102859125115,
                39.92067017143307
              ],
              [
                -104.85167721089584,
                39.92067373739087
              ],
              [
                -104.85318040346742,
                39.91793995804799
              ],
              [
                -104.85404093712913,
                39.91794443411575
              ],
              [
                -104.85416381136504,
                39.91794509150224
              ],
              [
                -104.8542007621587,
                39.917944986658924
              ],
              [
                -104.85431226602407,
                39.917944672022614
              ],
              [
                -104.85481523926717,
                39.917943638359674
              ],
              [
                -104.85418907567237,
                39.919059536414835
              ],
              [
                -104.85307344275591,
                39.92096058216506
              ],
              [
                -104.85275338448353,
                39.92154742108847
              ],
              [
                -104.85266603889822,
                39.92154717065131
              ],
              [
                -104.85208310082304,
                39.92154968982491
              ],
              [
                -104.85191106954541,
                39.92155057504997
              ],
              [
                -104.85176488596932,
                39.92155160203954
              ],
              [
                -104.85116761340183,
                39.92156204445001
              ],
              [
                -104.85094566420382,
                39.92156356877595
              ],
              [
                -104.85087614900279,
                39.9215627288271
              ],
              [
                -104.85079950913972,
                39.9215613921196
              ],
              [
                -104.84981449146932,
                39.921574726191054
              ],
              [
                -104.84940445963616,
                39.92157795608748
              ],
              [
                -104.84936702245898,
                39.92157820716056
              ],
              [
                -104.84894718033681,
                39.9215820676416
              ],
              [
                -104.84853805459389,
                39.92158369822371
              ],
              [
                -104.84782228419613,
                39.921589122956554
              ],
              [
                -104.84743721504093,
                39.921591797725696
              ],
              [
                -104.84678205326477,
                39.92159709383686
              ],
              [
                -104.8467303516336,
                39.921597722613804
              ],
              [
                -104.84435675878571,
                39.921601942051666
              ],
              [
                -104.84433685397923,
                39.921601831439226
              ],
              [
                -104.84316963691386,
                39.92159122161787
              ],
              [
                -104.84203507820247,
                39.921583069954806
              ],
              [
                -104.84096561950085,
                39.92157138214677
              ],
              [
                -104.84087828353643,
                39.92156997924779
              ],
              [
                -104.8407954050417,
                39.92156860118892
              ],
              [
                -104.83859309898598,
                39.92155627596208
              ],
              [
                -104.83852008713482,
                39.92154831763706
              ],
              [
                -104.83844084297913,
                39.921539638047946
              ],
              [
                -104.83735350502664,
                39.92153353618617
              ],
              [
                -104.83729290810963,
                39.9215322808055
              ],
              [
                -104.83722963741901,
                39.921531010374
              ],
              [
                -104.83596939557445,
                39.92152392435782
              ],
              [
                -104.83585981423066,
                39.921518732415635
              ],
              [
                -104.83575022855858,
                39.92151399786304
              ],
              [
                -104.83443534829155,
                39.92150384273969
              ],
              [
                -104.83299807017157,
                39.921492981075986
              ],
              [
                -104.83289383227994,
                39.92148827410133
              ],
              [
                -104.83278959876624,
                39.92148310954333
              ],
              [
                -104.83248655035598,
                39.92148345422524
              ],
              [
                -104.83156671555803,
                39.92148396552452
              ],
              [
                -104.82954191988357,
                39.92145737883217
              ],
              [
                -104.82887164513454,
                39.92145860072287
              ],
              [
                -104.82823910348831,
                39.92145981750027
              ],
              [
                -104.82821885931902,
                39.92145899614821
              ],
              [
                -104.82805238919508,
                39.921452244575974
              ],
              [
                -104.82798282981908,
                39.92138468539255
              ],
              [
                -104.8280194880338,
                39.919424433097085
              ],
              [
                -104.8280150129147,
                39.91849862004229
              ],
              [
                -104.8280202362938,
                39.91795489023086
              ],
              [
                -104.82801482953779,
                39.917126065793944
              ],
              [
                -104.82801008223186,
                39.91706358768702
              ],
              [
                -104.82800447010379,
                39.91699835955022
              ],
              [
                -104.82801383903383,
                39.916115860673365
              ],
              [
                -104.82905384138299,
                39.91612360997786
              ],
              [
                -104.82920413992471,
                39.916126065962665
              ],
              [
                -104.83033855169025,
                39.916140288425005
              ],
              [
                -104.83034742688376,
                39.915213178477515
              ],
              [
                -104.83036280340329,
                39.91450685812044
              ],
              [
                -104.82940122920061,
                39.91450162488069
              ],
              [
                -104.82939448710086,
                39.91468848241543
              ],
              [
                -104.82926368146738,
                39.914687738793376
              ],
              [
                -104.82926547556377,
                39.9145006243736
              ],
              [
                -104.82907839381718,
                39.91449292657034
              ],
              [
                -104.82907275194502,
                39.914492665725724
              ],
              [
                -104.82904339737465,
                39.91449235738075
              ],
              [
                -104.8278825008437,
                39.914480171641685
              ],
              [
                -104.82787626266713,
                39.91448013610127
              ],
              [
                -104.82787595287166,
                39.91432686507415
              ],
              [
                -104.82787602759697,
                39.9143190877022
              ],
              [
                -104.81853205404266,
                39.91430482886189
              ],
              [
                -104.81829024008844,
                39.914304575571464
              ],
              [
                -104.81811526681007,
                39.91430425062744
              ],
              [
                -104.81811507878186,
                39.914414969766234
              ],
              [
                -104.8181149249309,
                39.91443075324315
              ],
              [
                -104.81811420684272,
                39.91517490267274
              ],
              [
                -104.81812904310905,
                39.91685293765015
              ],
              [
                -104.81486506777364,
                39.91632938493615
              ],
              [
                -104.81508862267134,
                39.91616231561289
              ],
              [
                -104.81538156621131,
                39.915947610093006
              ],
              [
                -104.81469708673018,
                39.91558448371153
              ],
              [
                -104.81419328315582,
                39.91530773168372
              ],
              [
                -104.8138868619147,
                39.915563761295466
              ],
              [
                -104.8134699068364,
                39.91591248144466
              ],
              [
                -104.81343575667223,
                39.91594133508767
              ],
              [
                -104.81045874145181,
                39.91853137087614
              ],
              [
                -104.80978659626652,
                39.91911626626351
              ],
              [
                -104.80968800519474,
                39.91920216020656
              ],
              [
                -104.80944049345398,
                39.91941620326855
              ],
              [
                -104.8094333026438,
                39.9194223376622
              ],
              [
                -104.80894966856177,
                39.919839736323404
              ],
              [
                -104.80755655116022,
                39.921043532864445
              ],
              [
                -104.8049742655368,
                39.92330404268181
              ],
              [
                -104.80465685954792,
                39.92358217360738
              ],
              [
                -104.80452737084487,
                39.92369647584332
              ],
              [
                -104.80243055039344,
                39.92555328492898
              ],
              [
                -104.80019452006174,
                39.92753298938769
              ],
              [
                -104.79942553678283,
                39.92812961391198
              ],
              [
                -104.79942597248186,
                39.92813072876687
              ],
              [
                -104.79957480669941,
                39.92851202688394
              ],
              [
                -104.79957225154499,
                39.92885383816774
              ],
              [
                -104.79951771507366,
                39.92892188331673
              ],
              [
                -104.79951963129658,
                39.928921877580436
              ],
              [
                -104.80085612009127,
                39.92891816068683
              ],
              [
                -104.80502907129882,
                39.92890645739351
              ],
              [
                -104.80877911498915,
                39.92889581437978
              ],
              [
                -104.80899687588328,
                39.928895193095364
              ],
              [
                -104.80898571400566,
                39.9267626321583
              ],
              [
                -104.80897251890988,
                39.925235527795856
              ],
              [
                -104.80897787391464,
                39.925235660928124
              ],
              [
                -104.80897773387423,
                39.92520886929704
              ],
              [
                -104.8098706676223,
                39.925234392748436
              ],
              [
                -104.81060657289292,
                39.92568771248439
              ],
              [
                -104.81133019425512,
                39.92613345541496
              ],
              [
                -104.8113258110234,
                39.92622921995983
              ],
              [
                -104.81132753848479,
                39.92636183397762
              ],
              [
                -104.81135062955913,
                39.92748696652106
              ],
              [
                -104.81135383045017,
                39.92769900403966
              ],
              [
                -104.8113538364799,
                39.92771704441715
              ],
              [
                -104.81135424183185,
                39.928875118302955
              ],
              [
                -104.81835204568742,
                39.92881486761956
              ],
              [
                -104.81835009543198,
                39.92958365625269
              ],
              [
                -104.81836324274688,
                39.92958369707636
              ],
              [
                -104.81834697794457,
                39.9308129525732
              ],
              [
                -104.81834301967233,
                39.93199647123517
              ],
              [
                -104.81834295279444,
                39.93240013634695
              ],
              [
                -104.81844347555774,
                39.93243639409346
              ],
              [
                -104.81833998488008,
                39.93243493712611
              ],
              [
                -104.81817944597168,
                39.932432675834285
              ],
              [
                -104.8181992526426,
                39.932966968852874
              ],
              [
                -104.8182092766893,
                39.93395045526071
              ],
              [
                -104.8182375678402,
                39.93397463819945
              ],
              [
                -104.81823463432397,
                39.93427555200581
              ],
              [
                -104.81822634890555,
                39.93457677708861
              ],
              [
                -104.81821799611649,
                39.93598221394341
              ],
              [
                -104.81819487872373,
                39.93615879593324
              ],
              [
                -104.81857191757506,
                39.93616346387785
              ],
              [
                -104.81860907288578,
                39.936141332299876
              ],
              [
                -104.81868927025994,
                39.93613937086925
              ],
              [
                -104.81957813759458,
                39.936139577351796
              ],
              [
                -104.81991744709262,
                39.936138825089834
              ],
              [
                -104.82685947480581,
                39.93613572441279
              ],
              [
                -104.82786663898537,
                39.93613528682104
              ],
              [
                -104.82786701506353,
                39.93610784357
              ],
              [
                -104.8288237049421,
                39.93611280762444
              ],
              [
                -104.83043720114374,
                39.936121214918835
              ],
              [
                -104.83257264000102,
                39.93613238211745
              ],
              [
                -104.83257367765992,
                39.93602316753796
              ],
              [
                -104.83159605114044,
                39.93601791175619
              ],
              [
                -104.82965948145187,
                39.936007476619814
              ],
              [
                -104.82965800962111,
                39.93593669240185
              ],
              [
                -104.82968706923658,
                39.93516228561114
              ],
              [
                -104.83159762555576,
                39.93498215207778
              ],
              [
                -104.83258370537915,
                39.93488812221002
              ],
              [
                -104.83259279400886,
                39.93019293100262
              ],
              [
                -104.83258585215229,
                39.929982208213744
              ],
              [
                -104.83258706978751,
                39.92916591848055
              ],
              [
                -104.8325867160949,
                39.92903001216548
              ],
              [
                -104.83258065538215,
                39.92863000211399
              ],
              [
                -104.83257726700094,
                39.92840634747624
              ],
              [
                -104.83257203927398,
                39.92806125730033
              ],
              [
                -104.83257200153682,
                39.928009926281106
              ],
              [
                -104.8325719628801,
                39.927957588363014
              ],
              [
                -104.83257194638256,
                39.92793541321671
              ],
              [
                -104.83257121444528,
                39.92694759229875
              ],
              [
                -104.83257116493881,
                39.926878003822196
              ],
              [
                -104.83257006167882,
                39.925384333418684
              ],
              [
                -104.83258865826603,
                39.92343031113799
              ],
              [
                -104.83256670306076,
                39.921747181969806
              ],
              [
                -104.8325660308551,
                39.921695658093284
              ],
              [
                -104.83257158427261,
                39.92169568950836
              ],
              [
                -104.83257123656344,
                39.92166899851257
              ],
              [
                -104.83402319752973,
                39.921677203138955
              ],
              [
                -104.8372816428118,
                39.921695240840265
              ],
              [
                -104.83834851798498,
                39.92170112682802
              ],
              [
                -104.83851830643853,
                39.92171843144674
              ],
              [
                -104.83858080972924,
                39.92172480160628
              ],
              [
                -104.83876627800682,
                39.92172652295374
              ],
              [
                -104.840675940525,
                39.92173540509186
              ],
              [
                -104.84087416908652,
                39.921739979152335
              ],
              [
                -104.84164820763414,
                39.92175783531027
              ],
              [
                -104.84273129249746,
                39.92176195105236
              ],
              [
                -104.84283317381151,
                39.92175601788066
              ],
              [
                -104.84304305608741,
                39.92174379357846
              ],
              [
                -104.84369663986527,
                39.92175565726743
              ],
              [
                -104.84367540577747,
                39.92401864386138
              ],
              [
                -104.84583444432572,
                39.92399563310086
              ],
              [
                -104.84670849000699,
                39.92298410432651
              ],
              [
                -104.84673071186306,
                39.921738748326824
              ],
              [
                -104.84673106596765,
                39.921712105419715
              ],
              [
                -104.84880076160981,
                39.921698043991114
              ],
              [
                -104.84888460595215,
                39.92169747371251
              ],
              [
                -104.84940038769193,
                39.9217710167997
              ],
              [
                -104.84940154238744,
                39.92177112043397
              ],
              [
                -104.849386355217,
                39.921799523318306
              ],
              [
                -104.84931087676898,
                39.92192881265909
              ],
              [
                -104.8487568611548,
                39.922877160607264
              ],
              [
                -104.8487478056916,
                39.92289243738008
              ],
              [
                -104.8487408639481,
                39.92290406569855
              ],
              [
                -104.84873029532775,
                39.922922307965706
              ],
              [
                -104.84873069356411,
                39.922943355857726
              ],
              [
                -104.8487402821287,
                39.923504742796034
              ],
              [
                -104.84669910027043,
                39.923480457118124
              ],
              [
                -104.84669278595378,
                39.92383438387155
              ],
              [
                -104.84666579390404,
                39.925347328739676
              ],
              [
                -104.84660405926114,
                39.928820051301244
              ],
              [
                -104.84720807777657,
                39.92884558744871
              ],
              [
                -104.8466124344202,
                39.92983189150569
              ],
              [
                -104.84616695846336,
                39.93057014055962
              ],
              [
                -104.8457749601584,
                39.93121283425959
              ],
              [
                -104.84497539081973,
                39.932540680545955
              ],
              [
                -104.84454479558259,
                39.93320923464631
              ],
              [
                -104.84429293595385,
                39.93363950004357
              ],
              [
                -104.843295138157,
                39.935314214962155
              ],
              [
                -104.8432552539104,
                39.93538115643377
              ],
              [
                -104.84283558995217,
                39.93608549733379
              ],
              [
                -104.84279663228213,
                39.9361518484861
              ],
              [
                -104.8407977354209,
                39.939763520046256
              ],
              [
                -104.83887636285301,
                39.94326349548807
              ],
              [
                -104.83883285322948,
                39.943338969901596
              ],
              [
                -104.83729918825861,
                39.9458935805732
              ],
              [
                -104.83703736380271,
                39.946330864118266
              ],
              [
                -104.8346114956413,
                39.95061553423348
              ],
              [
                -104.83447667131266,
                39.950853136919775
              ],
              [
                -104.83304398135134,
                39.95341374521696
              ],
              [
                -104.83295508361444,
                39.95357199874585
              ],
              [
                -104.83259232028884,
                39.95420863343126
              ],
              [
                -104.83255875181436,
                39.954268834889355
              ],
              [
                -104.83147132721871,
                39.9561769041406
              ],
              [
                -104.83057230295599,
                39.95777469586754
              ],
              [
                -104.83053147678585,
                39.95784743701293
              ],
              [
                -104.8304969955429,
                39.957909462668624
              ],
              [
                -104.8304507312489,
                39.957991323118094
              ],
              [
                -104.82899230496636,
                39.96091087497935
              ],
              [
                -104.82778754830476,
                39.96331394974931
              ],
              [
                -104.82778714780035,
                39.96333101305404
              ],
              [
                -104.82778233767094,
                39.963340608641644
              ],
              [
                -104.82778226196167,
                39.96334385669675
              ],
              [
                -104.82678583109951,
                39.96508475345891
              ],
              [
                -104.82325480223899,
                39.9650875330427
              ],
              [
                -104.82304074624076,
                39.965089068901214
              ],
              [
                -104.82299114688172,
                39.965090070553856
              ],
              [
                -104.82111363132667,
                39.965088606856746
              ],
              [
                -104.81820389764836,
                39.96507529835691
              ],
              [
                -104.81818079141313,
                39.967719480781
              ],
              [
                -104.81815035141578,
                39.96928458762228
              ],
              [
                -104.81813307455138,
                39.96972545617663
              ],
              [
                -104.81803624333183,
                39.9697289694537
              ],
              [
                -104.81657122403085,
                39.969717104962825
              ],
              [
                -104.81519566641745,
                39.96971372686694
              ],
              [
                -104.81517070249596,
                39.97226167184478
              ],
              [
                -104.81352840917774,
                39.97225190630991
              ],
              [
                -104.81352866938619,
                39.97207405210457
              ],
              [
                -104.81353337514916,
                39.97138301370482
              ],
              [
                -104.8135686145371,
                39.96522149572568
              ],
              [
                -104.81356956048234,
                39.965004070509764
              ],
              [
                -104.81121011453723,
                39.964991014858974
              ],
              [
                -104.81119513400648,
                39.96750688252825
              ],
              [
                -104.81118846253001,
                39.96863643252385
              ],
              [
                -104.8111843489031,
                39.9692952200833
              ],
              [
                -104.811178220609,
                39.97033944728695
              ],
              [
                -104.81117112307217,
                39.9714518359877
              ],
              [
                -104.81116769189309,
                39.97207151078789
              ],
              [
                -104.81116683107483,
                39.97224936151937
              ],
              [
                -104.8093649982065,
                39.972226974116545
              ],
              [
                -104.80936026273466,
                39.972356990024835
              ],
              [
                -104.80938609495979,
                39.97594646367951
              ],
              [
                -104.81038309426077,
                39.97595146387759
              ],
              [
                -104.81145009479997,
                39.97595146385933
              ],
              [
                -104.81254570179264,
                39.97595046617633
              ],
              [
                -104.8125457229609,
                39.97595545473546
              ],
              [
                -104.81255372271974,
                39.97665145510349
              ],
              [
                -104.81255250432845,
                39.977092967186394
              ],
              [
                -104.81255146013017,
                39.97737645342568
              ],
              [
                -104.8125558062684,
                39.978477480237714
              ],
              [
                -104.81255994779121,
                39.97953172271255
              ],
              [
                -104.8125599512768,
                39.97953255849047
              ],
              [
                -104.81255995363084,
                39.97953291424148
              ],
              [
                -104.8125634030791,
                39.98010078018798
              ],
              [
                -104.8125640617,
                39.980519161598004
              ],
              [
                -104.81257282809781,
                39.98207656279755
              ],
              [
                -104.81257189241437,
                39.98211170145727
              ],
              [
                -104.81257224828072,
                39.982111704429485
              ],
              [
                -104.81257824160163,
                39.98364291967695
              ],
              [
                -104.81257824862811,
                39.98364470470545
              ],
              [
                -104.81396724843054,
                39.9836547047036
              ],
              [
                -104.81491705647386,
                39.98366638946208
              ],
              [
                -104.81534909738556,
                39.98367154008992
              ],
              [
                -104.81534909695603,
                39.98367146443714
              ],
              [
                -104.81673509708955,
                39.9836664645433
              ],
              [
                -104.81813709806511,
                39.98367446436552
              ],
              [
                -104.81952409691519,
                39.98367746454259
              ],
              [
                -104.81954574049247,
                39.985681756312644
              ],
              [
                -104.81955009805772,
                39.98681846532234
              ],
              [
                -104.82003909775949,
                39.98682046494063
              ],
              [
                -104.82023109833486,
                39.9868214648705
              ],
              [
                -104.82041909869557,
                39.98682146432154
              ],
              [
                -104.82046709863914,
                39.98682146403674
              ],
              [
                -104.82054409780396,
                39.98682146486699
              ],
              [
                -104.82058109820255,
                39.9868214642936
              ],
              [
                -104.82099009800872,
                39.98682346441766
              ],
              [
                -104.82151409841046,
                39.986825464631046
              ],
              [
                -104.82233609930843,
                39.98682746532381
              ],
              [
                -104.82246709870167,
                39.986827464941975
              ],
              [
                -104.8228490988887,
                39.98683346448642
              ],
              [
                -104.82311909989824,
                39.98683746462739
              ],
              [
                -104.82335109866088,
                39.986840464704116
              ],
              [
                -104.82366709918143,
                39.98683946404851
              ],
              [
                -104.82374253204098,
                39.98683714469241
              ],
              [
                -104.8237427322345,
                39.98683714583875
              ],
              [
                -104.82374252051099,
                39.98683833611634
              ]
            ],
            [
              [
                -104.83237894174762,
                39.979644742665336
              ],
              [
                -104.83232511355178,
                39.97992716795828
              ],
              [
                -104.83223312729505,
                39.98040875294442
              ],
              [
                -104.83223197553664,
                39.98045210487067
              ],
              [
                -104.83223092179037,
                39.98046902657089
              ],
              [
                -104.83222973471996,
                39.980499901397884
              ],
              [
                -104.8322257226538,
                39.98053017846253
              ],
              [
                -104.83222573829197,
                39.98054471421848
              ],
              [
                -104.83222724255104,
                39.98057400299863
              ],
              [
                -104.8322230746939,
                39.98067828950142
              ],
              [
                -104.83222237835285,
                39.98068341267332
              ],
              [
                -104.8322133112352,
                39.9809116776242
              ],
              [
                -104.8322091685862,
                39.98091163438438
              ],
              [
                -104.83144695041533,
                39.98090344269747
              ],
              [
                -104.83143387512654,
                39.980849341743344
              ],
              [
                -104.83141528500855,
                39.980748714341225
              ],
              [
                -104.83142375184178,
                39.9806403697876
              ],
              [
                -104.83142167977239,
                39.980577222463204
              ],
              [
                -104.83142561669798,
                39.979885954744425
              ],
              [
                -104.83142586777167,
                39.97967321568941
              ],
              [
                -104.83143230214408,
                39.979653350673765
              ],
              [
                -104.83144313961562,
                39.97963945814471
              ],
              [
                -104.83196051564207,
                39.97964078492064
              ],
              [
                -104.83237894174762,
                39.979644742665336
              ]
            ],
            [
              [
                -104.82871771212048,
                39.97034841850922
              ],
              [
                -104.82868514901553,
                39.970422099046885
              ],
              [
                -104.82865854406484,
                39.97049903761103
              ],
              [
                -104.8286468485471,
                39.97054580788095
              ],
              [
                -104.82863906533385,
                39.97057693170042
              ],
              [
                -104.8286336368892,
                39.97060540582498
              ],
              [
                -104.8286240371925,
                39.9706557661041
              ],
              [
                -104.82861584241066,
                39.97073509686641
              ],
              [
                -104.82861448383746,
                39.970782946290335
              ],
              [
                -104.82861359570774,
                39.970814233595625
              ],
              [
                -104.82860830641287,
                39.97098846210638
              ],
              [
                -104.828504903624,
                39.970987010400286
              ],
              [
                -104.8284008587515,
                39.970985503617094
              ],
              [
                -104.8282962170929,
                39.970984222100185
              ],
              [
                -104.8284898281872,
                39.970681230250534
              ],
              [
                -104.82874036803682,
                39.97028923448459
              ],
              [
                -104.82875170618712,
                39.97027149942093
              ],
              [
                -104.82871771212048,
                39.97034841850922
              ]
            ],
            [
              [
                -104.83249651819082,
                39.96928621398685
              ],
              [
                -104.82932800531113,
                39.96926825815154
              ],
              [
                -104.82958942968168,
                39.968855698397874
              ],
              [
                -104.8298282099559,
                39.96848090689144
              ],
              [
                -104.83025465657697,
                39.96785398553134
              ],
              [
                -104.83066584078163,
                39.96719371215494
              ],
              [
                -104.831317702078,
                39.96615695009392
              ],
              [
                -104.83154212745616,
                39.96589252906114
              ],
              [
                -104.83224697148079,
                39.96515831078097
              ],
              [
                -104.83352534227923,
                39.965159489461904
              ],
              [
                -104.83471840638863,
                39.96516057709373
              ],
              [
                -104.83534817643901,
                39.96516114590821
              ],
              [
                -104.83718250425959,
                39.965163018859656
              ],
              [
                -104.83720595198383,
                39.9657000360197
              ],
              [
                -104.83595195715603,
                39.965702597146546
              ],
              [
                -104.83592613687495,
                39.9660734910662
              ],
              [
                -104.83591854891719,
                39.966242275686675
              ],
              [
                -104.83591139195806,
                39.96640129476447
              ],
              [
                -104.83591408637898,
                39.96663832374439
              ],
              [
                -104.83591495768076,
                39.96668693605535
              ],
              [
                -104.83590974762785,
                39.96671383391433
              ],
              [
                -104.83589681865904,
                39.96682830272936
              ],
              [
                -104.83589013779601,
                39.966858601099304
              ],
              [
                -104.83587903587797,
                39.96690062928468
              ],
              [
                -104.83571938937436,
                39.966900417411374
              ],
              [
                -104.83553982200218,
                39.96690055071685
              ],
              [
                -104.8353751229277,
                39.96690030994224
              ],
              [
                -104.83517712526448,
                39.966900110190494
              ],
              [
                -104.83501302075022,
                39.966899872258736
              ],
              [
                -104.83481056289853,
                39.96689987552398
              ],
              [
                -104.83436908289299,
                39.966899446120095
              ],
              [
                -104.83428079104785,
                39.9668989483084
              ],
              [
                -104.83390798684293,
                39.96689844689051
              ],
              [
                -104.83368323307633,
                39.966898322431774
              ],
              [
                -104.833508423179,
                39.9668982507438
              ],
              [
                -104.83333985730955,
                39.96689821405471
              ],
              [
                -104.83318823852012,
                39.966898044087706
              ],
              [
                -104.832927811288,
                39.96689771670608
              ],
              [
                -104.8325781904846,
                39.96689779958214
              ],
              [
                -104.83251843087483,
                39.96689814800362
              ],
              [
                -104.83251838500526,
                39.96690295156794
              ],
              [
                -104.83251831470301,
                39.966924777316926
              ],
              [
                -104.83251818477257,
                39.96692477838355
              ],
              [
                -104.83250872637086,
                39.967955716720844
              ],
              [
                -104.83250472606211,
                39.96827105136043
              ],
              [
                -104.83250338965965,
                39.968473261774776
              ],
              [
                -104.83250305525252,
                39.96857373213552
              ],
              [
                -104.83249651819082,
                39.96928621398685
              ]
            ],
            [
              [
                -104.82982866319965,
                39.96816371403628
              ],
              [
                -104.8297083281573,
                39.96836203649617
              ],
              [
                -104.82956229976033,
                39.96861558205253
              ],
              [
                -104.8294164612322,
                39.96884922604094
              ],
              [
                -104.82941434072167,
                39.96885333155778
              ],
              [
                -104.82932346023533,
                39.96899830338995
              ],
              [
                -104.82922260979139,
                39.96915991659673
              ],
              [
                -104.82776583650411,
                39.96909581544762
              ],
              [
                -104.8277346190512,
                39.9690958664564
              ],
              [
                -104.82773451774342,
                39.96885910522304
              ],
              [
                -104.8277343700551,
                39.96884354915089
              ],
              [
                -104.82773441185476,
                39.968839203074275
              ],
              [
                -104.8277349131603,
                39.9687561684425
              ],
              [
                -104.82777033471005,
                39.968349874380195
              ],
              [
                -104.82782982644095,
                39.968099270543554
              ],
              [
                -104.82982866319965,
                39.96816371403628
              ]
            ],
            [
              [
                -104.83241155925099,
                39.96507296270842
              ],
              [
                -104.83233414021136,
                39.96507323998888
              ],
              [
                -104.83263355857133,
                39.96476321725432
              ],
              [
                -104.83387122633566,
                39.96354015212448
              ],
              [
                -104.83403922102937,
                39.96336943546031
              ],
              [
                -104.83421611701642,
                39.96319931991869
              ],
              [
                -104.8348151734985,
                39.96260730449682
              ],
              [
                -104.83569264396618,
                39.961937324905236
              ],
              [
                -104.83586051881208,
                39.96180914413211
              ],
              [
                -104.83607542561359,
                39.96187477238351
              ],
              [
                -104.83680022382866,
                39.962096106693714
              ],
              [
                -104.83742648416022,
                39.96228734724985
              ],
              [
                -104.8374280132028,
                39.963619772927295
              ],
              [
                -104.83743090807019,
                39.964214779385664
              ],
              [
                -104.83743074979837,
                39.96423147751634
              ],
              [
                -104.8374289878511,
                39.96446885900153
              ],
              [
                -104.83742951902425,
                39.96507220778437
              ],
              [
                -104.83742450957946,
                39.9650722120925
              ],
              [
                -104.83661822985435,
                39.96507132191957
              ],
              [
                -104.83612475847643,
                39.96506854808285
              ],
              [
                -104.83576983072123,
                39.96506495045864
              ],
              [
                -104.83541129777382,
                39.96506544903836
              ],
              [
                -104.83487524271105,
                39.96507020788261
              ],
              [
                -104.83410193349977,
                39.96507682890007
              ],
              [
                -104.83361052026456,
                39.96507657245311
              ],
              [
                -104.83305226786639,
                39.965070903811984
              ],
              [
                -104.83241155925099,
                39.96507296270842
              ]
            ],
            [
              [
                -104.83993066660545,
                39.961414799804835
              ],
              [
                -104.83992749103203,
                39.9614975144148
              ],
              [
                -104.83877079606573,
                39.961498361511424
              ],
              [
                -104.83761499500717,
                39.96149897353676
              ],
              [
                -104.83746606322218,
                39.96149882407355
              ],
              [
                -104.83746622147942,
                39.96148212592295
              ],
              [
                -104.83745471003081,
                39.96081478412926
              ],
              [
                -104.83745485311371,
                39.960799687166684
              ],
              [
                -104.83742585145457,
                39.96066044194716
              ],
              [
                -104.83747515763925,
                39.96063296287761
              ],
              [
                -104.83747391791684,
                39.96063114480057
              ],
              [
                -104.83761960027168,
                39.960542348348405
              ],
              [
                -104.83773208902883,
                39.96047639851759
              ],
              [
                -104.8386067302886,
                39.96000230175578
              ],
              [
                -104.83866036944131,
                39.959973322637815
              ],
              [
                -104.83870125229599,
                39.95994962074113
              ],
              [
                -104.83915021013438,
                39.95967953021058
              ],
              [
                -104.83927667734143,
                39.95958789169126
              ],
              [
                -104.83939065726936,
                39.959511438535095
              ],
              [
                -104.83960145793954,
                39.959321148975505
              ],
              [
                -104.83965021578864,
                39.95933480204127
              ],
              [
                -104.83988672641797,
                39.959413794019554
              ],
              [
                -104.84012296827623,
                39.959493915177966
              ],
              [
                -104.84051185404181,
                39.95962580268972
              ],
              [
                -104.84031440299881,
                39.96000505805382
              ],
              [
                -104.83972553902953,
                39.95999215468831
              ],
              [
                -104.84005713283095,
                39.96047824151371
              ],
              [
                -104.8399674442428,
                39.96085932697507
              ],
              [
                -104.83995802793082,
                39.96089883345517
              ],
              [
                -104.8399457296161,
                39.96105442095765
              ],
              [
                -104.83993700996507,
                39.961249573168644
              ],
              [
                -104.83993365586063,
                39.96133694291953
              ],
              [
                -104.83993066660545,
                39.961414799804835
              ]
            ],
            [
              [
                -104.84961248456877,
                39.92323371015052
              ],
              [
                -104.84962078617708,
                39.9232355859712
              ],
              [
                -104.84966200138537,
                39.923244505936836
              ],
              [
                -104.8497393632685,
                39.92326437670832
              ],
              [
                -104.84977450537218,
                39.92327140338351
              ],
              [
                -104.8498476069119,
                39.923286018903156
              ],
              [
                -104.84987340943611,
                39.92329096498747
              ],
              [
                -104.84989831855601,
                39.92329613490108
              ],
              [
                -104.85014930728568,
                39.923335491293415
              ],
              [
                -104.85013391483335,
                39.92336055362581
              ],
              [
                -104.85007539695827,
                39.92345586813611
              ],
              [
                -104.85003557678483,
                39.923520615905076
              ],
              [
                -104.84889687775643,
                39.92350701742057
              ],
              [
                -104.8488996759159,
                39.923334092198445
              ],
              [
                -104.8488997270199,
                39.923328602300444
              ],
              [
                -104.84890527880833,
                39.92311520127922
              ],
              [
                -104.84890797898386,
                39.92295279833438
              ],
              [
                -104.84892748062788,
                39.92296434382549
              ],
              [
                -104.84915393602299,
                39.92306332041624
              ],
              [
                -104.84916124626884,
                39.92306651561327
              ],
              [
                -104.84937918540061,
                39.923145267293584
              ],
              [
                -104.84942720964727,
                39.92316347335672
              ],
              [
                -104.84961248456877,
                39.92323371015052
              ]
            ],
            [
              [
                -104.85159210938028,
                39.923171403455314
              ],
              [
                -104.85100537005054,
                39.92300575883478
              ],
              [
                -104.8504364144053,
                39.922845013985025
              ],
              [
                -104.85046478714351,
                39.92279713110415
              ],
              [
                -104.85062937804277,
                39.9225098016881
              ],
              [
                -104.85065021282504,
                39.92247377266275
              ],
              [
                -104.8509123994771,
                39.92201417516928
              ],
              [
                -104.85111611891823,
                39.92166215343283
              ],
              [
                -104.85160612577045,
                39.92165938954104
              ],
              [
                -104.8518420341114,
                39.92165839817228
              ],
              [
                -104.8526935769857,
                39.92165346526363
              ],
              [
                -104.85267840560145,
                39.92168018359146
              ],
              [
                -104.85263729693553,
                39.92175257687019
              ],
              [
                -104.85179835437735,
                39.923229954824
              ],
              [
                -104.85159210938028,
                39.923171403455314
              ]
            ],
            [
              [
                -104.80895840401949,
                39.921503752504506
              ],
              [
                -104.8089591876926,
                39.921642870129006
              ],
              [
                -104.8089612671198,
                39.92202330750741
              ],
              [
                -104.80896236241412,
                39.92222370714636
              ],
              [
                -104.80855963664091,
                39.922388798832934
              ],
              [
                -104.80827919200993,
                39.922506567755555
              ],
              [
                -104.80783780335875,
                39.92258518841158
              ],
              [
                -104.80757695721506,
                39.92258365788647
              ],
              [
                -104.80727881937773,
                39.922567724826976
              ],
              [
                -104.80714903869044,
                39.92256215886526
              ],
              [
                -104.80801771709295,
                39.92194564375399
              ],
              [
                -104.8087246069289,
                39.921443940541934
              ],
              [
                -104.80895713857268,
                39.92127890257392
              ],
              [
                -104.80895840401949,
                39.921503752504506
              ]
            ],
            [
              [
                -104.85392039906168,
                39.921515604928395
              ],
              [
                -104.85389722631308,
                39.92151547803368
              ],
              [
                -104.85330810683081,
                39.92151179295249
              ],
              [
                -104.85333672029813,
                39.92146189149611
              ],
              [
                -104.8534064854,
                39.92133964896586
              ],
              [
                -104.85359580824168,
                39.92101328106392
              ],
              [
                -104.85361028954141,
                39.92098853119185
              ],
              [
                -104.85385686243971,
                39.920567092626534
              ],
              [
                -104.8539140185153,
                39.920469469423516
              ],
              [
                -104.8539184222796,
                39.921191800327755
              ],
              [
                -104.85392039906168,
                39.921515604928395
              ]
            ],
            [
              [
                -104.85610368988158,
                39.92103613480029
              ],
              [
                -104.85610360037079,
                39.92085538878786
              ],
              [
                -104.85722539503118,
                39.92082429379372
              ],
              [
                -104.85759193121211,
                39.92084942254022
              ],
              [
                -104.85745671954336,
                39.92107214908199
              ],
              [
                -104.85728507719101,
                39.92135418728883
              ],
              [
                -104.8571277636683,
                39.9214995071965
              ],
              [
                -104.8569046706181,
                39.92149623258953
              ],
              [
                -104.8565668042419,
                39.9215028545463
              ],
              [
                -104.85609973042314,
                39.92150602537132
              ],
              [
                -104.85610370813473,
                39.92107392313224
              ],
              [
                -104.85610368988158,
                39.92103613480029
              ]
            ],
            [
              [
                -104.85595829816702,
                39.92147505742846
              ],
              [
                -104.85592122354667,
                39.92150047589058
              ],
              [
                -104.85591255327316,
                39.921506376255806
              ],
              [
                -104.85458982686622,
                39.921509442102725
              ],
              [
                -104.85398844023449,
                39.921515072374234
              ],
              [
                -104.85399076067985,
                39.92148900671472
              ],
              [
                -104.8539920990218,
                39.92147277225385
              ],
              [
                -104.85399424866333,
                39.921120333398555
              ],
              [
                -104.85449049503092,
                39.92108780999217
              ],
              [
                -104.85530628378599,
                39.92107806587689
              ],
              [
                -104.85595192313124,
                39.921070349582315
              ],
              [
                -104.85595829816702,
                39.92147505742846
              ]
            ],
            [
              [
                -104.81773818533496,
                39.92796011200903
              ],
              [
                -104.81691828299843,
                39.92778974699417
              ],
              [
                -104.8169063360694,
                39.927643959199635
              ],
              [
                -104.81690510744032,
                39.9269497904297
              ],
              [
                -104.81690505661814,
                39.92692313445489
              ],
              [
                -104.81719208257175,
                39.92692296569799
              ],
              [
                -104.81719028441636,
                39.92604372476509
              ],
              [
                -104.8171902299419,
                39.92601707236212
              ],
              [
                -104.81809438341665,
                39.92601589589978
              ],
              [
                -104.81814377362481,
                39.926039514622026
              ],
              [
                -104.81814643981352,
                39.92620039359309
              ],
              [
                -104.81817627389567,
                39.92800055677329
              ],
              [
                -104.81817710887952,
                39.92805986115473
              ],
              [
                -104.81773818533496,
                39.92796011200903
              ]
            ],
            [
              [
                -104.81844447907697,
                39.935977688890056
              ],
              [
                -104.81843624513918,
                39.93407838337822
              ],
              [
                -104.81843117743193,
                39.93276894588041
              ],
              [
                -104.81859341231221,
                39.93276988280195
              ],
              [
                -104.81859729642942,
                39.93292019956768
              ],
              [
                -104.81874819225212,
                39.93317018729197
              ],
              [
                -104.81897131245557,
                39.93362153039093
              ],
              [
                -104.81898073865985,
                39.933640596842864
              ],
              [
                -104.8192429566459,
                39.93408544183329
              ],
              [
                -104.8197025925347,
                39.934764071093326
              ],
              [
                -104.81987711391902,
                39.9349688994599
              ],
              [
                -104.82007987999977,
                39.93511109651888
              ],
              [
                -104.82008004772179,
                39.935141496933326
              ],
              [
                -104.82008473151994,
                39.935987493730806
              ],
              [
                -104.81918433768136,
                39.93598607716896
              ],
              [
                -104.81844447907697,
                39.935977688890056
              ]
            ],
            [
              [
                -104.82392625911861,
                39.93511762529175
              ],
              [
                -104.82594704937618,
                39.93511674219676
              ],
              [
                -104.82594765908303,
                39.935927536996765
              ],
              [
                -104.82392684423567,
                39.93592841919442
              ],
              [
                -104.82392625911861,
                39.93511762529175
              ]
            ]
          ],
          [
            [
              [
                -104.81907784725547,
                39.91420595388967
              ],
              [
                -104.82221396819027,
                39.914216207786005
              ],
              [
                -104.82238601968291,
                39.91421676744895
              ],
              [
                -104.82266623563346,
                39.91421767954583
              ],
              [
                -104.82328115972567,
                39.91421967744086
              ],
              [
                -104.82633835226775,
                39.914229565249336
              ],
              [
                -104.82751835400394,
                39.91422181369327
              ],
              [
                -104.8275618987431,
                39.91422152693321
              ],
              [
                -104.82779201714166,
                39.91422001401375
              ],
              [
                -104.82781812164815,
                39.914226499552505
              ],
              [
                -104.82787542602773,
                39.91424073710131
              ],
              [
                -104.82787588807993,
                39.914240851411314
              ],
              [
                -104.8294034619317,
                39.914251145870345
              ],
              [
                -104.83092750856721,
                39.91425961100149
              ],
              [
                -104.83163168455219,
                39.91426351522059
              ],
              [
                -104.83584001157087,
                39.9142876947306
              ],
              [
                -104.83904162659904,
                39.914301938082424
              ],
              [
                -104.84001624700362,
                39.914306545214714
              ],
              [
                -104.84056712801748,
                39.91430892327815
              ],
              [
                -104.84068408025328,
                39.91430969673197
              ],
              [
                -104.84125293863056,
                39.91431333206551
              ],
              [
                -104.84194690125338,
                39.91431611978606
              ],
              [
                -104.8430914970779,
                39.91431534874801
              ],
              [
                -104.84315137710018,
                39.914297381485156
              ],
              [
                -104.84487465787767,
                39.914306327944544
              ],
              [
                -104.84660093952309,
                39.91430092341767
              ],
              [
                -104.8466989599863,
                39.91430243984346
              ],
              [
                -104.84669901980142,
                39.91429603493915
              ],
              [
                -104.84676649630063,
                39.91429160465982
              ],
              [
                -104.84676628225644,
                39.91421908705687
              ],
              [
                -104.84675749961796,
                39.91248733295686
              ],
              [
                -104.84675154814127,
                39.910579677782756
              ],
              [
                -104.84675159940453,
                39.91057418785617
              ],
              [
                -104.84675453171945,
                39.91002694730734
              ],
              [
                -104.84675284757601,
                39.90964520341976
              ],
              [
                -104.84672905836517,
                39.90579870900309
              ],
              [
                -104.84671419678665,
                39.90360482018037
              ],
              [
                -104.84671396812446,
                39.90359749861193
              ],
              [
                -104.84670476080612,
                39.90359744761705
              ],
              [
                -104.84670457059129,
                39.9035860085915
              ],
              [
                -104.8466971453358,
                39.90358596746607
              ],
              [
                -104.84668823159134,
                39.90260019165973
              ],
              [
                -104.84670931901991,
                39.90260030845635
              ],
              [
                -104.84670444040376,
                39.90179027080378
              ],
              [
                -104.84669253345973,
                39.89983790738157
              ],
              [
                -104.84669151182227,
                39.89967230844273
              ],
              [
                -104.8466915801689,
                39.899664988507276
              ],
              [
                -104.84663458730657,
                39.89966147017343
              ],
              [
                -104.84652683419051,
                39.899654925473875
              ],
              [
                -104.84651941576146,
                39.899654198093224
              ],
              [
                -104.84579855670442,
                39.89965592100541
              ],
              [
                -104.845560684157,
                39.89965254255322
              ],
              [
                -104.8444989601555,
                39.89964344408113
              ],
              [
                -104.84276179931794,
                39.89963835207918
              ],
              [
                -104.84273922782177,
                39.8996382263017
              ],
              [
                -104.84273206130291,
                39.89964230404405
              ],
              [
                -104.84257351958311,
                39.89973063771151
              ],
              [
                -104.84276524989714,
                39.89975724809148
              ],
              [
                -104.8426922857429,
                39.899797868766576
              ],
              [
                -104.84192149810882,
                39.90021334600028
              ],
              [
                -104.84191403663905,
                39.90021719328708
              ],
              [
                -104.84191129446975,
                39.90009822196186
              ],
              [
                -104.84191110504815,
                39.9000867829119
              ],
              [
                -104.84050234743027,
                39.90084640546412
              ],
              [
                -104.83980466505791,
                39.90122361714874
              ],
              [
                -104.8378967072,
                39.90225149359717
              ],
              [
                -104.83725274818637,
                39.902598337876455
              ],
              [
                -104.83724408734822,
                39.90260332192646
              ],
              [
                -104.8327962912949,
                39.90502094689839
              ],
              [
                -104.83126113769772,
                39.90583830606615
              ],
              [
                -104.8290353965776,
                39.907051362733284
              ],
              [
                -104.82850759951822,
                39.90732515921831
              ],
              [
                -104.82796397681251,
                39.90760709761239
              ],
              [
                -104.8278619057565,
                39.9076573006455
              ],
              [
                -104.82537510129654,
                39.909069423019986
              ],
              [
                -104.8252400620132,
                39.909639306906286
              ],
              [
                -104.82514387163812,
                39.91003689770061
              ],
              [
                -104.82419357639792,
                39.910561722171316
              ],
              [
                -104.82230620291251,
                39.91079429445097
              ],
              [
                -104.81947927904633,
                39.91291440668927
              ],
              [
                -104.81908047229747,
                39.91341743506869
              ],
              [
                -104.81907962663696,
                39.91360019962206
              ],
              [
                -104.81907893020043,
                39.91375069109408
              ],
              [
                -104.81907871964655,
                39.913839249321654
              ],
              [
                -104.81907784725547,
                39.91420595388967
              ]
            ]
          ],
          [
            [
              [
                -104.83256124041034,
                39.914496669277625
              ],
              [
                -104.83256086914948,
                39.91450444497138
              ],
              [
                -104.83256018337231,
                39.91451404895487
              ],
              [
                -104.8325595373537,
                39.91458175785967
              ],
              [
                -104.8325548989447,
                39.91511423935265
              ],
              [
                -104.83254059710627,
                39.91684225245931
              ],
              [
                -104.83253087819779,
                39.917958992248
              ],
              [
                -104.83324200175718,
                39.91796987605363
              ],
              [
                -104.83469377388079,
                39.917979901872755
              ],
              [
                -104.83582798169941,
                39.917984465970726
              ],
              [
                -104.83593746216177,
                39.91798479314853
              ],
              [
                -104.83773742917211,
                39.91799218461202
              ],
              [
                -104.8391930198486,
                39.917995122818354
              ],
              [
                -104.8401668476265,
                39.91799782816084
              ],
              [
                -104.84142701495699,
                39.91800173332258
              ],
              [
                -104.8466027497529,
                39.918020654021404
              ],
              [
                -104.84658130734816,
                39.914537549908914
              ],
              [
                -104.84195927427528,
                39.91451354883666
              ],
              [
                -104.84194654218182,
                39.91444555005804
              ],
              [
                -104.83256168104357,
                39.914419350444064
              ],
              [
                -104.83256124041034,
                39.914496669277625
              ]
            ]
          ],
          [
            [
              [
                -104.81331471594143,
                39.91439823962069
              ],
              [
                -104.80892176923858,
                39.91442415400092
              ],
              [
                -104.80892239579771,
                39.914511086129394
              ],
              [
                -104.80892591850503,
                39.91520699273428
              ],
              [
                -104.80893305417311,
                39.916585192002444
              ],
              [
                -104.80893341690134,
                39.91664318900977
              ],
              [
                -104.8089336974808,
                39.91670938302797
              ],
              [
                -104.80893673986537,
                39.91728735289394
              ],
              [
                -104.80893712719187,
                39.9173802726739
              ],
              [
                -104.80893748064044,
                39.91742808083384
              ],
              [
                -104.80893894804807,
                39.917707180570254
              ],
              [
                -104.8089396387671,
                39.91787783866547
              ],
              [
                -104.80894010927643,
                39.91792776847306
              ],
              [
                -104.80894063552223,
                39.91802770130798
              ],
              [
                -104.80894342517603,
                39.918517014565374
              ],
              [
                -104.80903362706228,
                39.91840819531537
              ],
              [
                -104.80907969141242,
                39.918346471476404
              ],
              [
                -104.80915658563609,
                39.91823139860773
              ],
              [
                -104.80919557652699,
                39.91816391433194
              ],
              [
                -104.80923022659277,
                39.918094083715715
              ],
              [
                -104.80924831953625,
                39.91805762157263
              ],
              [
                -104.80929039496736,
                39.91794852032711
              ],
              [
                -104.8093235242845,
                39.917842798971954
              ],
              [
                -104.80937358506453,
                39.91764704575905
              ],
              [
                -104.809415942337,
                39.917509351252725
              ],
              [
                -104.80945978493847,
                39.91740186248136
              ],
              [
                -104.80955556611703,
                39.917208900310406
              ],
              [
                -104.80957527073932,
                39.91716920438627
              ],
              [
                -104.80975742344968,
                39.916824592210894
              ],
              [
                -104.80982684360627,
                39.916693255755256
              ],
              [
                -104.80993332258721,
                39.91646992277675
              ],
              [
                -104.81001597681096,
                39.91631279133087
              ],
              [
                -104.81007309415908,
                39.9162145302804
              ],
              [
                -104.81014463954551,
                39.91609919574765
              ],
              [
                -104.81018539262217,
                39.91603355147221
              ],
              [
                -104.81021618694281,
                39.91598363332066
              ],
              [
                -104.81026503252774,
                39.915909193987254
              ],
              [
                -104.81029852980706,
                39.91585783980623
              ],
              [
                -104.81032835159759,
                39.91581615125898
              ],
              [
                -104.81035905100507,
                39.91577584038767
              ],
              [
                -104.81042668348884,
                39.91569571167332
              ],
              [
                -104.81049058649117,
                39.915632261425976
              ],
              [
                -104.81058427204916,
                39.91556120738412
              ],
              [
                -104.81070493468691,
                39.915496029864244
              ],
              [
                -104.81072161368796,
                39.91548849270877
              ],
              [
                -104.81078639940192,
                39.91545921810181
              ],
              [
                -104.81091883923436,
                39.91540463207769
              ],
              [
                -104.8110797605096,
                39.9153538723715
              ],
              [
                -104.81134313433698,
                39.91530714192651
              ],
              [
                -104.81162586492648,
                39.91528568732894
              ],
              [
                -104.81188872942474,
                39.91527473816414
              ],
              [
                -104.81228492461096,
                39.91525774258196
              ],
              [
                -104.81251816088763,
                39.91524976248223
              ],
              [
                -104.81253082128202,
                39.915249329206326
              ],
              [
                -104.8125905660895,
                39.91524601719801
              ],
              [
                -104.8126735286833,
                39.915238036492354
              ],
              [
                -104.81274850662619,
                39.91522634907126
              ],
              [
                -104.81285033218221,
                39.91520338003407
              ],
              [
                -104.8129379527772,
                39.915174837967704
              ],
              [
                -104.81300417951951,
                39.91514685753266
              ],
              [
                -104.81305630001036,
                39.91511921371377
              ],
              [
                -104.81309376876284,
                39.91509933982102
              ],
              [
                -104.81317357967235,
                39.915049248764895
              ],
              [
                -104.81331177706981,
                39.91495260193
              ],
              [
                -104.81340785327201,
                39.91487972949094
              ],
              [
                -104.81352196820313,
                39.914785000177154
              ],
              [
                -104.81360201079951,
                39.91471134800098
              ],
              [
                -104.81366952407306,
                39.914642884335045
              ],
              [
                -104.81378404664264,
                39.91450652389641
              ],
              [
                -104.81389119713887,
                39.91439482644034
              ],
              [
                -104.81331471594143,
                39.91439823962069
              ]
            ]
          ],
          [
            [
              [
                -104.81334892500753,
                39.91525386493507
              ],
              [
                -104.81328081381233,
                39.915292358404734
              ],
              [
                -104.81320296023182,
                39.91532461772725
              ],
              [
                -104.81314299752314,
                39.91535011839393
              ],
              [
                -104.81311097550771,
                39.91536283882187
              ],
              [
                -104.8130669463881,
                39.91538032929025
              ],
              [
                -104.81301599196634,
                39.915396045710715
              ],
              [
                -104.81296238869774,
                39.91540923033512
              ],
              [
                -104.81289124873213,
                39.91542322783474
              ],
              [
                -104.81282669016242,
                39.91543268844816
              ],
              [
                -104.81275709054879,
                39.9154412046248
              ],
              [
                -104.8127053482162,
                39.9154463934106
              ],
              [
                -104.81260897273324,
                39.91545887116719
              ],
              [
                -104.81244401685841,
                39.91546683151759
              ],
              [
                -104.81224691658939,
                39.915480780741916
              ],
              [
                -104.81207032129623,
                39.915494162930266
              ],
              [
                -104.81190264223555,
                39.915507139341756
              ],
              [
                -104.81174032252757,
                39.91551877422801
              ],
              [
                -104.81157536191043,
                39.915527190855244
              ],
              [
                -104.81147818724416,
                39.91553028390908
              ],
              [
                -104.81140598813423,
                39.91553123507333
              ],
              [
                -104.81134893683489,
                39.915532503375346
              ],
              [
                -104.81128383788588,
                39.91553646977666
              ],
              [
                -104.81120240935303,
                39.9155484815592
              ],
              [
                -104.81116420231665,
                39.91555773216318
              ],
              [
                -104.81111497563609,
                39.915578948067505
              ],
              [
                -104.8110505785711,
                39.91560213419074
              ],
              [
                -104.81102219218339,
                39.915614513233024
              ],
              [
                -104.81091363974551,
                39.91566104050145
              ],
              [
                -104.81083752420997,
                39.91569765483853
              ],
              [
                -104.81076669483024,
                39.91574047740142
              ],
              [
                -104.81070560753234,
                39.91578953243284
              ],
              [
                -104.81065340493988,
                39.91584138445433
              ],
              [
                -104.81059298205288,
                39.915913319201515
              ],
              [
                -104.81043003422599,
                39.91616949280454
              ],
              [
                -104.81023314800203,
                39.916523146882255
              ],
              [
                -104.81016694047037,
                39.916639427696936
              ],
              [
                -104.81011267020308,
                39.91672009099306
              ],
              [
                -104.81006195105914,
                39.9168021475826
              ],
              [
                -104.81001849449571,
                39.91687074985126
              ],
              [
                -104.80997411614588,
                39.91694232057601
              ],
              [
                -104.809931541582,
                39.9170118430036
              ],
              [
                -104.80989408701475,
                39.917074304740574
              ],
              [
                -104.80984903871169,
                39.91715364929474
              ],
              [
                -104.80981635513454,
                39.917214307942494
              ],
              [
                -104.809790898172,
                39.91726517222935
              ],
              [
                -104.80968764373918,
                39.91752283770057
              ],
              [
                -104.80966269626553,
                39.91761236517003
              ],
              [
                -104.80964683914986,
                39.91768387388079
              ],
              [
                -104.80962995985391,
                39.91776864461459
              ],
              [
                -104.80961304213722,
                39.91785730401724
              ],
              [
                -104.80959256404951,
                39.91794548506182
              ],
              [
                -104.80957313289956,
                39.91801788877389
              ],
              [
                -104.80954744742418,
                39.918091856289145
              ],
              [
                -104.80951458025184,
                39.918171043216255
              ],
              [
                -104.80948457632708,
                39.91823103115721
              ],
              [
                -104.80936091929443,
                39.918420014070435
              ],
              [
                -104.8093035921875,
                39.918490430656796
              ],
              [
                -104.80894519514824,
                39.91887915084236
              ],
              [
                -104.80894622345471,
                39.91910585670075
              ],
              [
                -104.81116214353565,
                39.91718082109402
              ],
              [
                -104.81194182260953,
                39.91650727478622
              ],
              [
                -104.81289180221113,
                39.91569957183267
              ],
              [
                -104.81337307168603,
                39.91526990151912
              ],
              [
                -104.81339563077387,
                39.91524976062931
              ],
              [
                -104.81346993206198,
                39.915183425145855
              ],
              [
                -104.81334892500753,
                39.91525386493507
              ]
            ]
          ],
          [
            [
              [
                -104.79935976539501,
                39.97223460015784
              ],
              [
                -104.79935857856074,
                39.97233991793494
              ],
              [
                -104.80085534013345,
                39.97234040823039
              ],
              [
                -104.80315478038676,
                39.97234325003843
              ],
              [
                -104.80454108390957,
                39.972323058150444
              ],
              [
                -104.80521884957516,
                39.97232451038181
              ],
              [
                -104.8061293301014,
                39.97232645474073
              ],
              [
                -104.80750634541853,
                39.97228329811799
              ],
              [
                -104.80844361234746,
                39.97224143946053
              ],
              [
                -104.80880655034032,
                39.97222023178648
              ],
              [
                -104.80890808101613,
                39.972221293510856
              ],
              [
                -104.80892803835464,
                39.96501054364542
              ],
              [
                -104.80892743865412,
                39.964322751984675
              ],
              [
                -104.80894642876805,
                39.96097058935544
              ],
              [
                -104.80894677064347,
                39.96097057604634
              ],
              [
                -104.80894677108003,
                39.96091027040669
              ],
              [
                -104.80894737695643,
                39.960458168462644
              ],
              [
                -104.80896085422546,
                39.959575938917865
              ],
              [
                -104.80896084988247,
                39.959516233919885
              ],
              [
                -104.80896281999425,
                39.95946729194886
              ],
              [
                -104.80897640410687,
                39.95782239228744
              ],
              [
                -104.80897684991594,
                39.957759886281146
              ],
              [
                -104.80887765048003,
                39.95775858146092
              ],
              [
                -104.80886044431553,
                39.95056423079907
              ],
              [
                -104.8088606198415,
                39.95056423092623
              ],
              [
                -104.80886059119493,
                39.95055185814382
              ],
              [
                -104.81582934618523,
                39.9505661509534
              ],
              [
                -104.81823059689984,
                39.95057043719354
              ],
              [
                -104.81823716274323,
                39.94495908669393
              ],
              [
                -104.818245117562,
                39.943285284212806
              ],
              [
                -104.81651201465239,
                39.94329679848461
              ],
              [
                -104.81527336468075,
                39.94330501299026
              ],
              [
                -104.81358232839084,
                39.94331429303279
              ],
              [
                -104.80884180047495,
                39.94334011550076
              ],
              [
                -104.80598943999772,
                39.94333229241671
              ],
              [
                -104.80263406523412,
                39.9433277966422
              ],
              [
                -104.79993173564273,
                39.943327676212526
              ],
              [
                -104.7993830245707,
                39.94331334801079
              ],
              [
                -104.79937693107613,
                39.94421647284856
              ],
              [
                -104.79937683242342,
                39.94423110636734
              ],
              [
                -104.79946031131871,
                39.95048695027134
              ],
              [
                -104.79946080198384,
                39.950555352957736
              ],
              [
                -104.79939045960003,
                39.956674763570184
              ],
              [
                -104.79938482809962,
                39.95674320358821
              ],
              [
                -104.7993818508647,
                39.95676597767582
              ],
              [
                -104.79937729938656,
                39.9567936768664
              ],
              [
                -104.79936754200389,
                39.95685330153066
              ],
              [
                -104.79936427932863,
                39.95687419524863
              ],
              [
                -104.7993587444546,
                39.956908467562045
              ],
              [
                -104.79935483912902,
                39.95693264649544
              ],
              [
                -104.79934933720685,
                39.956963629972826
              ],
              [
                -104.7993447809916,
                39.95699179925057
              ],
              [
                -104.79933275839569,
                39.95706409916632
              ],
              [
                -104.79932427681372,
                39.9571183268283
              ],
              [
                -104.7993171170236,
                39.95716245838323
              ],
              [
                -104.79930610249593,
                39.95722560056151
              ],
              [
                -104.79929795691933,
                39.95727677534135
              ],
              [
                -104.79928236725335,
                39.957369966247896
              ],
              [
                -104.79926897527162,
                39.95746410052512
              ],
              [
                -104.79926714466194,
                39.95748736143493
              ],
              [
                -104.79926600224664,
                39.957506646631685
              ],
              [
                -104.79926395185981,
                39.957531751587354
              ],
              [
                -104.79926244444762,
                39.957590720018885
              ],
              [
                -104.79926206292448,
                39.95762878295702
              ],
              [
                -104.79925857247162,
                39.957641921057125
              ],
              [
                -104.79925574704815,
                39.957649658541314
              ],
              [
                -104.79925139093923,
                39.95765785615712
              ],
              [
                -104.79924704071816,
                39.95766534953031
              ],
              [
                -104.79924115508979,
                39.957673774026105
              ],
              [
                -104.79922849345425,
                39.95768803207855
              ],
              [
                -104.79921802518643,
                39.95769666352773
              ],
              [
                -104.79919958625338,
                39.95770853758768
              ],
              [
                -104.79917597853046,
                39.95771826632554
              ],
              [
                -104.79915820933611,
                39.957724269673186
              ],
              [
                -104.79914413358159,
                39.95772724097628
              ],
              [
                -104.79912893828676,
                39.95772853409775
              ],
              [
                -104.79912878440543,
                39.957747852178834
              ],
              [
                -104.79950120604768,
                39.95774367019086
              ],
              [
                -104.79950121079229,
                39.95774401425222
              ],
              [
                -104.7995280588741,
                39.957834400318184
              ],
              [
                -104.79954348169672,
                39.95788632195953
              ],
              [
                -104.79952981722403,
                39.9588112638961
              ],
              [
                -104.79950623056341,
                39.9600695144226
              ],
              [
                -104.79950622925061,
                39.960101063666144
              ],
              [
                -104.7994894487621,
                39.96122042592467
              ],
              [
                -104.79948014502142,
                39.9614609549051
              ],
              [
                -104.799479870966,
                39.96147557286414
              ],
              [
                -104.79938983877635,
                39.9696759376015
              ],
              [
                -104.79938081570631,
                39.97052065478449
              ],
              [
                -104.79935976539501,
                39.97223460015784
              ]
            ],
            [
              [
                -104.80454407436639,
                39.95792038814621
              ],
              [
                -104.8045453465188,
                39.95853800955418
              ],
              [
                -104.80395678899868,
                39.95853872589873
              ],
              [
                -104.80395802217849,
                39.95913987660065
              ],
              [
                -104.80347647075482,
                39.95914046043993
              ],
              [
                -104.8034739766587,
                39.95792169010141
              ],
              [
                -104.80421726014423,
                39.95791705018186
              ],
              [
                -104.80454407436639,
                39.95792038814621
              ]
            ],
            [
              [
                -104.80572398816001,
                39.957729292039026
              ],
              [
                -104.80423474462006,
                39.95773442036178
              ],
              [
                -104.80424878016875,
                39.95632411938285
              ],
              [
                -104.80573792237547,
                39.956332886880766
              ],
              [
                -104.80572398816001,
                39.957729292039026
              ]
            ]
          ]
        ]
      },
      "properties": {
        "feature_id": 407,
        "ward": 3
      }
    },
    {
      "type": "Feature",
      "id": 408,
      "geometry": {
        "type": "MultiPolygon",
        "coordinates": [
          [
            [
              [
                -104.77120106304385,
                39.98685404428729
              ],
              [
                -104.77364777344556,
                39.98684012572365
              ],
              [
                -104.77516877301834,
                39.986811125798475
              ],
              [
                -104.77519596603213,
                39.98681054159189
              ],
              [
                -104.77528284494352,
                39.9868100597839
              ],
              [
                -104.77560208747478,
                39.986803468097605
              ],
              [
                -104.77585108708324,
                39.98680546797708
              ],
              [
                -104.77679376216038,
                39.986801677374274
              ],
              [
                -104.77709408851636,
                39.98680046758579
              ],
              [
                -104.77724774082645,
                39.98680046779796
              ],
              [
                -104.77734434017889,
                39.98679993048579
              ],
              [
                -104.77757528661729,
                39.986799283770345
              ],
              [
                -104.7777340692395,
                39.98679883921539
              ],
              [
                -104.77844679147293,
                39.986796839491305
              ],
              [
                -104.7794813406685,
                39.986793930058944
              ],
              [
                -104.78007499169708,
                39.98679446857887
              ],
              [
                -104.78046108928149,
                39.98679446741999
              ],
              [
                -104.78058708658102,
                39.98679375623149
              ],
              [
                -104.780587088401,
                39.98679494413452
              ],
              [
                -104.78058708886803,
                39.986795467386195
              ],
              [
                -104.78208508940702,
                39.98682446751766
              ],
              [
                -104.78247508932705,
                39.98682446728475
              ],
              [
                -104.78509109081108,
                39.98682446724734
              ],
              [
                -104.787296090967,
                39.98681946741762
              ],
              [
                -104.78729609998078,
                39.986818928012724
              ],
              [
                -104.7872961225633,
                39.98681763218578
              ],
              [
                -104.7899047734133,
                39.98681166419125
              ],
              [
                -104.78990412642283,
                39.98614233093145
              ],
              [
                -104.78989679780946,
                39.98527541063546
              ],
              [
                -104.78991579770215,
                39.9851994106458
              ],
              [
                -104.7899357980331,
                39.985159410959255
              ],
              [
                -104.78998079754051,
                39.98509741040669
              ],
              [
                -104.79003179766737,
                39.985052410519465
              ],
              [
                -104.79033079845256,
                39.98485041082156
              ],
              [
                -104.7901957984158,
                39.98470541065421
              ],
              [
                -104.7900967976509,
                39.984558410350296
              ],
              [
                -104.79000979837679,
                39.984373411015696
              ],
              [
                -104.78998379819117,
                39.98427341050781
              ],
              [
                -104.78995979754669,
                39.98412941055511
              ],
              [
                -104.78995579816869,
                39.984054410596386
              ],
              [
                -104.78996408222886,
                39.983660466451724
              ],
              [
                -104.78996408644751,
                39.98365993602313
              ],
              [
                -104.78996408430407,
                39.983658649051584
              ],
              [
                -104.7899665577604,
                39.98365983200261
              ],
              [
                -104.79110382263336,
                39.98365682435971
              ],
              [
                -104.79227482235568,
                39.98365182488532
              ],
              [
                -104.79410182293385,
                39.98365182477817
              ],
              [
                -104.7945758052295,
                39.98364752158659
              ],
              [
                -104.79498307525743,
                39.98364392507681
              ],
              [
                -104.79584661624571,
                39.983643826770724
              ],
              [
                -104.79644982304688,
                39.983643824073674
              ],
              [
                -104.79648186060757,
                39.98364402124029
              ],
              [
                -104.79715118629547,
                39.98364968184895
              ],
              [
                -104.79734482337481,
                39.98365682404399
              ],
              [
                -104.79740609645782,
                39.98365889614198
              ],
              [
                -104.7977878233908,
                39.98367298788693
              ],
              [
                -104.79778782265784,
                39.98367306083123
              ],
              [
                -104.79864453337416,
                39.983684778565205
              ],
              [
                -104.79901400186063,
                39.98368941739193
              ],
              [
                -104.79926582366832,
                39.983692823880574
              ],
              [
                -104.79949282371977,
                39.983692824225116
              ],
              [
                -104.79953701635404,
                39.983691457173904
              ],
              [
                -104.79955131116864,
                39.98369144559774
              ],
              [
                -104.79995014179238,
                39.98367867233081
              ],
              [
                -104.80016717461595,
                39.983672779106755
              ],
              [
                -104.80055928128488,
                39.98366598895138
              ],
              [
                -104.80167182445425,
                39.9836638237431
              ],
              [
                -104.80243588170569,
                39.98367195263216
              ],
              [
                -104.80261178270975,
                39.98367087602151
              ],
              [
                -104.80356889564231,
                39.983672783195644
              ],
              [
                -104.80460932851568,
                39.983674235746555
              ],
              [
                -104.80461009481824,
                39.98368146577097
              ],
              [
                -104.80551609470538,
                39.983671465454826
              ],
              [
                -104.8056980943917,
                39.9836704651426
              ],
              [
                -104.80693209506998,
                39.98366746490066
              ],
              [
                -104.8082900949445,
                39.98364946447367
              ],
              [
                -104.80907409478822,
                39.98364846579511
              ],
              [
                -104.80979809556709,
                39.983647465194835
              ],
              [
                -104.81117509611337,
                39.98365346436688
              ],
              [
                -104.81257232630553,
                39.98364287623778
              ],
              [
                -104.8125674429247,
                39.98211142518911
              ],
              [
                -104.81256732591922,
                39.982074643110955
              ],
              [
                -104.812559955972,
                39.9795329142551
              ],
              [
                -104.81255995244739,
                39.979532558497276
              ],
              [
                -104.8125599489618,
                39.979531722719365
              ],
              [
                -104.8125558062684,
                39.978477480237714
              ],
              [
                -104.81255146013017,
                39.97737645342568
              ],
              [
                -104.81255250432845,
                39.977092967186394
              ],
              [
                -104.81255372271974,
                39.97665145510349
              ],
              [
                -104.8125457229609,
                39.97595545473546
              ],
              [
                -104.81254570179264,
                39.97595046617633
              ],
              [
                -104.81145009479997,
                39.97595146385933
              ],
              [
                -104.81038309426077,
                39.97595146387759
              ],
              [
                -104.80938609495979,
                39.97594646367951
              ],
              [
                -104.80936026273466,
                39.972356990024835
              ],
              [
                -104.80936499819761,
                39.97222697501707
              ],
              [
                -104.8092054270043,
                39.97222499143957
              ],
              [
                -104.80890808101613,
                39.972221293510856
              ],
              [
                -104.80880655034032,
                39.97222023178648
              ],
              [
                -104.80844361234746,
                39.97224143946053
              ],
              [
                -104.80750634541853,
                39.97228329811799
              ],
              [
                -104.8061293301014,
                39.97232645474073
              ],
              [
                -104.80521884957516,
                39.97232451038181
              ],
              [
                -104.80454108390957,
                39.972323058150444
              ],
              [
                -104.80315478038676,
                39.97234325003843
              ],
              [
                -104.80085534013345,
                39.97234040823039
              ],
              [
                -104.79935857856074,
                39.97233991793494
              ],
              [
                -104.79935976539501,
                39.97223460015784
              ],
              [
                -104.79938081570631,
                39.97052065478449
              ],
              [
                -104.79938983877635,
                39.9696759376015
              ],
              [
                -104.799479870966,
                39.96147557286414
              ],
              [
                -104.79948014502142,
                39.9614609549051
              ],
              [
                -104.79858835064606,
                39.96146992178629
              ],
              [
                -104.79700392774133,
                39.96146553002415
              ],
              [
                -104.79579647606738,
                39.96145833365656
              ],
              [
                -104.79461780757869,
                39.961456329527856
              ],
              [
                -104.7946074255164,
                39.95974540631735
              ],
              [
                -104.79460700231554,
                39.95969896653493
              ],
              [
                -104.79460638111586,
                39.95964268910553
              ],
              [
                -104.79462272719896,
                39.9579359256663
              ],
              [
                -104.79511061127708,
                39.95791098764079
              ],
              [
                -104.7958043709838,
                39.95791178421256
              ],
              [
                -104.79590650355307,
                39.95791190078811
              ],
              [
                -104.79758497556672,
                39.957892342893146
              ],
              [
                -104.79825861340419,
                39.95789179128829
              ],
              [
                -104.79954328305747,
                39.957890729268556
              ],
              [
                -104.7995280588741,
                39.957834400318184
              ],
              [
                -104.79950121079229,
                39.95774401425222
              ],
              [
                -104.79950120604768,
                39.95774367019086
              ],
              [
                -104.79776190874692,
                39.957743388065936
              ],
              [
                -104.79691535686037,
                39.95773972163163
              ],
              [
                -104.79466120032575,
                39.957739267629734
              ],
              [
                -104.79467466472775,
                39.95056312784867
              ],
              [
                -104.79946080198384,
                39.950555352957736
              ],
              [
                -104.79937683242342,
                39.94423110636734
              ],
              [
                -104.79937693107613,
                39.94421647284856
              ],
              [
                -104.7981286500794,
                39.94421990134672
              ],
              [
                -104.79627533357083,
                39.94421755817648
              ],
              [
                -104.79626613825471,
                39.94338894554869
              ],
              [
                -104.7962694914285,
                39.94331142248178
              ],
              [
                -104.79360584780913,
                39.94327784171175
              ],
              [
                -104.79360548103139,
                39.94321836370253
              ],
              [
                -104.79045574609604,
                39.94316173028442
              ],
              [
                -104.79045531313481,
                39.94323760644606
              ],
              [
                -104.78991753225057,
                39.943234837734956
              ],
              [
                -104.78992028851343,
                39.94295823255217
              ],
              [
                -104.789920015202,
                39.942550073989885
              ],
              [
                -104.78990453011404,
                39.94185618045225
              ],
              [
                -104.78989166547485,
                39.93845938805207
              ],
              [
                -104.78974007191285,
                39.93770560710395
              ],
              [
                -104.7890526684428,
                39.93846897266487
              ],
              [
                -104.7881358139162,
                39.93963611595747
              ],
              [
                -104.78738647966,
                39.94059126360471
              ],
              [
                -104.78645416732857,
                39.941853084371026
              ],
              [
                -104.78640504393078,
                39.94195299908205
              ],
              [
                -104.78604386036643,
                39.94301042166818
              ],
              [
                -104.78625832741228,
                39.94322555778616
              ],
              [
                -104.78625801720106,
                39.94329102536809
              ],
              [
                -104.7858405268535,
                39.9432797377543
              ],
              [
                -104.78518776775317,
                39.94301789254262
              ],
              [
                -104.7860175247229,
                39.941912985228356
              ],
              [
                -104.78603010635545,
                39.94190322479664
              ],
              [
                -104.78605894132491,
                39.94186638654917
              ],
              [
                -104.78647749541959,
                39.94131130572055
              ],
              [
                -104.78716301926747,
                39.94040074557723
              ],
              [
                -104.78815927844092,
                39.93906165121614
              ],
              [
                -104.78993131648512,
                39.93721321962148
              ],
              [
                -104.79071531659045,
                39.936394628706566
              ],
              [
                -104.7909859420267,
                39.93616932677548
              ],
              [
                -104.79215660272328,
                39.93618641969704
              ],
              [
                -104.79230966822126,
                39.93608703572845
              ],
              [
                -104.79238255877596,
                39.93602878846089
              ],
              [
                -104.79196203940688,
                39.935738259771504
              ],
              [
                -104.79194091683789,
                39.93535908115421
              ],
              [
                -104.79255010035384,
                39.93480090559517
              ],
              [
                -104.79288933024702,
                39.93449022642986
              ],
              [
                -104.79326712957851,
                39.93415575862543
              ],
              [
                -104.79385153338187,
                39.93366582628231
              ],
              [
                -104.79541592025572,
                39.93235204076536
              ],
              [
                -104.79546313862318,
                39.93238434875766
              ],
              [
                -104.79728184250233,
                39.9308318597679
              ],
              [
                -104.79939300451184,
                39.929026471512394
              ],
              [
                -104.79951963129658,
                39.928921877580436
              ],
              [
                -104.79951771507366,
                39.92892188331673
              ],
              [
                -104.79957225154499,
                39.92885383816774
              ],
              [
                -104.79957480669941,
                39.92851202688394
              ],
              [
                -104.79942597248186,
                39.92813072876687
              ],
              [
                -104.79896629295982,
                39.92848544014587
              ],
              [
                -104.79844517390214,
                39.92892453293561
              ],
              [
                -104.79692013104814,
                39.93020999943928
              ],
              [
                -104.79667162921575,
                39.9304260671974
              ],
              [
                -104.79478066785624,
                39.9320716771479
              ],
              [
                -104.79147435503481,
                39.93488160826432
              ],
              [
                -104.790692717233,
                39.935565931897834
              ],
              [
                -104.79004441876803,
                39.93614033303457
              ],
              [
                -104.78988099515686,
                39.936284839436965
              ],
              [
                -104.78913793288187,
                39.93694239130498
              ],
              [
                -104.78913104028982,
                39.93694806871868
              ],
              [
                -104.78776885190626,
                39.93860772810937
              ],
              [
                -104.78603646508262,
                39.940804999443344
              ],
              [
                -104.78573658152366,
                39.94118543778652
              ],
              [
                -104.78508795769474,
                39.94201510249986
              ],
              [
                -104.78415067133214,
                39.94325820744043
              ],
              [
                -104.78408667343353,
                39.9433358253141
              ],
              [
                -104.78406419307326,
                39.943354447003934
              ],
              [
                -104.78249184300506,
                39.94464629832469
              ],
              [
                -104.78210185774466,
                39.94497013475716
              ],
              [
                -104.78197445977374,
                39.945075960380855
              ],
              [
                -104.78173011351136,
                39.94528287181365
              ],
              [
                -104.78039335330911,
                39.946286978925514
              ],
              [
                -104.78032351239318,
                39.946344428498705
              ],
              [
                -104.78024162833827,
                39.94641690252115
              ],
              [
                -104.77959722774149,
                39.946883295421394
              ],
              [
                -104.7794878944964,
                39.94696589541316
              ],
              [
                -104.77939104310617,
                39.94704857150899
              ],
              [
                -104.7792218073076,
                39.947175642684435
              ],
              [
                -104.77900814388852,
                39.94734544755128
              ],
              [
                -104.77855688150518,
                39.94767118531946
              ],
              [
                -104.77850740045174,
                39.94771388907685
              ],
              [
                -104.77806830191646,
                39.948041300603
              ],
              [
                -104.77796432642393,
                39.94812278815254
              ],
              [
                -104.77785681502505,
                39.948201280142236
              ],
              [
                -104.77739547649567,
                39.94855188621494
              ],
              [
                -104.77734126728507,
                39.94859181545231
              ],
              [
                -104.77720376962328,
                39.94869574395825
              ],
              [
                -104.776766121164,
                39.949025447019885
              ],
              [
                -104.77665711392348,
                39.949104615006355
              ],
              [
                -104.77623296944057,
                39.949421359709234
              ],
              [
                -104.776179650502,
                39.94946129386537
              ],
              [
                -104.77599629350621,
                39.949601998237064
              ],
              [
                -104.77575031889319,
                39.949790586599164
              ],
              [
                -104.77564427425088,
                39.949870458085655
              ],
              [
                -104.77553822699619,
                39.94995055821588
              ],
              [
                -104.77506791114463,
                39.950304760068384
              ],
              [
                -104.77501399170914,
                39.95034514751539
              ],
              [
                -104.77483933922517,
                39.950477210790986
              ],
              [
                -104.77472821623728,
                39.950559337806645
              ],
              [
                -104.77461393048124,
                39.950631152149406
              ],
              [
                -104.77340678686734,
                39.951556139641625
              ],
              [
                -104.77099519064895,
                39.95336674765073
              ],
              [
                -104.7695039462222,
                39.9548028124832
              ],
              [
                -104.76882445230156,
                39.955459174267865
              ],
              [
                -104.76737317117086,
                39.95686099428816
              ],
              [
                -104.76730945981713,
                39.956927167690516
              ],
              [
                -104.76724603120218,
                39.956994714446374
              ],
              [
                -104.76626846041347,
                39.95791967993007
              ],
              [
                -104.76272786834821,
                39.96126811140734
              ],
              [
                -104.76266300300443,
                39.9613301565225
              ],
              [
                -104.76259363771123,
                39.96139606323562
              ],
              [
                -104.761225982007,
                39.962624165875255
              ],
              [
                -104.7606780697731,
                39.963076417351296
              ],
              [
                -104.75377552686363,
                39.969534451456376
              ],
              [
                -104.752232080323,
                39.96887845208926
              ],
              [
                -104.75221771591298,
                39.96888918464084
              ],
              [
                -104.74695448153717,
                39.972237807661465
              ],
              [
                -104.74684305101646,
                39.97232557634484
              ],
              [
                -104.74675914528655,
                39.972379936814114
              ],
              [
                -104.74722207966657,
                39.97238346826321
              ],
              [
                -104.74850308025788,
                39.97239346830909
              ],
              [
                -104.74990308007658,
                39.972406467420434
              ],
              [
                -104.75053207997202,
                39.97242046742619
              ],
              [
                -104.75082108008239,
                39.972427467387355
              ],
              [
                -104.75112308013043,
                39.972429467860394
              ],
              [
                -104.75126208082354,
                39.97243046736749
              ],
              [
                -104.75142007993745,
                39.97242946803019
              ],
              [
                -104.75176508112452,
                39.97242646821786
              ],
              [
                -104.75197608070353,
                39.97242446748814
              ],
              [
                -104.75227908088281,
                39.97242346781156
              ],
              [
                -104.75228059218679,
                39.972505083306565
              ],
              [
                -104.75266552851636,
                39.972507100670356
              ],
              [
                -104.75422380995734,
                39.972515251238676
              ],
              [
                -104.75477478264905,
                39.97251812840642
              ],
              [
                -104.75576001407937,
                39.97250511914812
              ],
              [
                -104.75695464020652,
                39.9724997571735
              ],
              [
                -104.761597564432,
                39.97248242814465
              ],
              [
                -104.7615976459171,
                39.97249399425692
              ],
              [
                -104.76233133497338,
                39.972499620493295
              ],
              [
                -104.76240193361778,
                39.972505920892864
              ],
              [
                -104.76242008304379,
                39.9723804670633
              ],
              [
                -104.7651650840283,
                39.97237846634193
              ],
              [
                -104.76615408389675,
                39.97238446689261
              ],
              [
                -104.77098808529647,
                39.9723644662484
              ],
              [
                -104.77110168531927,
                39.972364420984064
              ],
              [
                -104.77110196344064,
                39.972369068031284
              ],
              [
                -104.77344203762883,
                39.972368112895175
              ],
              [
                -104.77468303776911,
                39.97236511294843
              ],
              [
                -104.77798903910018,
                39.972356112733166
              ],
              [
                -104.77911103936489,
                39.9723541127069
              ],
              [
                -104.78038103923157,
                39.972353112195506
              ],
              [
                -104.78143603926978,
                39.97235111220262
              ],
              [
                -104.78143620815594,
                39.97235791190561
              ],
              [
                -104.78159271215978,
                39.97235752774603
              ],
              [
                -104.78159565214838,
                39.975426969301786
              ],
              [
                -104.78159645089617,
                39.97673773477866
              ],
              [
                -104.78165151937876,
                39.976818591931846
              ],
              [
                -104.78167526623673,
                39.97813436306137
              ],
              [
                -104.78167411581322,
                39.978378980744495
              ],
              [
                -104.78167835959182,
                39.978587736759124
              ],
              [
                -104.78052271350886,
                39.9785802814705
              ],
              [
                -104.78052112065177,
                39.97952850006121
              ],
              [
                -104.7805161335826,
                39.979528615573315
              ],
              [
                -104.773347529447,
                39.97956305764135
              ],
              [
                -104.77387676034989,
                39.97907337478977
              ],
              [
                -104.77437638433868,
                39.978612732180636
              ],
              [
                -104.77339508692519,
                39.977946466805946
              ],
              [
                -104.7715610858425,
                39.97971246664547
              ],
              [
                -104.77108108631046,
                39.97971146710546
              ],
              [
                -104.77108118634018,
                39.97971736577831
              ],
              [
                -104.77108118767636,
                39.979717462151186
              ],
              [
                -104.77112108696608,
                39.982071468088
              ],
              [
                -104.77120106304385,
                39.98685404428729
              ]
            ],
            [
              [
                -104.78075109602365,
                39.95058501258806
              ],
              [
                -104.78054886721995,
                39.95060296592734
              ],
              [
                -104.78048407580876,
                39.95060257099196
              ],
              [
                -104.78039966512588,
                39.95060228517027
              ],
              [
                -104.7802810860781,
                39.95060087592757
              ],
              [
                -104.7801919678493,
                39.95056716285724
              ],
              [
                -104.779330523137,
                39.95057494551565
              ],
              [
                -104.77842749624782,
                39.95057972262189
              ],
              [
                -104.77769569538764,
                39.95058233815693
              ],
              [
                -104.77599632269228,
                39.95057124323101
              ],
              [
                -104.77660840170981,
                39.95006864228336
              ],
              [
                -104.77751450962752,
                39.94932458021815
              ],
              [
                -104.77872507664806,
                39.94833047157595
              ],
              [
                -104.77930798619224,
                39.947851775004814
              ],
              [
                -104.77952316856316,
                39.947672385538745
              ],
              [
                -104.7794486053598,
                39.947625699052395
              ],
              [
                -104.78017787229086,
                39.9471127350564
              ],
              [
                -104.78020443520327,
                39.9471127475496
              ],
              [
                -104.7804814154239,
                39.94688502874419
              ],
              [
                -104.78052847477963,
                39.94684642700992
              ],
              [
                -104.78162644811545,
                39.945937245785686
              ],
              [
                -104.78162474033626,
                39.94700399636152
              ],
              [
                -104.78162466215555,
                39.94705249225492
              ],
              [
                -104.7807619769351,
                39.94705679217294
              ],
              [
                -104.78076319343259,
                39.9474904623774
              ],
              [
                -104.78076307258479,
                39.94751768095417
              ],
              [
                -104.78076169790312,
                39.94782581647078
              ],
              [
                -104.78075845377836,
                39.94855319960189
              ],
              [
                -104.78075812697632,
                39.94864343747597
              ],
              [
                -104.78075669694192,
                39.94903623484546
              ],
              [
                -104.78075109602365,
                39.95058501258806
              ]
            ],
            [
              [
                -104.79173408690654,
                39.9484928100179
              ],
              [
                -104.79179260832008,
                39.94849223713852
              ],
              [
                -104.79181105696343,
                39.94847975183547
              ],
              [
                -104.79181921208982,
                39.94847648110034
              ],
              [
                -104.7918324910367,
                39.94847115618384
              ],
              [
                -104.79185881106908,
                39.94846411908573
              ],
              [
                -104.79187595957609,
                39.94846134720649
              ],
              [
                -104.79189848147351,
                39.94846007015932
              ],
              [
                -104.7919327243038,
                39.94846160939579
              ],
              [
                -104.79202387311727,
                39.94847118662106
              ],
              [
                -104.79210665033516,
                39.94847432911066
              ],
              [
                -104.79217766467484,
                39.948472671874924
              ],
              [
                -104.79221774431727,
                39.948469577245085
              ],
              [
                -104.79227307986922,
                39.94846410189114
              ],
              [
                -104.79233775582553,
                39.94845281680943
              ],
              [
                -104.79238866822777,
                39.94844398531007
              ],
              [
                -104.79245856160053,
                39.94842601645873
              ],
              [
                -104.79251471645986,
                39.94840814173827
              ],
              [
                -104.79258621342439,
                39.94838098084407
              ],
              [
                -104.79263029208016,
                39.9483611622131
              ],
              [
                -104.79268846980322,
                39.94833058555668
              ],
              [
                -104.79273898804243,
                39.94829997558371
              ],
              [
                -104.79278401326994,
                39.94827055300908
              ],
              [
                -104.79282151573047,
                39.948241349225235
              ],
              [
                -104.7928643329385,
                39.94820173374303
              ],
              [
                -104.7929129647847,
                39.94815549843698
              ],
              [
                -104.79294425417325,
                39.94812034395678
              ],
              [
                -104.79296765921194,
                39.94809848754747
              ],
              [
                -104.79300025262698,
                39.948075314535565
              ],
              [
                -104.79302312112308,
                39.94806613015239
              ],
              [
                -104.79305117856468,
                39.948058164754904
              ],
              [
                -104.79312824555448,
                39.94804493698048
              ],
              [
                -104.79317487852599,
                39.94803967656885
              ],
              [
                -104.79328620331025,
                39.948035167348834
              ],
              [
                -104.79340951181275,
                39.948043131228886
              ],
              [
                -104.79351611936178,
                39.94806135838902
              ],
              [
                -104.79364877784684,
                39.94808884927166
              ],
              [
                -104.79383355779035,
                39.948127142211106
              ],
              [
                -104.7940196859589,
                39.94816508537968
              ],
              [
                -104.794197107325,
                39.94819954754878
              ],
              [
                -104.79437449548334,
                39.94823059231957
              ],
              [
                -104.79466521080528,
                39.94828115315362
              ],
              [
                -104.79466473730584,
                39.94816418932001
              ],
              [
                -104.79518130533086,
                39.948191081057495
              ],
              [
                -104.79525392695305,
                39.94841186802344
              ],
              [
                -104.79703899853664,
                39.94829547402044
              ],
              [
                -104.79704046451099,
                39.95049067590786
              ],
              [
                -104.79348380069536,
                39.950498220609106
              ],
              [
                -104.7934433566039,
                39.95016985339915
              ],
              [
                -104.79278866419712,
                39.949724438109875
              ],
              [
                -104.79189052841902,
                39.94938839742894
              ],
              [
                -104.79159346788629,
                39.94914822410754
              ],
              [
                -104.79170295240718,
                39.948637926544755
              ],
              [
                -104.79173408690654,
                39.9484928100179
              ]
            ],
            [
              [
                -104.78556566444685,
                39.94515448493835
              ],
              [
                -104.78437942217033,
                39.94515477263447
              ],
              [
                -104.78301280696161,
                39.945128413126106
              ],
              [
                -104.78407694981553,
                39.94430324517137
              ],
              [
                -104.78504061908974,
                39.94361328363693
              ],
              [
                -104.78504583446735,
                39.94340600398691
              ],
              [
                -104.78579584609035,
                39.94340204496846
              ],
              [
                -104.7860125941887,
                39.94338546564187
              ],
              [
                -104.78655291267309,
                39.94338550978999
              ],
              [
                -104.78652094345128,
                39.944595368118996
              ],
              [
                -104.78555437429965,
                39.94459357567859
              ],
              [
                -104.78556566444685,
                39.94515448493835
              ]
            ]
          ],
          [
            [
              [
                -104.79411920553206,
                39.9280687976976
              ],
              [
                -104.79408384330964,
                39.92806904366356
              ],
              [
                -104.79319576945895,
                39.92807379275094
              ],
              [
                -104.79335955554784,
                39.92871415428408
              ],
              [
                -104.79343305996926,
                39.928938319783704
              ],
              [
                -104.79356448496188,
                39.92925296352902
              ],
              [
                -104.79376866213296,
                39.929748761286085
              ],
              [
                -104.79377718914961,
                39.92981652466166
              ],
              [
                -104.79378652670216,
                39.929892299411954
              ],
              [
                -104.79377711647237,
                39.9299414260402
              ],
              [
                -104.79376267048872,
                39.93001843098979
              ],
              [
                -104.79373598559671,
                39.93007157276344
              ],
              [
                -104.79371051919033,
                39.93012174707029
              ],
              [
                -104.79360822852928,
                39.93027623260161
              ],
              [
                -104.79352346519715,
                39.93040176802622
              ],
              [
                -104.79501914739076,
                39.930408183456485
              ],
              [
                -104.79568507311622,
                39.93041103250262
              ],
              [
                -104.79809931540863,
                39.92834345556782
              ],
              [
                -104.79841064409456,
                39.92807174497422
              ],
              [
                -104.79411920553206,
                39.9280687976976
              ]
            ]
          ]
        ]
      },
      "properties": {
        "feature_id": 408,
        "ward": 4
      }
    }
  ]
}