{
  "type": "FeatureCollection",
  "crs": {
    "type": "name",
    "properties": {
      "name": "EPSG:4326"
    }
  },
  "features": [
    {
      "type": "Feature",
      "id": 1,
      "geometry": {
        "type": "MultiPolygon",
        "coordinates": [
          [
            [
              [
                -104.875325062052,
                39.6984487221938
              ],
              [
                -104.875318315167,
                39.6965666800674
              ],
              [
                -104.865970864803,
                39.6965693545958
              ],
              [
                -104.860233978625,
                39.696577970166
              ],
              [
                -104.857708600451,
                39.6965841204483
              ],
              [
                -104.856562765515,
                39.6965877975069
              ],
              [
                -104.854216595512,
                39.6965926059523
              ],
              [
                -104.852333901023,
                39.6965959822017
              ],
              [
                -104.848875049076,
                39.6966047331431
              ],
              [
                -104.847162058993,
                39.6966084518805
              ],
              [
                -104.844768520733,
                39.6966099995853
              ],
              [
                -104.84304132852,
                39.6966125884092
              ],
              [
                -104.840958751258,
                39.6966146235455
              ],
              [
                -104.837848213806,
                39.6966175483171
              ],
              [
                -104.835077069936,
                39.6966202676037
              ],
              [
                -104.833211285824,
                39.6966220040846
              ],
              [
                -104.830050599038,
                39.6966247805378
              ],
              [
                -104.826103586981,
                39.6966197872814
              ],
              [
                -104.823846951768,
                39.6966131927388
              ],
              [
                -104.819262605673,
                39.6965995984692
              ],
              [
                -104.809878559286,
                39.6966076900227
              ],
              [
                -104.802881853239,
                39.6966115393563
              ],
              [
                -104.796396016169,
                39.696614940739
              ],
              [
                -104.791087103846,
                39.6966184082803
              ],
              [
                -104.791078307927,
                39.6951171464955
              ],
              [
                -104.791067101627,
                39.6932787183473
              ],
              [
                -104.791061668135,
                39.6921957869625
              ],
              [
                -104.791023393772,
                39.6857305560446
              ],
              [
                -104.791002369835,
                39.6821018195276
              ],
              [
                -104.791015500391,
                39.6778376356169
              ],
              [
                -104.791074338067,
                39.6736718065282
              ],
              [
                -104.798794878058,
                39.673688297024
              ],
              [
                -104.801401901709,
                39.6737476587752
              ],
              [
                -104.801794092147,
                39.6737861946828
              ],
              [
                -104.802288621182,
                39.6738493576024
              ],
              [
                -104.802661074612,
                39.6739078493381
              ],
              [
                -104.803060159914,
                39.6739771405619
              ],
              [
                -104.803426770483,
                39.6740320049606
              ],
              [
                -104.804535888129,
                39.6742342508582
              ],
              [
                -104.806204564928,
                39.6745252592656
              ],
              [
                -104.806679817802,
                39.6746075948552
              ],
              [
                -104.807270489425,
                39.6746947267729
              ],
              [
                -104.807971431958,
                39.6747680907988
              ],
              [
                -104.808592345311,
                39.6748062349967
              ],
              [
                -104.809192628979,
                39.6748195447535
              ],
              [
                -104.809931252941,
                39.674819088411
              ],
              [
                -104.809932495383,
                39.6748190865954
              ],
              [
                -104.809937011659,
                39.6730076638237
              ],
              [
                -104.809942839829,
                39.6707022509325
              ],
              [
                -104.810724387101,
                39.6707035728814
              ],
              [
                -104.810854079938,
                39.6707010728407
              ],
              [
                -104.81098382225,
                39.6706934252571
              ],
              [
                -104.811113646938,
                39.6706804564595
              ],
              [
                -104.811241651509,
                39.6706623414693
              ],
              [
                -104.811368031818,
                39.6706390533148
              ],
              [
                -104.811492651167,
                39.6706106327491
              ],
              [
                -104.811615562714,
                39.6705771814033
              ],
              [
                -104.81168868381,
                39.6705539226626
              ],
              [
                -104.811722697017,
                39.6705431025373
              ],
              [
                -104.811735815961,
                39.6705389415699
              ],
              [
                -104.811748377722,
                39.6705343278169
              ],
              [
                -104.811853473956,
                39.6704957234622
              ],
              [
                -104.811968512728,
                39.6704480089091
              ],
              [
                -104.812079153866,
                39.6703956360191
              ],
              [
                -104.812187176795,
                39.6703387866831
              ],
              [
                -104.812289912084,
                39.6702776161192
              ],
              [
                -104.8123846032,
                39.6702154527052
              ],
              [
                -104.812482007874,
                39.6701447870189
              ],
              [
                -104.812567423209,
                39.6700753869208
              ],
              [
                -104.814736390464,
                39.6682218728962
              ],
              [
                -104.814825913563,
                39.6681489553165
              ],
              [
                -104.814920730645,
                39.6680796712516
              ],
              [
                -104.81502083628,
                39.66801436503
              ],
              [
                -104.815124453922,
                39.6679531790581
              ],
              [
                -104.815231581157,
                39.6678963405508
              ],
              [
                -104.815343108226,
                39.6678437789378
              ],
              [
                -104.815458140718,
                39.6677958888222
              ],
              [
                -104.815575790126,
                39.6677528200281
              ],
              [
                -104.815696947687,
                39.6677144219293
              ],
              [
                -104.815819829952,
                39.6676811443637
              ],
              [
                -104.815944441399,
                39.667652700188
              ],
              [
                -104.816071664848,
                39.6676295905581
              ],
              [
                -104.81619969737,
                39.6676114645996
              ],
              [
                -104.816329515184,
                39.6675986603752
              ],
              [
                -104.81645925096,
                39.6675910067392
              ],
              [
                -104.816589827552,
                39.6675883342341
              ],
              [
                -104.819066665824,
                39.6675949307762
              ],
              [
                -104.819545136704,
                39.6675961036635
              ],
              [
                -104.821550619765,
                39.6676006054874
              ],
              [
                -104.821817451605,
                39.6676012013187
              ],
              [
                -104.824017700645,
                39.6676060910453
              ],
              [
                -104.825839351757,
                39.6676099585668
              ],
              [
                -104.826060280706,
                39.6676104256342
              ],
              [
                -104.828452764801,
                39.6676155417245
              ],
              [
                -104.83018596896,
                39.6676105128095
              ],
              [
                -104.830465818297,
                39.6671548953952
              ],
              [
                -104.83058063781,
                39.6669702092457
              ],
              [
                -104.830813020807,
                39.6666128029689
              ],
              [
                -104.830975418604,
                39.6663842336031
              ],
              [
                -104.831095806646,
                39.6662154176664
              ],
              [
                -104.831177727666,
                39.6661099622
              ],
              [
                -104.831184192376,
                39.6661016404006
              ],
              [
                -104.831231819201,
                39.6660403287942
              ],
              [
                -104.831392356676,
                39.6658336698254
              ],
              [
                -104.831528876706,
                39.6656724688052
              ],
              [
                -104.831787472541,
                39.6653746925316
              ],
              [
                -104.8319597472,
                39.6651889858777
              ],
              [
                -104.832135546848,
                39.6650060472624
              ],
              [
                -104.832318444709,
                39.664823145822
              ],
              [
                -104.832543734701,
                39.6646055806183
              ],
              [
                -104.832705637438,
                39.6644492275247
              ],
              [
                -104.833121096154,
                39.6640907804993
              ],
              [
                -104.833557846493,
                39.6637336154258
              ],
              [
                -104.83400501869,
                39.6634012134294
              ],
              [
                -104.834316146891,
                39.6631806002985
              ],
              [
                -104.834924569318,
                39.6627924864806
              ],
              [
                -104.835234447537,
                39.6626092703862
              ],
              [
                -104.835534417819,
                39.6624407492411
              ],
              [
                -104.839578666582,
                39.6603413713082
              ],
              [
                -104.842868852089,
                39.6586455332901
              ],
              [
                -104.842880537125,
                39.6586395108096
              ],
              [
                -104.843527318702,
                39.6582965464005
              ],
              [
                -104.846110510851,
                39.6586953009218
              ],
              [
                -104.846126167013,
                39.658626958323
              ],
              [
                -104.845514740351,
                39.658538683732
              ],
              [
                -104.845286690054,
                39.6582694762161
              ],
              [
                -104.845936110255,
                39.6579346206796
              ],
              [
                -104.846369044301,
                39.6575952099341
              ],
              [
                -104.847257564431,
                39.6571122378317
              ],
              [
                -104.847952831606,
                39.6571092472984
              ],
              [
                -104.848609730165,
                39.6571064217722
              ],
              [
                -104.848612488269,
                39.6579073563255
              ],
              [
                -104.848682646425,
                39.6579082199125
              ],
              [
                -104.848686532694,
                39.6590960556358
              ],
              [
                -104.848882486044,
                39.6591265856356
              ],
              [
                -104.849255215021,
                39.6590861038211
              ],
              [
                -104.851692756515,
                39.6594620323415
              ],
              [
                -104.852016839904,
                39.65960997976
              ],
              [
                -104.852716764224,
                39.659717912774
              ],
              [
                -104.853073217317,
                39.6597804454112
              ],
              [
                -104.853424934322,
                39.6598573549519
              ],
              [
                -104.853770943186,
                39.659948429149
              ],
              [
                -104.854110292261,
                39.6600534159271
              ],
              [
                -104.854442040102,
                39.6601720309971
              ],
              [
                -104.854761663419,
                39.660302467002
              ],
              [
                -104.855606013366,
                39.6603009753426
              ],
              [
                -104.855780348186,
                39.6604886870124
              ],
              [
                -104.855830631799,
                39.6604631428255
              ],
              [
                -104.855864912402,
                39.6604470387671
              ],
              [
                -104.8559174085,
                39.6604243015984
              ],
              [
                -104.855953074712,
                39.660410113618
              ],
              [
                -104.856007519188,
                39.6603903061815
              ],
              [
                -104.856063001938,
                39.6603723023362
              ],
              [
                -104.856119419902,
                39.6603561357136
              ],
              [
                -104.856176678318,
                39.6603418371144
              ],
              [
                -104.856215261304,
                39.6603333520516
              ],
              [
                -104.856234669921,
                39.6603294249661
              ],
              [
                -104.85627368739,
                39.6603222131662
              ],
              [
                -104.856312951264,
                39.6603158621158
              ],
              [
                -104.856372246302,
                39.6603079479429
              ],
              [
                -104.856411992545,
                39.6603037584208
              ],
              [
                -104.856471865944,
                39.660299104441
              ],
              [
                -104.856620306168,
                39.6602987895307
              ],
              [
                -104.858979382996,
                39.660294405438
              ],
              [
                -104.862325832655,
                39.6602880249335
              ],
              [
                -104.864419397333,
                39.6602838590483
              ],
              [
                -104.865103935149,
                39.6602824895415
              ],
              [
                -104.866074585129,
                39.6602805402612
              ],
              [
                -104.866062764564,
                39.6609845720307
              ],
              [
                -104.866001764572,
                39.6646174840887
              ],
              [
                -104.865953147051,
                39.6675127456706
              ],
              [
                -104.865973797099,
                39.6710175852716
              ],
              [
                -104.87515999658,
                39.6784532464649
              ],
              [
                -104.875377754223,
                39.6786321888675
              ],
              [
                -104.875370906751,
                39.6786509619489
              ],
              [
                -104.875352492446,
                39.6820428298835
              ],
              [
                -104.875370261527,
                39.6820427900552
              ],
              [
                -104.875396939968,
                39.6893020543866
              ],
              [
                -104.875424928599,
                39.6965664348948
              ],
              [
                -104.877728169685,
                39.696570161456
              ],
              [
                -104.877734974731,
                39.6984512297503
              ],
              [
                -104.875325062052,
                39.6984487221938
              ]
            ]
          ],
          [
            [
              [
                -104.875562033997,
                39.6459057235492
              ],
              [
                -104.875584051532,
                39.6446501331163
              ],
              [
                -104.875660555613,
                39.6446127339288
              ],
              [
                -104.877425371562,
                39.6437419872979
              ],
              [
                -104.877463583218,
                39.6437882703235
              ],
              [
                -104.87611857188,
                39.6444519400858
              ],
              [
                -104.876094553015,
                39.6459060885924
              ],
              [
                -104.880247494839,
                39.6459089290911
              ],
              [
                -104.880147901339,
                39.6506418783508
              ],
              [
                -104.880102940151,
                39.6529044974753
              ],
              [
                -104.876840051929,
                39.6528968239909
              ],
              [
                -104.87546225428,
                39.6514779213688
              ],
              [
                -104.875476742483,
                39.6506579865101
              ],
              [
                -104.875493037921,
                39.6491489297434
              ],
              [
                -104.875562033997,
                39.6459057235492
              ]
            ]
          ]
        ]
      },
      "properties": {
        "feature_id": 1,
        "ward": "IV"
      }
    },
    {
      "type": "Feature",
      "id": 2,
      "geometry": {
        "type": "Polygon",
        "coordinates": [
          [
            [
              -104.791068663723,
              39.7183767168457
            ],
            [
              -104.791174519457,
              39.7166855275043
            ],
            [
              -104.791174560183,
              39.7166848757685
            ],
            [
              -104.791175719316,
              39.7111721880844
            ],
            [
              -104.791175439818,
              39.7110687195038
            ],
            [
              -104.79110965,
              39.7095035972873
            ],
            [
              -104.791004191523,
              39.7070567576036
            ],
            [
              -104.790978915714,
              39.7064829614195
            ],
            [
              -104.790978738999,
              39.7064789516143
            ],
            [
              -104.786972980126,
              39.7062595656323
            ],
            [
              -104.786598098964,
              39.7062313599868
            ],
            [
              -104.786454876628,
              39.7062205837219
            ],
            [
              -104.785491169484,
              39.7061482062581
            ],
            [
              -104.784016716811,
              39.7059755687378
            ],
            [
              -104.783217842885,
              39.7058508103982
            ],
            [
              -104.782961589178,
              39.7058043437857
            ],
            [
              -104.781697387398,
              39.7055750967193
            ],
            [
              -104.781558984682,
              39.7055440496235
            ],
            [
              -104.780211938277,
              39.7052418650844
            ],
            [
              -104.778993560848,
              39.7049140325278
            ],
            [
              -104.778654834987,
              39.7048074775216
            ],
            [
              -104.778316539905,
              39.7046852062289
            ],
            [
              -104.777989671641,
              39.7045506588978
            ],
            [
              -104.777671553524,
              39.7044024413848
            ],
            [
              -104.777446786231,
              39.704284753013
            ],
            [
              -104.777362726409,
              39.7042411226138
            ],
            [
              -104.777065014735,
              39.704067220117
            ],
            [
              -104.776781767011,
              39.7038829359999
            ],
            [
              -104.776654959241,
              39.7037910978178
            ],
            [
              -104.776515650058,
              39.7036902053323
            ],
            [
              -104.776426160432,
              39.7036191953461
            ],
            [
              -104.776377178078,
              39.7035803277842
            ],
            [
              -104.776257094328,
              39.7034841198811
            ],
            [
              -104.7760071221,
              39.7032618720629
            ],
            [
              -104.775891800577,
              39.7031477951342
            ],
            [
              -104.775781102592,
              39.7030384843161
            ],
            [
              -104.775428152336,
              39.7026352118865
            ],
            [
              -104.774307516814,
              39.7012718879968
            ],
            [
              -104.773468496004,
              39.700252059531
            ],
            [
              -104.773272460187,
              39.6999993229507
            ],
            [
              -104.77320929892,
              39.699907542718
            ],
            [
              -104.773138943729,
              39.699804858261
            ],
            [
              -104.773062476772,
              39.6996849026104
            ],
            [
              -104.773026899775,
              39.6996277221141
            ],
            [
              -104.772977083587,
              39.6995419553912
            ],
            [
              -104.772852056937,
              39.6993179311384
            ],
            [
              -104.7727176955,
              39.6990244325957
            ],
            [
              -104.772617661679,
              39.6987773982318
            ],
            [
              -104.772559879714,
              39.6986090584492
            ],
            [
              -104.772472362711,
              39.6982881219721
            ],
            [
              -104.772414369767,
              39.6979909611825
            ],
            [
              -104.772379189733,
              39.6977144712319
            ],
            [
              -104.77236177704,
              39.6974973268854
            ],
            [
              -104.772357925074,
              39.6973605633852
            ],
            [
              -104.772356973689,
              39.6972986989808
            ],
            [
              -104.77235741309,
              39.6972078610919
            ],
            [
              -104.772361170878,
              39.6966215540464
            ],
            [
              -104.772360814998,
              39.6965697297538
            ],
            [
              -104.77236179627,
              39.6930554653567
            ],
            [
              -104.772362944736,
              39.6878459159547
            ],
            [
              -104.77236343255,
              39.685629861396
            ],
            [
              -104.772363433373,
              39.6856257519503
            ],
            [
              -104.772615948479,
              39.6856258164088
            ],
            [
              -104.772678794592,
              39.6856253018277
            ],
            [
              -104.772806933782,
              39.6856154895176
            ],
            [
              -104.772889423709,
              39.685601400064
            ],
            [
              -104.77299468807,
              39.6855734633254
            ],
            [
              -104.773078157262,
              39.6855425960221
            ],
            [
              -104.773140992982,
              39.6855137978949
            ],
            [
              -104.77325181855,
              39.6854571898749
            ],
            [
              -104.773360320825,
              39.685401923786
            ],
            [
              -104.773360493298,
              39.6854021255623
            ],
            [
              -104.774903498682,
              39.687206420924
            ],
            [
              -104.775611450515,
              39.6880565105421
            ],
            [
              -104.775652108947,
              39.6881096262738
            ],
            [
              -104.775700122652,
              39.6881914271772
            ],
            [
              -104.775733730077,
              39.688259048537
            ],
            [
              -104.775769067591,
              39.6883333394542
            ],
            [
              -104.77578238392,
              39.6883650445177
            ],
            [
              -104.775810746539,
              39.6884470015843
            ],
            [
              -104.775820349941,
              39.6884737208308
            ],
            [
              -104.776047361916,
              39.6893196066266
            ],
            [
              -104.776061550052,
              39.6893793974156
            ],
            [
              -104.776067168583,
              39.6894676329234
            ],
            [
              -104.776067728099,
              39.6894866213728
            ],
            [
              -104.776067627363,
              39.6894887475448
            ],
            [
              -104.776064471231,
              39.6895553010723
            ],
            [
              -104.776060801542,
              39.6896213904103
            ],
            [
              -104.77604878182,
              39.6896550676665
            ],
            [
              -104.776036278677,
              39.6897044080402
            ],
            [
              -104.776010196959,
              39.6897782872707
            ],
            [
              -104.775960015995,
              39.6899186399529
            ],
            [
              -104.775933174197,
              39.6899674164514
            ],
            [
              -104.775856345993,
              39.6901553703147
            ],
            [
              -104.775685183702,
              39.6905957381015
            ],
            [
              -104.775659761023,
              39.6906920121308
            ],
            [
              -104.77563724706,
              39.6908084915691
            ],
            [
              -104.775631844733,
              39.6908575927776
            ],
            [
              -104.775629358655,
              39.6909085800236
            ],
            [
              -104.775624457171,
              39.6909558288663
            ],
            [
              -104.775624414757,
              39.6909599383666
            ],
            [
              -104.775623439307,
              39.6910542273976
            ],
            [
              -104.775629086663,
              39.6911524959984
            ],
            [
              -104.77564111514,
              39.6912504066392
            ],
            [
              -104.775650313631,
              39.6913058873899
            ],
            [
              -104.775667087719,
              39.6913866895623
            ],
            [
              -104.775682027551,
              39.6914608574809
            ],
            [
              -104.775812885229,
              39.6920698745973
            ],
            [
              -104.775840400748,
              39.6922388283284
            ],
            [
              -104.775843167776,
              39.6922930309782
            ],
            [
              -104.775860784939,
              39.692390239289
            ],
            [
              -104.775862576851,
              39.6924571375444
            ],
            [
              -104.775863692814,
              39.6930553062531
            ],
            [
              -104.776212155283,
              39.6930601878841
            ],
            [
              -104.776454316669,
              39.6930663988552
            ],
            [
              -104.776694811642,
              39.6930798019404
            ],
            [
              -104.776963373413,
              39.6930972257564
            ],
            [
              -104.777223864291,
              39.693123122008
            ],
            [
              -104.777454323333,
              39.6931480701026
            ],
            [
              -104.777710765483,
              39.6931780268217
            ],
            [
              -104.778051929529,
              39.6932184800055
            ],
            [
              -104.778137329834,
              39.6928214059301
            ],
            [
              -104.778283185821,
              39.692218124559
            ],
            [
              -104.77830771726,
              39.6920960015655
            ],
            [
              -104.778338677275,
              39.6920174004748
            ],
            [
              -104.77836546001,
              39.6919129451214
            ],
            [
              -104.77842294386,
              39.6917550609647
            ],
            [
              -104.778460041515,
              39.6916755949422
            ],
            [
              -104.778489699153,
              39.6916008301411
            ],
            [
              -104.778537712069,
              39.691508947259
            ],
            [
              -104.778626898173,
              39.6913456324985
            ],
            [
              -104.778726702665,
              39.6911861550573
            ],
            [
              -104.778807417617,
              39.6910689430074
            ],
            [
              -104.77932141091,
              39.6903903838572
            ],
            [
              -104.779488520009,
              39.6901451870992
            ],
            [
              -104.779538883149,
              39.6900644537476
            ],
            [
              -104.779587085814,
              39.68997643747
            ],
            [
              -104.77961963603,
              39.6899067122981
            ],
            [
              -104.779665030539,
              39.6898259204822
            ],
            [
              -104.779696349209,
              39.6897607380749
            ],
            [
              -104.779696848386,
              39.6897608720098
            ],
            [
              -104.780743010119,
              39.6900414698091
            ],
            [
              -104.780820013356,
              39.69006939429
            ],
            [
              -104.78088793121,
              39.6901006272867
            ],
            [
              -104.78096051429,
              39.6901428351367
            ],
            [
              -104.781020878045,
              39.6901859807248
            ],
            [
              -104.78105130837,
              39.6902118539908
            ],
            [
              -104.781104080244,
              39.6902636528385
            ],
            [
              -104.781148816831,
              39.6903193496214
            ],
            [
              -104.781551465974,
              39.6909052917391
            ],
            [
              -104.781586975149,
              39.6909512366785
            ],
            [
              -104.781645376297,
              39.6910173107925
            ],
            [
              -104.781697270926,
              39.6910669703322
            ],
            [
              -104.781734246884,
              39.6910993451033
            ],
            [
              -104.781782733155,
              39.6911375754387
            ],
            [
              -104.78183388937,
              39.6911737484839
            ],
            [
              -104.781888187181,
              39.6912067676858
            ],
            [
              -104.781942486078,
              39.6912397868685
            ],
            [
              -104.782001273075,
              39.6912682009628
            ],
            [
              -104.782060060127,
              39.6912966142285
            ],
            [
              -104.782147661798,
              39.6913306939745
            ],
            [
              -104.783181747324,
              39.6916794058628
            ],
            [
              -104.783246413595,
              39.6916976448507
            ],
            [
              -104.783289843928,
              39.6917075191936
            ],
            [
              -104.783379427492,
              39.6917216207645
            ],
            [
              -104.783457507128,
              39.691727867469
            ],
            [
              -104.783458057522,
              39.6917278695445
            ],
            [
              -104.784392115685,
              39.6917306307581
            ],
            [
              -104.784392677666,
              39.6917306324204
            ],
            [
              -104.785280496537,
              39.6917332803104
            ],
            [
              -104.785882758217,
              39.6917409700681
            ],
            [
              -104.786109186238,
              39.691752297829
            ],
            [
              -104.786334684821,
              39.6917675662724
            ],
            [
              -104.786484682594,
              39.6917816033776
            ],
            [
              -104.786709220821,
              39.6918040700519
            ],
            [
              -104.786858290503,
              39.6918220481287
            ],
            [
              -104.787010024733,
              39.6918399555603
            ],
            [
              -104.787344395454,
              39.6919007714666
            ],
            [
              -104.788235041108,
              39.6920535664638
            ],
            [
              -104.788279088679,
              39.6921729180235
            ],
            [
              -104.788279597503,
              39.6921727771228
            ],
            [
              -104.788360695912,
              39.6921503240828
            ],
            [
              -104.788455172886,
              39.6921309713781
            ],
            [
              -104.788500086305,
              39.6921242528231
            ],
            [
              -104.788598620548,
              39.6921149141761
            ],
            [
              -104.788725249375,
              39.6921135419073
            ],
            [
              -104.788725410223,
              39.692113549592
            ],
            [
              -104.788762368028,
              39.6921153283184
            ],
            [
              -104.788835167297,
              39.6921213349623
            ],
            [
              -104.789156392865,
              39.6921486825419
            ],
            [
              -104.789280680277,
              39.6921574986368
            ],
            [
              -104.789432544387,
              39.6921666300186
            ],
            [
              -104.789632589628,
              39.6921786273102
            ],
            [
              -104.789871595699,
              39.692189295905
            ],
            [
              -104.790501165846,
              39.6922013293344
            ],
            [
              -104.791061668135,
              39.6921957869625
            ],
            [
              -104.791067101627,
              39.6932787183473
            ],
            [
              -104.791078307927,
              39.6951171464955
            ],
            [
              -104.791087103846,
              39.6966184082803
            ],
            [
              -104.796396016169,
              39.696614940739
            ],
            [
              -104.802881853239,
              39.6966115393563
            ],
            [
              -104.809878559286,
              39.6966076900227
            ],
            [
              -104.819262605673,
              39.6965995984692
            ],
            [
              -104.823846951768,
              39.6966131927388
            ],
            [
              -104.826103586981,
              39.6966197872814
            ],
            [
              -104.830050599038,
              39.6966247805378
            ],
            [
              -104.833211285824,
              39.6966220040846
            ],
            [
              -104.835077069936,
              39.6966202676037
            ],
            [
              -104.837848213806,
              39.6966175483171
            ],
            [
              -104.840958751258,
              39.6966146235455
            ],
            [
              -104.84304132852,
              39.6966125884092
            ],
            [
              -104.844768520733,
              39.6966099995853
            ],
            [
              -104.847162058993,
              39.6966084518805
            ],
            [
              -104.848875049076,
              39.6966047331431
            ],
            [
              -104.852333901023,
              39.6965959822017
            ],
            [
              -104.854216595512,
              39.6965926059523
            ],
            [
              -104.856562765515,
              39.6965877975069
            ],
            [
              -104.857708600451,
              39.6965841204483
            ],
            [
              -104.860233978625,
              39.696577970166
            ],
            [
              -104.865970864803,
              39.6965693545958
            ],
            [
              -104.865972916252,
              39.6992757427802
            ],
            [
              -104.867148764939,
              39.6992754803994
            ],
            [
              -104.867146408721,
              39.700181425927
            ],
            [
              -104.868207878411,
              39.7001809147615
            ],
            [
              -104.868206428266,
              39.6983690191758
            ],
            [
              -104.870658581879,
              39.6983678014312
            ],
            [
              -104.870659755903,
              39.6997719866289
            ],
            [
              -104.870654877408,
              39.7006452833379
            ],
            [
              -104.870661002175,
              39.7006631175832
            ],
            [
              -104.870661081882,
              39.7006962347924
            ],
            [
              -104.870386389981,
              39.7007491269055
            ],
            [
              -104.870229641772,
              39.7007960696555
            ],
            [
              -104.870125028712,
              39.7008406108073
            ],
            [
              -104.869960520415,
              39.7009205239098
            ],
            [
              -104.869632069135,
              39.701102454597
            ],
            [
              -104.86960091982,
              39.7011280701084
            ],
            [
              -104.869544108131,
              39.701182945018
            ],
            [
              -104.86949102439,
              39.7012428620542
            ],
            [
              -104.869416950418,
              39.7013442499378
            ],
            [
              -104.869346734151,
              39.7014718840571
            ],
            [
              -104.868793244211,
              39.702862724172
            ],
            [
              -104.868760597872,
              39.7029220319233
            ],
            [
              -104.868728303654,
              39.7029688676387
            ],
            [
              -104.86869704931,
              39.7030052465616
            ],
            [
              -104.868645643381,
              39.7030560040427
            ],
            [
              -104.86858765301,
              39.7031023334339
            ],
            [
              -104.868523706283,
              39.7031437283391
            ],
            [
              -104.868454508417,
              39.7031797323144
            ],
            [
              -104.86839478379,
              39.703205971307
            ],
            [
              -104.868314589988,
              39.7032344431434
            ],
            [
              -104.867237985545,
              39.7035120658761
            ],
            [
              -104.866189662897,
              39.7038865426979
            ],
            [
              -104.865975933012,
              39.703926046286
            ],
            [
              -104.865980864317,
              39.7110582601339
            ],
            [
              -104.870671457569,
              39.7099369702425
            ],
            [
              -104.8706467428,
              39.7183201213849
            ],
            [
              -104.87401377293,
              39.71832061013
            ],
            [
              -104.8740498226,
              39.7183205731305
            ],
            [
              -104.874084171632,
              39.7183212026976
            ],
            [
              -104.874108160006,
              39.7183221184584
            ],
            [
              -104.874125452638,
              39.7183229129379
            ],
            [
              -104.874150067599,
              39.7183244752113
            ],
            [
              -104.874166548343,
              39.7183257949363
            ],
            [
              -104.874201037527,
              39.7183290155425
            ],
            [
              -104.874227990037,
              39.7183321150289
            ],
            [
              -104.874248310938,
              39.7183348161712
            ],
            [
              -104.874267841955,
              39.7183376636382
            ],
            [
              -104.874284519406,
              39.7183402220295
            ],
            [
              -104.874310497532,
              39.7183446897789
            ],
            [
              -104.874333318924,
              39.7183490804887
            ],
            [
              -104.874360037397,
              39.7183546186575
            ],
            [
              -104.874388716006,
              39.7183611129301
            ],
            [
              -104.874420827356,
              39.7183691502446
            ],
            [
              -104.874447419696,
              39.718376397243
            ],
            [
              -104.874473716663,
              39.7183841893341
            ],
            [
              -104.8745426954,
              39.7184070778989
            ],
            [
              -104.874597885393,
              39.7184293977419
            ],
            [
              -104.87466949751,
              39.7184605506087
            ],
            [
              -104.87470408146,
              39.7184779897677
            ],
            [
              -104.874737857264,
              39.7184963488931
            ],
            [
              -104.874770784358,
              39.7185156058776
            ],
            [
              -104.87481848365,
              39.7185461280287
            ],
            [
              -104.874878749853,
              39.7185897436839
            ],
            [
              -104.874934923547,
              39.7186365015637
            ],
            [
              -104.874986737349,
              39.7186861734996
            ],
            [
              -104.87503393581,
              39.7187385157264
            ],
            [
              -104.875066166653,
              39.7187793693143
            ],
            [
              -104.875104747376,
              39.718835766467
            ],
            [
              -104.875127372855,
              39.7188730483393
            ],
            [
              -104.87514566044,
              39.7189089559121
            ],
            [
              -104.875162229076,
              39.7189437773119
            ],
            [
              -104.875172337426,
              39.7189693205554
            ],
            [
              -104.875182907556,
              39.7189961740378
            ],
            [
              -104.875192979654,
              39.719026974443
            ],
            [
              -104.875203001956,
              39.7190635065396
            ],
            [
              -104.875212068088,
              39.7191062869342
            ],
            [
              -104.875219742958,
              39.7191537509704
            ],
            [
              -104.875223235023,
              39.7191977574511
            ],
            [
              -104.875223646269,
              39.7192053920704
            ],
            [
              -104.875224130432,
              39.7192213592677
            ],
            [
              -104.875224253849,
              39.7192376137833
            ],
            [
              -104.875352196047,
              39.7192388445308
            ],
            [
              -104.875350525273,
              39.7201407913911
            ],
            [
              -104.875340372887,
              39.7255823504217
            ],
            [
              -104.871625792039,
              39.7255803510546
            ],
            [
              -104.868272259261,
              39.7255785741028
            ],
            [
              -104.865915985517,
              39.7255772350342
            ],
            [
              -104.861815810875,
              39.7255782124233
            ],
            [
              -104.856387807486,
              39.7255821154122
            ],
            [
              -104.852276748798,
              39.7256352572509
            ],
            [
              -104.850369047628,
              39.7256550038846
            ],
            [
              -104.847219501692,
              39.7256897164111
            ],
            [
              -104.845666690309,
              39.7256882873055
            ],
            [
              -104.835521560024,
              39.7256572095429
            ],
            [
              -104.831206525424,
              39.7256422448225
            ],
            [
              -104.829680102542,
              39.7256369408117
            ],
            [
              -104.828271312406,
              39.7256322917398
            ],
            [
              -104.825829335222,
              39.7256303376723
            ],
            [
              -104.824640930115,
              39.7256304344201
            ],
            [
              -104.821449277965,
              39.7256278240413
            ],
            [
              -104.815408016811,
              39.7256222279281
            ],
            [
              -104.810395669736,
              39.7256176396704
            ],
            [
              -104.8081455683,
              39.7256277005881
            ],
            [
              -104.800582400139,
              39.7256358976769
            ],
            [
              -104.791176658437,
              39.7256451572026
            ],
            [
              -104.791176183156,
              39.7249338759782
            ],
            [
              -104.791178798181,
              39.7241745842031
            ],
            [
              -104.791158561841,
              39.7206935427108
            ],
            [
              -104.791029681823,
              39.7193431983596
            ],
            [
              -104.791029594258,
              39.7193422804249
            ],
            [
              -104.791068663723,
              39.7183767168457
            ]
          ]
        ]
      },
      "properties": {
        "feature_id": 2,
        "ward": "III"
      }
    },
    {
      "type": "Feature",
      "id": 3,
      "geometry": {
        "type": "Polygon",
        "coordinates": [
          [
            [
              -104.809916982781,
              39.7674506043019
            ],
            [
              -104.80997714207,
              39.764663391437
            ],
            [
              -104.810035645784,
              39.7619373556628
            ],
            [
              -104.810035646082,
              39.7619351162779
            ],
            [
              -104.810035651923,
              39.7618930115622
            ],
            [
              -104.810036004603,
              39.7594682918583
            ],
            [
              -104.819346128537,
              39.7619488551801
            ],
            [
              -104.819419075477,
              39.7562354436648
            ],
            [
              -104.819419078149,
              39.756234251278
            ],
            [
              -104.819438687672,
              39.7473982032697
            ],
            [
              -104.819435128977,
              39.7401820668046
            ],
            [
              -104.819434944824,
              39.7401820599868
            ],
            [
              -104.817085974853,
              39.7400952859594
            ],
            [
              -104.816538299248,
              39.7400805872024
            ],
            [
              -104.814758281312,
              39.7400949192529
            ],
            [
              -104.810044319399,
              39.7400510181587
            ],
            [
              -104.810044318775,
              39.7400508711412
            ],
            [
              -104.810036917149,
              39.7381267757117
            ],
            [
              -104.810027493678,
              39.7356769100028
            ],
            [
              -104.810005358729,
              39.7306437160635
            ],
            [
              -104.810001398526,
              39.7295464190318
            ],
            [
              -104.809998259956,
              39.7286767070415
            ],
            [
              -104.809997900645,
              39.7284779582882
            ],
            [
              -104.809999289285,
              39.7283120060829
            ],
            [
              -104.810001013855,
              39.7281062850572
            ],
            [
              -104.810010205422,
              39.7280290503981
            ],
            [
              -104.810018811307,
              39.7279567377672
            ],
            [
              -104.810041754611,
              39.7278339863967
            ],
            [
              -104.810057703093,
              39.7277683823294
            ],
            [
              -104.81007434753,
              39.7276999157161
            ],
            [
              -104.810093856237,
              39.7276404651024
            ],
            [
              -104.810118307252,
              39.7275659532222
            ],
            [
              -104.810274444037,
              39.7271305752062
            ],
            [
              -104.810300403439,
              39.7270477812971
            ],
            [
              -104.810323258047,
              39.7269748893069
            ],
            [
              -104.810338645738,
              39.7269120972252
            ],
            [
              -104.810356317661,
              39.7268399837439
            ],
            [
              -104.810367476206,
              39.7267711397466
            ],
            [
              -104.810378369021,
              39.7267039362779
            ],
            [
              -104.810385944696,
              39.7266320341442
            ],
            [
              -104.81039278654,
              39.7265670976364
            ],
            [
              -104.810397666808,
              39.7264159485805
            ],
            [
              -104.810397660777,
              39.7264132781529
            ],
            [
              -104.810395669736,
              39.7256176396704
            ],
            [
              -104.815408016811,
              39.7256222279281
            ],
            [
              -104.821449277965,
              39.7256278240413
            ],
            [
              -104.824640930115,
              39.7256304344201
            ],
            [
              -104.825829335222,
              39.7256303376723
            ],
            [
              -104.828271312406,
              39.7256322917398
            ],
            [
              -104.829680102542,
              39.7256369408117
            ],
            [
              -104.831206525424,
              39.7256422448225
            ],
            [
              -104.835521560024,
              39.7256572095429
            ],
            [
              -104.845666690309,
              39.7256882873055
            ],
            [
              -104.847219501692,
              39.7256897164111
            ],
            [
              -104.850369047628,
              39.7256550038846
            ],
            [
              -104.852276748798,
              39.7256352572509
            ],
            [
              -104.856387807486,
              39.7255821154122
            ],
            [
              -104.861815810875,
              39.7255782124233
            ],
            [
              -104.865915985517,
              39.7255772350342
            ],
            [
              -104.868272259261,
              39.7255785741028
            ],
            [
              -104.871625792039,
              39.7255803510546
            ],
            [
              -104.875340372887,
              39.7255823504217
            ],
            [
              -104.880728754683,
              39.7255928407061
            ],
            [
              -104.88084680478,
              39.7255608534169
            ],
            [
              -104.880946052816,
              39.7255316944078
            ],
            [
              -104.881037133403,
              39.725502950964
            ],
            [
              -104.88121943543,
              39.7254390891597
            ],
            [
              -104.881319288038,
              39.7254008486803
            ],
            [
              -104.881398334155,
              39.7253686801665
            ],
            [
              -104.881464896948,
              39.7253401090094
            ],
            [
              -104.881549428484,
              39.7253022454424
            ],
            [
              -104.881677263602,
              39.7252426487466
            ],
            [
              -104.881829069784,
              39.7251622304767
            ],
            [
              -104.882003836443,
              39.7250628786726
            ],
            [
              -104.882526370154,
              39.7256076933253
            ],
            [
              -104.88466999516,
              39.7278429099935
            ],
            [
              -104.884743784921,
              39.7279098376369
            ],
            [
              -104.884883095807,
              39.7280180559099
            ],
            [
              -104.884945123497,
              39.7280631516011
            ],
            [
              -104.885056763808,
              39.7281366898992
            ],
            [
              -104.886478929447,
              39.7291563584488
            ],
            [
              -104.886444728411,
              39.7291803320288
            ],
            [
              -104.886404520844,
              39.7292088812308
            ],
            [
              -104.886360151442,
              39.7292378275411
            ],
            [
              -104.88627635969,
              39.7292882073172
            ],
            [
              -104.885583649095,
              39.7297040197612
            ],
            [
              -104.885553903458,
              39.7297218962694
            ],
            [
              -104.885481681925,
              39.7297673773903
            ],
            [
              -104.885437405194,
              39.7297976146774
            ],
            [
              -104.88537944836,
              39.7298381823315
            ],
            [
              -104.885286861878,
              39.7299077791832
            ],
            [
              -104.88523408171,
              39.7299515298087
            ],
            [
              -104.885196818458,
              39.7299831654437
            ],
            [
              -104.885163817537,
              39.7300121454574
            ],
            [
              -104.885137015149,
              39.7300369930577
            ],
            [
              -104.885109037315,
              39.7300642151691
            ],
            [
              -104.885081181254,
              39.7300913783058
            ],
            [
              -104.885056193171,
              39.7301154023464
            ],
            [
              -104.885032079816,
              39.7301411566048
            ],
            [
              -104.884995066739,
              39.7301812247082
            ],
            [
              -104.884963610513,
              39.7302166554469
            ],
            [
              -104.884930203828,
              39.7302571441119
            ],
            [
              -104.884894020085,
              39.7303008030087
            ],
            [
              -104.884825404577,
              39.7303927960799
            ],
            [
              -104.88479172228,
              39.7304430286609
            ],
            [
              -104.884752641066,
              39.7305061868077
            ],
            [
              -104.884741095417,
              39.7305246245672
            ],
            [
              -104.884720906317,
              39.7305597728301
            ],
            [
              -104.884707681934,
              39.7328538068425
            ],
            [
              -104.884698542388,
              39.7342132234668
            ],
            [
              -104.884676894879,
              39.7372828964444
            ],
            [
              -104.884657781403,
              39.7401643167863
            ],
            [
              -104.884659800802,
              39.7419942639477
            ],
            [
              -104.88466333316,
              39.7456006273131
            ],
            [
              -104.884664755645,
              39.7474624662218
            ],
            [
              -104.879947404996,
              39.7474597043235
            ],
            [
              -104.87994014416,
              39.7547510247662
            ],
            [
              -104.864564395046,
              39.7547519459472
            ],
            [
              -104.846870859435,
              39.7547307211263
            ],
            [
              -104.846876456187,
              39.7552423170949
            ],
            [
              -104.84772063448,
              39.7552471543521
            ],
            [
              -104.848006392858,
              39.7554571002059
            ],
            [
              -104.848212060581,
              39.7564269550235
            ],
            [
              -104.850790851966,
              39.7567507763704
            ],
            [
              -104.852048907574,
              39.7573243021132
            ],
            [
              -104.853025953516,
              39.7574893382929
            ],
            [
              -104.853492503824,
              39.7576275919168
            ],
            [
              -104.854356066641,
              39.7580703278073
            ],
            [
              -104.854872851566,
              39.7578493111497
            ],
            [
              -104.855021016362,
              39.7579340034495
            ],
            [
              -104.85549901108,
              39.7578164441203
            ],
            [
              -104.855578522122,
              39.7578386524814
            ],
            [
              -104.855654938532,
              39.7578590434253
            ],
            [
              -104.856345469087,
              39.7581348807374
            ],
            [
              -104.856411384892,
              39.7685815579008
            ],
            [
              -104.847439881191,
              39.7679192066704
            ],
            [
              -104.838120547345,
              39.7672147567651
            ],
            [
              -104.837858676502,
              39.7671954748543
            ],
            [
              -104.837641422085,
              39.7671783179728
            ],
            [
              -104.837359859666,
              39.7671542371833
            ],
            [
              -104.837127775418,
              39.7671318411832
            ],
            [
              -104.83695424836,
              39.7671146949918
            ],
            [
              -104.836755567769,
              39.7670922511779
            ],
            [
              -104.836594801078,
              39.7670742388274
            ],
            [
              -104.836333367605,
              39.767040896514
            ],
            [
              -104.836189911945,
              39.7670227469427
            ],
            [
              -104.835960351524,
              39.7669905202485
            ],
            [
              -104.835858154186,
              39.7669763524475
            ],
            [
              -104.835630744952,
              39.7669415595795
            ],
            [
              -104.835452763682,
              39.766913840789
            ],
            [
              -104.835160509176,
              39.7668646204941
            ],
            [
              -104.834998629678,
              39.7668360552289
            ],
            [
              -104.834781891628,
              39.766796634826
            ],
            [
              -104.834464248987,
              39.7667350839377
            ],
            [
              -104.834010277504,
              39.7666404239067
            ],
            [
              -104.833649692389,
              39.7665585014117
            ],
            [
              -104.833294633552,
              39.7664742140843
            ],
            [
              -104.833008077185,
              39.7664008851306
            ],
            [
              -104.832891740295,
              39.7663715420711
            ],
            [
              -104.832893907765,
              39.7691796301065
            ],
            [
              -104.830604584505,
              39.76917109298
            ],
            [
              -104.828193377196,
              39.7691600767762
            ],
            [
              -104.828198040595,
              39.7727947168664
            ],
            [
              -104.809791941297,
              39.7728352768858
            ],
            [
              -104.809799174761,
              39.7727258648064
            ],
            [
              -104.809896791249,
              39.7716769267226
            ],
            [
              -104.809886380937,
              39.7702303459184
            ],
            [
              -104.809887073724,
              39.7688362169248
            ],
            [
              -104.809887112983,
              39.7688343954809
            ],
            [
              -104.809916982781,
              39.7674506043019
            ]
          ]
        ]
      },
      "properties": {
        "feature_id": 3,
        "ward": "I"
      }
    },
    {
      "type": "Feature",
      "id": 4,
      "geometry": {
        "type": "Polygon",
        "coordinates": [
          [
            [
              -104.754280121794,
              39.6487356535007
            ],
            [
              -104.754304806637,
              39.6447365437489
            ],
            [
              -104.754315135985,
              39.6435203222603
            ],
            [
              -104.754366795005,
              39.638596984501
            ],
            [
              -104.735096312535,
              39.6385579756954
            ],
            [
              -104.735042955269,
              39.6457156562654
            ],
            [
              -104.735003830643,
              39.6530132622868
            ],
            [
              -104.725527278043,
              39.6530028501613
            ],
            [
              -104.725650147698,
              39.6457393875433
            ],
            [
              -104.725711634142,
              39.6385656192919
            ],
            [
              -104.723893820317,
              39.638567422618
            ],
            [
              -104.71882195237,
              39.6385723105149
            ],
            [
              -104.716335058309,
              39.6385746264744
            ],
            [
              -104.716334284538,
              39.6386432540874
            ],
            [
              -104.71362274288,
              39.6386232786455
            ],
            [
              -104.69776365457,
              39.6385054302042
            ],
            [
              -104.694299263469,
              39.638507799515
            ],
            [
              -104.686888264637,
              39.6385125549776
            ],
            [
              -104.683991351225,
              39.6385143368636
            ],
            [
              -104.679014219483,
              39.6385172304513
            ],
            [
              -104.678953930785,
              39.6419605999746
            ],
            [
              -104.678871264223,
              39.6471874730474
            ],
            [
              -104.67883712771,
              39.6500963414093
            ],
            [
              -104.678804246359,
              39.6528972448614
            ],
            [
              -104.659969913675,
              39.6529583351517
            ],
            [
              -104.660113853309,
              39.6458043703019
            ],
            [
              -104.660219879351,
              39.64056632752
            ],
            [
              -104.660414405391,
              39.6239445142634
            ],
            [
              -104.65478849612,
              39.6239315193024
            ],
            [
              -104.654806570454,
              39.6207626583416
            ],
            [
              -104.652194549642,
              39.617702851328
            ],
            [
              -104.651159519179,
              39.6165907831647
            ],
            [
              -104.651636138531,
              39.6154552447556
            ],
            [
              -104.651822137314,
              39.6129806924317
            ],
            [
              -104.654648222544,
              39.6138121993485
            ],
            [
              -104.653819632392,
              39.611566700081
            ],
            [
              -104.650991938302,
              39.6086508295421
            ],
            [
              -104.652846806703,
              39.6065096710161
            ],
            [
              -104.655539601216,
              39.6048654476942
            ],
            [
              -104.653511993276,
              39.6021705118345
            ],
            [
              -104.654300783893,
              39.6005787379767
            ],
            [
              -104.656604036698,
              39.5990377068703
            ],
            [
              -104.656588443776,
              39.5979389639834
            ],
            [
              -104.658682376673,
              39.5958868102025
            ],
            [
              -104.659397757288,
              39.5949529016116
            ],
            [
              -104.66078218461,
              39.5949625143035
            ],
            [
              -104.660688528699,
              39.5804106473317
            ],
            [
              -104.66081237545,
              39.5744365015659
            ],
            [
              -104.642014497214,
              39.574377355686
            ],
            [
              -104.642137728042,
              39.5659999218182
            ],
            [
              -104.660987388719,
              39.5660031095082
            ],
            [
              -104.660989091922,
              39.565920748582
            ],
            [
              -104.679511484623,
              39.5659200809394
            ],
            [
              -104.679446305024,
              39.5725047486746
            ],
            [
              -104.679643379723,
              39.5728655931884
            ],
            [
              -104.679636866759,
              39.5735226865095
            ],
            [
              -104.681487173553,
              39.5769071828775
            ],
            [
              -104.684424009109,
              39.5804260436456
            ],
            [
              -104.695905477586,
              39.5803601634726
            ],
            [
              -104.695949429308,
              39.5767483800026
            ],
            [
              -104.698298282035,
              39.5767378896245
            ],
            [
              -104.698322501454,
              39.5749358727591
            ],
            [
              -104.694534496022,
              39.574957537688
            ],
            [
              -104.694248489473,
              39.5741146889174
            ],
            [
              -104.693893811657,
              39.573797885373
            ],
            [
              -104.693892175089,
              39.5733997727167
            ],
            [
              -104.693420611384,
              39.5731446246037
            ],
            [
              -104.6877684673,
              39.5731631125512
            ],
            [
              -104.687821035295,
              39.5695402365587
            ],
            [
              -104.687284282209,
              39.5693278516885
            ],
            [
              -104.686591548669,
              39.5688768932367
            ],
            [
              -104.686532446955,
              39.568543586851
            ],
            [
              -104.686671154742,
              39.5682828681316
            ],
            [
              -104.686086151124,
              39.5677967903434
            ],
            [
              -104.686300657926,
              39.5672706238115
            ],
            [
              -104.686322077528,
              39.5671060409631
            ],
            [
              -104.686323860243,
              39.5671053661431
            ],
            [
              -104.686325638481,
              39.5671048640456
            ],
            [
              -104.686328312651,
              39.5671036828983
            ],
            [
              -104.686331871408,
              39.5671026779198
            ],
            [
              -104.686333652884,
              39.5671020030911
            ],
            [
              -104.686335431329,
              39.5671015009949
            ],
            [
              -104.686339887266,
              39.5670998160162
            ],
            [
              -104.686345224477,
              39.5670983081419
            ],
            [
              -104.686349678143,
              39.567096623147
            ],
            [
              -104.686355017622,
              39.5670951154479
            ],
            [
              -104.686359468059,
              39.5670936023847
            ],
            [
              -104.686366585982,
              39.5670915925883
            ],
            [
              -104.686369258183,
              39.5670905814631
            ],
            [
              -104.686371697734,
              39.5670900652514
            ],
            [
              -104.686379778739,
              39.5670877827843
            ],
            [
              -104.686382542364,
              39.5670869183579
            ],
            [
              -104.686386164319,
              39.5670858941593
            ],
            [
              -104.686387940771,
              39.5670855641626
            ],
            [
              -104.686391499527,
              39.5670845591823
            ],
            [
              -104.68639327701,
              39.5670842293525
            ],
            [
              -104.686395949209,
              39.5670832182267
            ],
            [
              -104.686397725487,
              39.5670828855119
            ],
            [
              -104.686401284435,
              39.5670818816513
            ],
            [
              -104.686403064202,
              39.5670815507185
            ],
            [
              -104.686404842655,
              39.5670810478222
            ],
            [
              -104.68640661889,
              39.5670807187826
            ],
            [
              -104.686408400646,
              39.5670802159091
            ],
            [
              -104.686411070875,
              39.5670793751256
            ],
            [
              -104.68641284712,
              39.5670790451272
            ],
            [
              -104.686414625564,
              39.5670785430297
            ],
            [
              -104.686418180356,
              39.5670778804916
            ],
            [
              -104.68641996231,
              39.5670773784183
            ],
            [
              -104.686421738565,
              39.5670770476207
            ],
            [
              -104.68642351804,
              39.5670765455303
            ],
            [
              -104.6864270718,
              39.5670758829847
            ],
            [
              -104.686429743246,
              39.5670750439671
            ],
            [
              -104.68643329804,
              39.5670743812688
            ],
            [
              -104.6864350193,
              39.567073896034
            ],
            [
              -104.686442188719,
              39.5670725568286
            ],
            [
              -104.686443968195,
              39.5670720547378
            ],
            [
              -104.686449253913,
              39.567071070835
            ],
            [
              -104.686451967665,
              39.5670703943162
            ],
            [
              -104.686471519905,
              39.567066753871
            ],
            [
              -104.686473297669,
              39.5670665959963
            ],
            [
              -104.686486627661,
              39.567064112267
            ],
            [
              -104.686488403144,
              39.5670639551753
            ],
            [
              -104.686491878684,
              39.5670633072675
            ],
            [
              -104.686493732408,
              39.5670631336185
            ],
            [
              -104.686495510933,
              39.5670628028355
            ],
            [
              -104.686497286448,
              39.5670626430271
            ],
            [
              -104.686500841425,
              39.5670619822458
            ],
            [
              -104.686502616939,
              39.5670618224373
            ],
            [
              -104.686463700003,
              39.5668999093458
            ],
            [
              -104.686828868725,
              39.5659224615454
            ],
            [
              -104.698444111847,
              39.5659117514533
            ],
            [
              -104.707032786339,
              39.5659175744976
            ],
            [
              -104.706911024293,
              39.5767701434779
            ],
            [
              -104.707656028253,
              39.5767729838533
            ],
            [
              -104.707777706576,
              39.565917969569
            ],
            [
              -104.71768998069,
              39.5659196725819
            ],
            [
              -104.717701655212,
              39.5639726291776
            ],
            [
              -104.712552028008,
              39.5640515960054
            ],
            [
              -104.708021643969,
              39.5640322711668
            ],
            [
              -104.707808986262,
              39.5512062226621
            ],
            [
              -104.707060294908,
              39.5511927339596
            ],
            [
              -104.707272298898,
              39.5639715260564
            ],
            [
              -104.706945589841,
              39.5637280564854
            ],
            [
              -104.706952350998,
              39.5641356342907
            ],
            [
              -104.706630718767,
              39.5638833815079
            ],
            [
              -104.705424501999,
              39.5634839500599
            ],
            [
              -104.705052038258,
              39.5623629850609
            ],
            [
              -104.704343447278,
              39.5621779224211
            ],
            [
              -104.703902521256,
              39.5618439460039
            ],
            [
              -104.703834100039,
              39.5610001550229
            ],
            [
              -104.70389771451,
              39.5606014291775
            ],
            [
              -104.703942392641,
              39.5603204913029
            ],
            [
              -104.704247071883,
              39.5586637955992
            ],
            [
              -104.704405230428,
              39.5578125496944
            ],
            [
              -104.704584127075,
              39.5568446317692
            ],
            [
              -104.704999132624,
              39.5564235352353
            ],
            [
              -104.704627939625,
              39.5526456641234
            ],
            [
              -104.704887726478,
              39.5526637940503
            ],
            [
              -104.704983869203,
              39.5511501362148
            ],
            [
              -104.70498992345,
              39.5509314812383
            ],
            [
              -104.70707267106,
              39.5509690476925
            ],
            [
              -104.707072457728,
              39.5510239823265
            ],
            [
              -104.707806184885,
              39.551037209655
            ],
            [
              -104.707805729523,
              39.5510097732239
            ],
            [
              -104.708081153275,
              39.5510122321783
            ],
            [
              -104.715980405428,
              39.5511020910244
            ],
            [
              -104.717881712074,
              39.55112298181
            ],
            [
              -104.736707949929,
              39.5511567264818
            ],
            [
              -104.736614088619,
              39.5659178680276
            ],
            [
              -104.735858306649,
              39.5659173276418
            ],
            [
              -104.735781040739,
              39.5731564211313
            ],
            [
              -104.743220673111,
              39.5731672662161
            ],
            [
              -104.74334244778,
              39.5718052185581
            ],
            [
              -104.743735220961,
              39.5716611318443
            ],
            [
              -104.743804112196,
              39.5708904682405
            ],
            [
              -104.743298737434,
              39.5707861981422
            ],
            [
              -104.743948200259,
              39.5699468051867
            ],
            [
              -104.744144516611,
              39.5692285186028
            ],
            [
              -104.744756856284,
              39.5684572123811
            ],
            [
              -104.744389484553,
              39.5682966346101
            ],
            [
              -104.745190164715,
              39.5671171750509
            ],
            [
              -104.74535185648,
              39.5669954494281
            ],
            [
              -104.745999286295,
              39.5659251861399
            ],
            [
              -104.746043660015,
              39.5659252044685
            ],
            [
              -104.746046047931,
              39.565817565265
            ],
            [
              -104.746130923338,
              39.5587129128916
            ],
            [
              -104.75087057009,
              39.5587796582471
            ],
            [
              -104.750839086121,
              39.5605678908672
            ],
            [
              -104.755582463343,
              39.5606229681294
            ],
            [
              -104.755595867636,
              39.5597660475869
            ],
            [
              -104.756518608842,
              39.5597656149818
            ],
            [
              -104.756532985849,
              39.5588457480287
            ],
            [
              -104.759492970076,
              39.5588723407688
            ],
            [
              -104.762416346015,
              39.5588853849902
            ],
            [
              -104.764893931596,
              39.558893420333
            ],
            [
              -104.76818193822,
              39.5589016703678
            ],
            [
              -104.768214237179,
              39.5590058684812
            ],
            [
              -104.768226357457,
              39.5590395823787
            ],
            [
              -104.768239234558,
              39.5590731228074
            ],
            [
              -104.768252866658,
              39.5591064867193
            ],
            [
              -104.768274872365,
              39.559155289479
            ],
            [
              -104.768306745095,
              39.5592209508579
            ],
            [
              -104.768332187818,
              39.5592702624475
            ],
            [
              -104.768369038402,
              39.559334168665
            ],
            [
              -104.768408745222,
              39.559397037781
            ],
            [
              -104.768473565296,
              39.559489235261
            ],
            [
              -104.76854399649,
              39.5595765232115
            ],
            [
              -104.768578782196,
              39.5596166945783
            ],
            [
              -104.768625851139,
              39.5596681168991
            ],
            [
              -104.768681579022,
              39.5597248139257
            ],
            [
              -104.76873236788,
              39.5597731565481
            ],
            [
              -104.768798329978,
              39.5598314666228
            ],
            [
              -104.768859573343,
              39.559881838682
            ],
            [
              -104.768925105101,
              39.5599320744172
            ],
            [
              -104.768989608008,
              39.5599782151774
            ],
            [
              -104.769063045414,
              39.5600270624412
            ],
            [
              -104.769132316192,
              39.5600699299026
            ],
            [
              -104.769194556533,
              39.5601060428861
            ],
            [
              -104.769241140819,
              39.5601315043133
            ],
            [
              -104.769268676695,
              39.5601461155352
            ],
            [
              -104.769307162769,
              39.5601657689506
            ],
            [
              -104.76934455865,
              39.5601841617123
            ],
            [
              -104.769372452606,
              39.5601973584405
            ],
            [
              -104.769386792794,
              39.5602040754303
            ],
            [
              -104.769422106668,
              39.5602201347935
            ],
            [
              -104.769463025138,
              39.5602379774918
            ],
            [
              -104.769501237405,
              39.560253988392
            ],
            [
              -104.769581839132,
              39.5602856855328
            ],
            [
              -104.769622668229,
              39.5603007110023
            ],
            [
              -104.769777600451,
              39.5603524069278
            ],
            [
              -104.771456083969,
              39.5608925590151
            ],
            [
              -104.771618300832,
              39.5609420484074
            ],
            [
              -104.771701976821,
              39.5609656340436
            ],
            [
              -104.771778972214,
              39.5609861688248
            ],
            [
              -104.771805131704,
              39.5609928596101
            ],
            [
              -104.771870858593,
              39.5610093998503
            ],
            [
              -104.77197414269,
              39.5610335897179
            ],
            [
              -104.772050058134,
              39.5610503253785
            ],
            [
              -104.772127628981,
              39.5610664262715
            ],
            [
              -104.77221760772,
              39.5610837479606
            ],
            [
              -104.772275341555,
              39.5610940728575
            ],
            [
              -104.77230653358,
              39.561099570606
            ],
            [
              -104.772337839627,
              39.5611047243473
            ],
            [
              -104.772388437025,
              39.5611151227205
            ],
            [
              -104.772475854461,
              39.5611282805169
            ],
            [
              -104.772563552951,
              39.5611402582103
            ],
            [
              -104.772651505727,
              39.5611510482832
            ],
            [
              -104.77273968966,
              39.5611606509112
            ],
            [
              -104.772827542855,
              39.5611669005713
            ],
            [
              -104.772884969842,
              39.5611715745356
            ],
            [
              -104.772944601927,
              39.5611760406382
            ],
            [
              -104.773004821045,
              39.5611801220135
            ],
            [
              -104.773093657418,
              39.5611849372155
            ],
            [
              -104.773183121528,
              39.5611907030994
            ],
            [
              -104.773272121308,
              39.5611931142289
            ],
            [
              -104.773341589467,
              39.5611919058484
            ],
            [
              -104.773411384574,
              39.5611921642502
            ],
            [
              -104.773470470097,
              39.5611918850412
            ],
            [
              -104.773539250862,
              39.5611931223036
            ],
            [
              -104.77362825128,
              39.5611907160772
            ],
            [
              -104.773717181692,
              39.5611871112703
            ],
            [
              -104.773894197481,
              39.5611741396263
            ],
            [
              -104.774071148758,
              39.561158530806
            ],
            [
              -104.774290779345,
              39.561131905589
            ],
            [
              -104.77442380863,
              39.5611128027564
            ],
            [
              -104.774387853993,
              39.5658677185741
            ],
            [
              -104.784542263103,
              39.5658722481101
            ],
            [
              -104.784586634843,
              39.5659648762904
            ],
            [
              -104.786505426174,
              39.5687893181936
            ],
            [
              -104.786782983196,
              39.5691427919414
            ],
            [
              -104.787083869072,
              39.569585069356
            ],
            [
              -104.786687950891,
              39.569584853709
            ],
            [
              -104.782868294727,
              39.5695827316089
            ],
            [
              -104.782799500525,
              39.5732035067809
            ],
            [
              -104.75648427346,
              39.5731847579188
            ],
            [
              -104.75652105297,
              39.5736076108445
            ],
            [
              -104.756273019528,
              39.5750060283537
            ],
            [
              -104.756317318095,
              39.5750193112586
            ],
            [
              -104.756364022855,
              39.575033315419
            ],
            [
              -104.756385991887,
              39.5750422694066
            ],
            [
              -104.75641040577,
              39.5750534625977
            ],
            [
              -104.756435461806,
              39.5750664397864
            ],
            [
              -104.756460913051,
              39.5750813542618
            ],
            [
              -104.756482720675,
              39.5750964150494
            ],
            [
              -104.756544401983,
              39.5751465374696
            ],
            [
              -104.756708299177,
              39.5753068555986
            ],
            [
              -104.756625377599,
              39.5753673999707
            ],
            [
              -104.75654456802,
              39.5754347178337
            ],
            [
              -104.756484913548,
              39.5754911804765
            ],
            [
              -104.756455001833,
              39.5755221729633
            ],
            [
              -104.756437305617,
              39.5755413926182
            ],
            [
              -104.756400635499,
              39.5755836601632
            ],
            [
              -104.756381451397,
              39.5756073109533
            ],
            [
              -104.756353748957,
              39.5756433417541
            ],
            [
              -104.756317039249,
              39.575696154873
            ],
            [
              -104.756285915443,
              39.5757456678687
            ],
            [
              -104.756263042565,
              39.5757859403297
            ],
            [
              -104.756240115357,
              39.5758305844529
            ],
            [
              -104.756223982377,
              39.5758649771455
            ],
            [
              -104.756210292721,
              39.5758966983149
            ],
            [
              -104.756193252845,
              39.5759407817309
            ],
            [
              -104.756173153689,
              39.5760020490266
            ],
            [
              -104.75616326547,
              39.5760377386431
            ],
            [
              -104.756151859179,
              39.5760866450988
            ],
            [
              -104.75614187236,
              39.5761417802514
            ],
            [
              -104.756138366824,
              39.5761666149603
            ],
            [
              -104.756133548034,
              39.5762124764752
            ],
            [
              -104.756131270507,
              39.576248754782
            ],
            [
              -104.756130205128,
              39.5762814459021
            ],
            [
              -104.756130922255,
              39.5763358832409
            ],
            [
              -104.756132476697,
              39.5763650924578
            ],
            [
              -104.756134600482,
              39.5763916472059
            ],
            [
              -104.756136926402,
              39.5764138336213
            ],
            [
              -104.756141083912,
              39.5764402473613
            ],
            [
              -104.756145761313,
              39.5764704563049
            ],
            [
              -104.756149138171,
              39.5764914308474
            ],
            [
              -104.75615291586,
              39.576511722356
            ],
            [
              -104.756159501571,
              39.576543963835
            ],
            [
              -104.756187957555,
              39.5766859193316
            ],
            [
              -104.756238609167,
              39.5769377014614
            ],
            [
              -104.755419832537,
              39.5770345381435
            ],
            [
              -104.755557624629,
              39.5782883208474
            ],
            [
              -104.756125226183,
              39.5782829861264
            ],
            [
              -104.756102224507,
              39.5783381145175
            ],
            [
              -104.755816829798,
              39.57902208585
            ],
            [
              -104.755651571985,
              39.5794181366247
            ],
            [
              -104.755558105857,
              39.5796421295424
            ],
            [
              -104.755519503263,
              39.5797258266887
            ],
            [
              -104.755513034259,
              39.5797392904938
            ],
            [
              -104.755505184394,
              39.5797533283585
            ],
            [
              -104.755493712055,
              39.5797726477308
            ],
            [
              -104.755485108455,
              39.5797864267205
            ],
            [
              -104.755473178072,
              39.5798045936924
            ],
            [
              -104.755465338029,
              39.5798159673105
            ],
            [
              -104.755457495871,
              39.5798269749561
            ],
            [
              -104.755450813081,
              39.5798361120594
            ],
            [
              -104.75543537426,
              39.5798561619978
            ],
            [
              -104.755409790074,
              39.5798870545897
            ],
            [
              -104.755375444303,
              39.5799244481737
            ],
            [
              -104.755351164569,
              39.5799485816702
            ],
            [
              -104.755325808112,
              39.5799720456112
            ],
            [
              -104.755299405584,
              39.5799948119045
            ],
            [
              -104.755271995917,
              39.5800168512321
            ],
            [
              -104.7552530382,
              39.5800311860106
            ],
            [
              -104.755229058802,
              39.5800484840352
            ],
            [
              -104.755199270488,
              39.5800685878522
            ],
            [
              -104.755163851255,
              39.5800906997102
            ],
            [
              -104.755114760494,
              39.580118547228
            ],
            [
              -104.755088256035,
              39.5801323676181
            ],
            [
              -104.75505476848,
              39.5801486152694
            ],
            [
              -104.755020568802,
              39.5801639503675
            ],
            [
              -104.754984296732,
              39.5801788932413
            ],
            [
              -104.754966630205,
              39.5801857122843
            ],
            [
              -104.754948457469,
              39.5801924173656
            ],
            [
              -104.754919245971,
              39.5802025500855
            ],
            [
              -104.754896487681,
              39.5802099592512
            ],
            [
              -104.754874326668,
              39.5802167029308
            ],
            [
              -104.754852976506,
              39.5802228168388
            ],
            [
              -104.75482248852,
              39.5802309406463
            ],
            [
              -104.754800529418,
              39.5802363058182
            ],
            [
              -104.754778780743,
              39.5802412433991
            ],
            [
              -104.754748076196,
              39.5802476247131
            ],
            [
              -104.754694757575,
              39.5802570026655
            ],
            [
              -104.75465074764,
              39.580263213986
            ],
            [
              -104.754608011221,
              39.5802678543209
            ],
            [
              -104.754496827737,
              39.5802741939085
            ],
            [
              -104.754149232419,
              39.5802805098663
            ],
            [
              -104.752427838519,
              39.5803117803033
            ],
            [
              -104.751907523073,
              39.5803212267651
            ],
            [
              -104.7519378898,
              39.5804284382258
            ],
            [
              -104.751945340331,
              39.5804785886268
            ],
            [
              -104.75194581709,
              39.5804832161666
            ],
            [
              -104.746553806902,
              39.5805819353606
            ],
            [
              -104.745278440859,
              39.5806046459953
            ],
            [
              -104.735654323085,
              39.5804110779413
            ],
            [
              -104.732015809808,
              39.5804166881955
            ],
            [
              -104.731172605312,
              39.5817097685071
            ],
            [
              -104.731283216062,
              39.5817527304213
            ],
            [
              -104.731672423653,
              39.5811565793232
            ],
            [
              -104.732763993056,
              39.5811569661263
            ],
            [
              -104.732504221266,
              39.5815005889432
            ],
            [
              -104.732419675971,
              39.5833911707495
            ],
            [
              -104.731732841115,
              39.583254027664
            ],
            [
              -104.731661441952,
              39.5841143885626
            ],
            [
              -104.731675141682,
              39.5841154835668
            ],
            [
              -104.731690371685,
              39.5841177035597
            ],
            [
              -104.731698144213,
              39.5841192153831
            ],
            [
              -104.731708039378,
              39.5841216221145
            ],
            [
              -104.731722269631,
              39.5841260477739
            ],
            [
              -104.731737143044,
              39.584131812671
            ],
            [
              -104.731746517136,
              39.5841362226902
            ],
            [
              -104.731753883004,
              39.5841400973172
            ],
            [
              -104.731761133565,
              39.5841444124174
            ],
            [
              -104.731770526529,
              39.5841506863912
            ],
            [
              -104.731777369856,
              39.5841558482016
            ],
            [
              -104.731783239379,
              39.5841608227377
            ],
            [
              -104.731792486335,
              39.584169723147
            ],
            [
              -104.731798548412,
              39.5841764868668
            ],
            [
              -104.731803764716,
              39.5841830838066
            ],
            [
              -104.731809106393,
              39.5841908893904
            ],
            [
              -104.731815944651,
              39.5842029978308
            ],
            [
              -104.731821622457,
              39.5842170117315
            ],
            [
              -104.731824823359,
              39.5842283225846
            ],
            [
              -104.731826215451,
              39.5842370841815
            ],
            [
              -104.731827075586,
              39.5842450840119
            ],
            [
              -104.731827207997,
              39.5842527735291
            ],
            [
              -104.731826790063,
              39.5842604388303
            ],
            [
              -104.731826203671,
              39.5842652062015
            ],
            [
              -104.731825412717,
              39.5842703794234
            ],
            [
              -104.7318236234,
              39.5842783681508
            ],
            [
              -104.731821420755,
              39.5842857389155
            ],
            [
              -104.731819100838,
              39.5842920100775
            ],
            [
              -104.731815997083,
              39.584298966798
            ],
            [
              -104.731811020209,
              39.5843082569145
            ],
            [
              -104.731806609454,
              39.5843151827099
            ],
            [
              -104.731802170551,
              39.5843212824366
            ],
            [
              -104.731797466842,
              39.5843270072803
            ],
            [
              -104.731793492183,
              39.5843314093746
            ],
            [
              -104.731788478173,
              39.584336537864
            ],
            [
              -104.731781734792,
              39.5843426953831
            ],
            [
              -104.731775564345,
              39.5843477737962
            ],
            [
              -104.731768989708,
              39.5843526641876
            ],
            [
              -104.731761557902,
              39.5843575796528
            ],
            [
              -104.731753630472,
              39.5843622638292
            ],
            [
              -104.731745091864,
              39.5843667450456
            ],
            [
              -104.731738530412,
              39.5843697862311
            ],
            [
              -104.731732787731,
              39.5843722526735
            ],
            [
              -104.731727970835,
              39.5843741604147
            ],
            [
              -104.731716945312,
              39.5843780254383
            ],
            [
              -104.731708704206,
              39.5843804187984
            ],
            [
              -104.731698162819,
              39.5843830150818
            ],
            [
              -104.731686317808,
              39.5843852904098
            ],
            [
              -104.731676024438,
              39.584386717406
            ],
            [
              -104.731665644289,
              39.5843876752782
            ],
            [
              -104.731656663021,
              39.5843881182962
            ],
            [
              -104.731756713409,
              39.5850500910345
            ],
            [
              -104.732821805935,
              39.5849858556068
            ],
            [
              -104.733875551149,
              39.5858052491901
            ],
            [
              -104.733879133843,
              39.5858021847732
            ],
            [
              -104.733882708449,
              39.5857999760712
            ],
            [
              -104.733885392708,
              39.5857977652349
            ],
            [
              -104.733889205532,
              39.5857951697555
            ],
            [
              -104.733891652865,
              39.5857929997219
            ],
            [
              -104.733893655698,
              39.5857917616601
            ],
            [
              -104.733895226231,
              39.5857907910114
            ],
            [
              -104.733898088466,
              39.5857882631599
            ],
            [
              -104.733900599742,
              39.5857861953405
            ],
            [
              -104.733904171679,
              39.5857838145081
            ],
            [
              -104.733909547063,
              39.5857790468965
            ],
            [
              -104.733913119395,
              39.5857768381787
            ],
            [
              -104.733918492508,
              39.585772070392
            ],
            [
              -104.734751027581,
              39.5862984699895
            ],
            [
              -104.734230921533,
              39.5868934173991
            ],
            [
              -104.734972363528,
              39.5872332150499
            ],
            [
              -104.735546500291,
              39.5872414179353
            ],
            [
              -104.735583001714,
              39.5849521642645
            ],
            [
              -104.737994037198,
              39.5849768828762
            ],
            [
              -104.737942188279,
              39.5876886604194
            ],
            [
              -104.744093687719,
              39.5877162021737
            ],
            [
              -104.744095565644,
              39.5877440056574
            ],
            [
              -104.744096269232,
              39.5877739364417
            ],
            [
              -104.744094787861,
              39.5878509564254
            ],
            [
              -104.744066555089,
              39.5888007991864
            ],
            [
              -104.744055169343,
              39.5891904051453
            ],
            [
              -104.744038267901,
              39.589731490688
            ],
            [
              -104.744029614302,
              39.5897984113136
            ],
            [
              -104.744015800823,
              39.589864806829
            ],
            [
              -104.743986733629,
              39.5899596063203
            ],
            [
              -104.743971275476,
              39.5899990105647
            ],
            [
              -104.743953677924,
              39.5900388154099
            ],
            [
              -104.743892573778,
              39.5901765394913
            ],
            [
              -104.743592363363,
              39.5908514922049
            ],
            [
              -104.743338332451,
              39.5914226041803
            ],
            [
              -104.743288263439,
              39.5915384121555
            ],
            [
              -104.743269783739,
              39.591591417792
            ],
            [
              -104.743256216604,
              39.591641106974
            ],
            [
              -104.74324848242,
              39.5916776784521
            ],
            [
              -104.743243345121,
              39.5917090010328
            ],
            [
              -104.743237795604,
              39.5917609785406
            ],
            [
              -104.743235923183,
              39.5918117410842
            ],
            [
              -104.743237039076,
              39.5918542811719
            ],
            [
              -104.743245544339,
              39.5920088389419
            ],
            [
              -104.743264490812,
              39.5922209952306
            ],
            [
              -104.743300624543,
              39.5926724859351
            ],
            [
              -104.7433063403,
              39.5926995772522
            ],
            [
              -104.743317306694,
              39.5927356459898
            ],
            [
              -104.743330132483,
              39.5927670545986
            ],
            [
              -104.743339594356,
              39.5927862968555
            ],
            [
              -104.743353897768,
              39.5928114205154
            ],
            [
              -104.743365864857,
              39.5928298087658
            ],
            [
              -104.743377972603,
              39.5928465864301
            ],
            [
              -104.743395812719,
              39.5928687128464
            ],
            [
              -104.743417353826,
              39.592892227537
            ],
            [
              -104.743444215946,
              39.5929177825619
            ],
            [
              -104.743468338678,
              39.5929379136688
            ],
            [
              -104.743492632678,
              39.5929559896409
            ],
            [
              -104.743519576438,
              39.5929738492015
            ],
            [
              -104.743546383907,
              39.5929896532427
            ],
            [
              -104.743585919095,
              39.5930100854521
            ],
            [
              -104.744445545496,
              39.593410289683
            ],
            [
              -104.744504773634,
              39.5934416202222
            ],
            [
              -104.744543246582,
              39.5934629972367
            ],
            [
              -104.74459219263,
              39.5934938652566
            ],
            [
              -104.74463823874,
              39.593527301391
            ],
            [
              -104.744670730297,
              39.593553964163
            ],
            [
              -104.744691371508,
              39.5935724568099
            ],
            [
              -104.744720733404,
              39.5936012098427
            ],
            [
              -104.744748112823,
              39.5936311130294
            ],
            [
              -104.744781398493,
              39.5936726333089
            ],
            [
              -104.744803858222,
              39.593704897145
            ],
            [
              -104.744824103461,
              39.5937380267893
            ],
            [
              -104.744847562313,
              39.5937833858466
            ],
            [
              -104.74486243555,
              39.5938181779215
            ],
            [
              -104.744874935893,
              39.5938535249243
            ],
            [
              -104.744885030512,
              39.5938893293222
            ],
            [
              -104.744892684705,
              39.5939254945294
            ],
            [
              -104.744896423248,
              39.5939497529304
            ],
            [
              -104.744897882842,
              39.5939619178499
            ],
            [
              -104.74490060425,
              39.5939985043858
            ],
            [
              -104.74490081996,
              39.5940362773528
            ],
            [
              -104.745085214052,
              39.5877206116853
            ],
            [
              -104.749750744091,
              39.5877408927921
            ],
            [
              -104.749609163497,
              39.5944969636113
            ],
            [
              -104.74959952602,
              39.5949601543434
            ],
            [
              -104.749598595661,
              39.5951257977711
            ],
            [
              -104.747136017893,
              39.5951213720304
            ],
            [
              -104.746246944973,
              39.5951507485519
            ],
            [
              -104.746124379379,
              39.5951510353004
            ],
            [
              -104.746026842828,
              39.5951534041502
            ],
            [
              -104.745941829066,
              39.5951572943139
            ],
            [
              -104.745876400247,
              39.595161452586
            ],
            [
              -104.745808132097,
              39.5951668743936
            ],
            [
              -104.74569321928,
              39.5951785249497
            ],
            [
              -104.745630138646,
              39.5951862794346
            ],
            [
              -104.745542871067,
              39.5951986129131
            ],
            [
              -104.745464442217,
              39.5952113137873
            ],
            [
              -104.745143619399,
              39.5956069440408
            ],
            [
              -104.744637133369,
              39.5956044229053
            ],
            [
              -104.744632280323,
              39.5961700255528
            ],
            [
              -104.744277421927,
              39.5961680791501
            ],
            [
              -104.742769538411,
              39.5959716482508
            ],
            [
              -104.741528337291,
              39.5958913802057
            ],
            [
              -104.74070035325,
              39.5958311056521
            ],
            [
              -104.740345734206,
              39.5960219557468
            ],
            [
              -104.740268502344,
              39.5962477197055
            ],
            [
              -104.740247109812,
              39.5963122328124
            ],
            [
              -104.73978970901,
              39.5970949891912
            ],
            [
              -104.740464268467,
              39.5973965646244
            ],
            [
              -104.740449866405,
              39.5974156886838
            ],
            [
              -104.740448953304,
              39.5974180841904
            ],
            [
              -104.740435448457,
              39.5974361863357
            ],
            [
              -104.740434310894,
              39.5974388803471
            ],
            [
              -104.740425533412,
              39.5974507087019
            ],
            [
              -104.74042462031,
              39.5974531042083
            ],
            [
              -104.740418973309,
              39.5974607717937
            ],
            [
              -104.740417099296,
              39.5974633159368
            ],
            [
              -104.74041293231,
              39.5974696499215
            ],
            [
              -104.740145100537,
              39.5978781016401
            ],
            [
              -104.740089228642,
              39.5979639117564
            ],
            [
              -104.740070123182,
              39.5979906383282
            ],
            [
              -104.740050880471,
              39.5980158434494
            ],
            [
              -104.740021538901,
              39.5980529530364
            ],
            [
              -104.740007715378,
              39.5980692705859
            ],
            [
              -104.739986597598,
              39.5980929080043
            ],
            [
              -104.739974495104,
              39.5981054336133
            ],
            [
              -104.739946786262,
              39.5981341130883
            ],
            [
              -104.739943094284,
              39.5981376605477
            ],
            [
              -104.739923553176,
              39.5981568513158
            ],
            [
              -104.739903806337,
              39.5981747220257
            ],
            [
              -104.73987093192,
              39.5982035553395
            ],
            [
              -104.739840385528,
              39.5982286647214
            ],
            [
              -104.739811530316,
              39.5982509280229
            ],
            [
              -104.739803820754,
              39.5982570129253
            ],
            [
              -104.739797327261,
              39.5982616476253
            ],
            [
              -104.739745759308,
              39.5982977197727
            ],
            [
              -104.739731452714,
              39.598307143465
            ],
            [
              -104.739664403511,
              39.5983482865231
            ],
            [
              -104.739623545578,
              39.5983711609868
            ],
            [
              -104.73958489873,
              39.5983912314069
            ],
            [
              -104.739516169194,
              39.5984241198808
            ],
            [
              -104.739468450827,
              39.5984446368217
            ],
            [
              -104.739441571405,
              39.598455262615
            ],
            [
              -104.739395436109,
              39.5984723867001
            ],
            [
              -104.739322659965,
              39.5984964684421
            ],
            [
              -104.73926282912,
              39.5985138596463
            ],
            [
              -104.739240002966,
              39.5985198504159
            ],
            [
              -104.739176113461,
              39.5985349615309
            ],
            [
              -104.739112011467,
              39.5985478500838
            ],
            [
              -104.739051770091,
              39.5985578749569
            ],
            [
              -104.739005675715,
              39.5985641083416
            ],
            [
              -104.738943212863,
              39.598570677969
            ],
            [
              -104.738879809174,
              39.5985754255839
            ],
            [
              -104.738815216137,
              39.598577970353
            ],
            [
              -104.738737274528,
              39.5985810203148
            ],
            [
              -104.738659229721,
              39.5985781121292
            ],
            [
              -104.738582105576,
              39.5985721184044
            ],
            [
              -104.73850413309,
              39.5985628613122
            ],
            [
              -104.738427964087,
              39.5985506982769
            ],
            [
              -104.738377499321,
              39.5985407582992
            ],
            [
              -104.738303161281,
              39.5985232899757
            ],
            [
              -104.738229744383,
              39.5985029056781
            ],
            [
              -104.738157246257,
              39.5984796151407
            ],
            [
              -104.738087436602,
              39.5984534189808
            ],
            [
              -104.738041507552,
              39.5984344181722
            ],
            [
              -104.737974417314,
              39.5984034378832
            ],
            [
              -104.737887957826,
              39.598358261364
            ],
            [
              -104.737846525087,
              39.5983337967891
            ],
            [
              -104.737786611909,
              39.5982953140314
            ],
            [
              -104.737681007397,
              39.5982160372577
            ],
            [
              -104.737609362109,
              39.5982775168167
            ],
            [
              -104.736793356834,
              39.5976029585365
            ],
            [
              -104.736716939086,
              39.5976571284747
            ],
            [
              -104.736436511312,
              39.5978355241698
            ],
            [
              -104.736016803906,
              39.5980604064769
            ],
            [
              -104.735532996326,
              39.5984034961728
            ],
            [
              -104.735487955264,
              39.5984475157032
            ],
            [
              -104.73456091717,
              39.5993534722594
            ],
            [
              -104.734325757697,
              39.5999217838054
            ],
            [
              -104.733930768691,
              39.6004964033519
            ],
            [
              -104.733158344491,
              39.6012001839369
            ],
            [
              -104.733012801818,
              39.6014200375324
            ],
            [
              -104.732678814217,
              39.6021264695123
            ],
            [
              -104.733574969499,
              39.6020304851497
            ],
            [
              -104.734110140605,
              39.6029382996735
            ],
            [
              -104.734064642007,
              39.6029461807027
            ],
            [
              -104.734029424392,
              39.6029536929804
            ],
            [
              -104.734091791392,
              39.6031110080035
            ],
            [
              -104.734112438084,
              39.6031065589327
            ],
            [
              -104.734136628475,
              39.603102191298
            ],
            [
              -104.734320989305,
              39.6030752833765
            ],
            [
              -104.734612565859,
              39.6038385318749
            ],
            [
              -104.734176256678,
              39.6052780314792
            ],
            [
              -104.734349116817,
              39.6053742800278
            ],
            [
              -104.734421064138,
              39.6054887543391
            ],
            [
              -104.734516652175,
              39.6054617977538
            ],
            [
              -104.734565311076,
              39.6054488399646
            ],
            [
              -104.734607446854,
              39.6054380975443
            ],
            [
              -104.734670108835,
              39.6054229304033
            ],
            [
              -104.734719461872,
              39.6054116569568
            ],
            [
              -104.734757039077,
              39.6054034635703
            ],
            [
              -104.734818763804,
              39.6053907330408
            ],
            [
              -104.7348704187,
              39.605380763366
            ],
            [
              -104.734899768977,
              39.6053753773451
            ],
            [
              -104.734932641418,
              39.6053695754344
            ],
            [
              -104.734969054939,
              39.6053634416524
            ],
            [
              -104.735002066352,
              39.6053581379446
            ],
            [
              -104.735053815298,
              39.6053503225102
            ],
            [
              -104.735097969642,
              39.6053441266045
            ],
            [
              -104.735134707864,
              39.6053393054569
            ],
            [
              -104.735161743112,
              39.6053359434204
            ],
            [
              -104.735183789962,
              39.6053333244308
            ],
            [
              -104.735213642246,
              39.6053299474885
            ],
            [
              -104.73524460676,
              39.6053266516118
            ],
            [
              -104.735258707753,
              39.6053251832472
            ],
            [
              -104.735263935438,
              39.6053243968435
            ],
            [
              -104.73526737988,
              39.6053237381787
            ],
            [
              -104.735274152561,
              39.6053221070317
            ],
            [
              -104.735280737665,
              39.605320057409
            ],
            [
              -104.735287091987,
              39.6053176109226
            ],
            [
              -104.735291680392,
              39.605315522409
            ],
            [
              -104.735296096485,
              39.6053132263037
            ],
            [
              -104.735300327399,
              39.605310728116
            ],
            [
              -104.735303035297,
              39.6053089533619
            ],
            [
              -104.7353069238,
              39.6053061405232
            ],
            [
              -104.735311755711,
              39.6053021213776
            ],
            [
              -104.735314011006,
              39.6053000012115
            ],
            [
              -104.735315810081,
              39.6052981717985
            ],
            [
              -104.735317181613,
              39.6052966937322
            ],
            [
              -104.735318181245,
              39.605295560663
            ],
            [
              -104.735321004706,
              39.6052920698629
            ],
            [
              -104.735322733109,
              39.6052896725178
            ],
            [
              -104.73532397035,
              39.6052877962988
            ],
            [
              -104.735325368391,
              39.6052854958825
            ],
            [
              -104.735326500154,
              39.60528345949
            ],
            [
              -104.735327328296,
              39.6052818345394
            ],
            [
              -104.735328089969,
              39.6052802235385
            ],
            [
              -104.735329448978,
              39.6052769915173
            ],
            [
              -104.735330391955,
              39.6052743440752
            ],
            [
              -104.735331161361,
              39.6052717945827
            ],
            [
              -104.735331861611,
              39.6052689745675
            ],
            [
              -104.735332281949,
              39.6052668362208
            ],
            [
              -104.735332562795,
              39.6052651194935
            ],
            [
              -104.735332749199,
              39.605263709139
            ],
            [
              -104.735332867267,
              39.6052625984556
            ],
            [
              -104.73533303212,
              39.605260510702
            ],
            [
              -104.735333086947,
              39.6052594211807
            ],
            [
              -104.735333116281,
              39.6052574848401
            ],
            [
              -104.735333092547,
              39.605255811994
            ],
            [
              -104.73533299447,
              39.6052537946011
            ],
            [
              -104.735332755042,
              39.6052511925157
            ],
            [
              -104.735333692644,
              39.605256101475
            ],
            [
              -104.735335622676,
              39.6052662157116
            ],
            [
              -104.735339383551,
              39.6052859150597
            ],
            [
              -104.735341929539,
              39.6052992471692
            ],
            [
              -104.735369031365,
              39.6054411977759
            ],
            [
              -104.735343834998,
              39.6054439871023
            ],
            [
              -104.735319282367,
              39.6054469095785
            ],
            [
              -104.735258080124,
              39.6054550870589
            ],
            [
              -104.735211066021,
              39.605462237142
            ],
            [
              -104.735167713841,
              39.6054695120523
            ],
            [
              -104.735121094295,
              39.6054780680871
            ],
            [
              -104.735081565524,
              39.6054859289468
            ],
            [
              -104.735050754495,
              39.6054924450765
            ],
            [
              -104.735021759541,
              39.6054988918461
            ],
            [
              -104.734943864851,
              39.6055177638096
            ],
            [
              -104.734875180796,
              39.6055363165094
            ],
            [
              -104.734815496274,
              39.6055539405235
            ],
            [
              -104.734745043965,
              39.6055766060644
            ],
            [
              -104.734677051893,
              39.6056001468739
            ],
            [
              -104.734454509167,
              39.6056846834992
            ],
            [
              -104.734283163797,
              39.6057470566472
            ],
            [
              -104.734110435539,
              39.6058071038169
            ],
            [
              -104.733936378077,
              39.6058648100112
            ],
            [
              -104.733761042037,
              39.6059201566973
            ],
            [
              -104.733584488155,
              39.6059731263676
            ],
            [
              -104.733406760648,
              39.6060237010873
            ],
            [
              -104.733088594421,
              39.6061075351645
            ],
            [
              -104.733093433148,
              39.606178438412
            ],
            [
              -104.733006458405,
              39.6062000339438
            ],
            [
              -104.732800853088,
              39.6062479197588
            ],
            [
              -104.732681247429,
              39.6062739191609
            ],
            [
              -104.732625899633,
              39.6062855417116
            ],
            [
              -104.732542119733,
              39.6063004473541
            ],
            [
              -104.732433505522,
              39.6063157445173
            ],
            [
              -104.732355879814,
              39.6063245588052
            ],
            [
              -104.732277671796,
              39.6063307166123
            ],
            [
              -104.732212539983,
              39.60633468022
            ],
            [
              -104.7321601182,
              39.606336401871
            ],
            [
              -104.732042340869,
              39.6063373207675
            ],
            [
              -104.731963978281,
              39.6063355579992
            ],
            [
              -104.731885512044,
              39.606331124938
            ],
            [
              -104.731768471079,
              39.6063209268231
            ],
            [
              -104.731652399789,
              39.6063062800176
            ],
            [
              -104.731488608341,
              39.6062792543485
            ],
            [
              -104.731400224771,
              39.6062630779065
            ],
            [
              -104.731326262849,
              39.6062481037273
            ],
            [
              -104.731187285778,
              39.6062178246691
            ],
            [
              -104.731087831998,
              39.606191961898
            ],
            [
              -104.730972894274,
              39.6061618687377
            ],
            [
              -104.730848623735,
              39.6061267566727
            ],
            [
              -104.730693464301,
              39.6060784256018
            ],
            [
              -104.730542768317,
              39.6060266998788
            ],
            [
              -104.730390163945,
              39.6059693426667
            ],
            [
              -104.730301588778,
              39.6059335218714
            ],
            [
              -104.730218818581,
              39.605898435174
            ],
            [
              -104.730118605155,
              39.6058537700237
            ],
            [
              -104.730046819085,
              39.6058202108841
            ],
            [
              -104.730037456179,
              39.6058319662132
            ],
            [
              -104.72993684459,
              39.605782744296
            ],
            [
              -104.729861847979,
              39.6057439856276
            ],
            [
              -104.729715214688,
              39.6056663676103
            ],
            [
              -104.728481237829,
              39.60501266988
            ],
            [
              -104.728491275128,
              39.6050013350771
            ],
            [
              -104.728042720078,
              39.6047636527358
            ],
            [
              -104.727938482564,
              39.6047076874567
            ],
            [
              -104.727872616385,
              39.6046703936504
            ],
            [
              -104.727803624351,
              39.6046294537262
            ],
            [
              -104.727744105338,
              39.6045925202343
            ],
            [
              -104.727596382961,
              39.6044938431352
            ],
            [
              -104.727478067052,
              39.6044068408955
            ],
            [
              -104.727374743797,
              39.604324273356
            ],
            [
              -104.727386006873,
              39.6043163392384
            ],
            [
              -104.727356937698,
              39.6042895122636
            ],
            [
              -104.727318967915,
              39.6042544711615
            ],
            [
              -104.727279402081,
              39.6042160656883
            ],
            [
              -104.727240704012,
              39.6041771296007
            ],
            [
              -104.727202893413,
              39.6041376745354
            ],
            [
              -104.727165975905,
              39.6040977152324
            ],
            [
              -104.726068744805,
              39.6028879082887
            ],
            [
              -104.725842781367,
              39.6026468998444
            ],
            [
              -104.725429654781,
              39.6022062614578
            ],
            [
              -104.725422451637,
              39.6021985785519
            ],
            [
              -104.725386466268,
              39.6021668957452
            ],
            [
              -104.725384023845,
              39.6021648526487
            ],
            [
              -104.725349400239,
              39.6021356494213
            ],
            [
              -104.725346916095,
              39.6021336431239
            ],
            [
              -104.725311628628,
              39.6021049213175
            ],
            [
              -104.725309095356,
              39.6021029492134
            ],
            [
              -104.725273157297,
              39.6020747044403
            ],
            [
              -104.725270591401,
              39.6020727685561
            ],
            [
              -104.725234017497,
              39.6020450124191
            ],
            [
              -104.725231410728,
              39.6020431114217
            ],
            [
              -104.725194211628,
              39.6020158523005
            ],
            [
              -104.725191567243,
              39.602013990686
            ],
            [
              -104.725153755263,
              39.6019872356925
            ],
            [
              -104.725151070818,
              39.6019854102486
            ],
            [
              -104.725112663191,
              39.6019591703629
            ],
            [
              -104.725109937011,
              39.6019573829963
            ],
            [
              -104.725070647253,
              39.6019319350298
            ],
            [
              -104.725028090426,
              39.6019043707456
            ],
            [
              -104.724928446641,
              39.6018565184258
            ],
            [
              -104.724826309659,
              39.6018094428421
            ],
            [
              -104.724723124582,
              39.6017637563185
            ],
            [
              -104.72461892603,
              39.6017194661125
            ],
            [
              -104.724513745186,
              39.6016765916042
            ],
            [
              -104.72440760922,
              39.6016351412804
            ],
            [
              -104.724300559265,
              39.6015951313911
            ],
            [
              -104.72419261831,
              39.60155657487
            ],
            [
              -104.724083830077,
              39.6015194777569
            ],
            [
              -104.723974217499,
              39.6014838580993
            ],
            [
              -104.723833882302,
              39.6014407628054
            ],
            [
              -104.723686369269,
              39.601414427212
            ],
            [
              -104.723537387206,
              39.601393620869
            ],
            [
              -104.723387282223,
              39.601378392113
            ],
            [
              -104.723236403039,
              39.6013687763229
            ],
            [
              -104.723085100171,
              39.6013647958378
            ],
            [
              -104.722933725119,
              39.6013664599049
            ],
            [
              -104.722782629551,
              39.6013737646586
            ],
            [
              -104.722630654772,
              39.6013868517352
            ],
            [
              -104.722479683451,
              39.6014056452387
            ],
            [
              -104.722330073412,
              39.6014301006254
            ],
            [
              -104.722182179254,
              39.6014601599325
            ],
            [
              -104.722036351512,
              39.6014957519147
            ],
            [
              -104.719095021483,
              39.6022721598477
            ],
            [
              -104.718816610634,
              39.6023456461136
            ],
            [
              -104.718643237866,
              39.6023879828948
            ],
            [
              -104.718467347006,
              39.6024235656926
            ],
            [
              -104.718289377456,
              39.6024523056157
            ],
            [
              -104.71810977381,
              39.6024741308672
            ],
            [
              -104.717928984747,
              39.6024889869241
            ],
            [
              -104.717747461907,
              39.6024968366736
            ],
            [
              -104.717565658767,
              39.6024976605057
            ],
            [
              -104.7173840295,
              39.6024914563624
            ],
            [
              -104.717203027847,
              39.6024782397427
            ],
            [
              -104.71674534476,
              39.6024367339144
            ],
            [
              -104.71665921759,
              39.6094325117528
            ],
            [
              -104.716801191297,
              39.6094331361086
            ],
            [
              -104.716722883053,
              39.6166912157231
            ],
            [
              -104.707247736017,
              39.6166758610331
            ],
            [
              -104.707217235365,
              39.6239369693617
            ],
            [
              -104.714019525371,
              39.6239478334737
            ],
            [
              -104.716359770334,
              39.6239514795571
            ],
            [
              -104.716297452989,
              39.6294126828464
            ],
            [
              -104.712889152184,
              39.6294038259125
            ],
            [
              -104.71286459657,
              39.6315459790866
            ],
            [
              -104.710916984166,
              39.6315407945788
            ],
            [
              -104.710918454839,
              39.6312092112324
            ],
            [
              -104.707170718257,
              39.6311991922297
            ],
            [
              -104.697696834519,
              39.631173335102
            ],
            [
              -104.697760622691,
              39.6265035239714
            ],
            [
              -104.694215561153,
              39.6265063472581
            ],
            [
              -104.691615808804,
              39.6238174799721
            ],
            [
              -104.691622932774,
              39.62311700155
            ],
            [
              -104.683471350247,
              39.6231398724035
            ],
            [
              -104.683458340391,
              39.6203316567404
            ],
            [
              -104.679156484009,
              39.6203443610133
            ],
            [
              -104.67915851855,
              39.6239600597554
            ],
            [
              -104.679016746452,
              39.6382152283612
            ],
            [
              -104.683909914988,
              39.6382123912021
            ],
            [
              -104.683905408201,
              39.6345678105495
            ],
            [
              -104.686525092845,
              39.6345658501589
            ],
            [
              -104.686529736163,
              39.6382107893189
            ],
            [
              -104.694568941355,
              39.6382056277705
            ],
            [
              -104.697762074468,
              39.6382034408149
            ],
            [
              -104.69776271204,
              39.6382720664071
            ],
            [
              -104.713563265455,
              39.6383894765815
            ],
            [
              -104.71633664568,
              39.638409903952
            ],
            [
              -104.71881796874,
              39.6384075931469
            ],
            [
              -104.722833840139,
              39.6384037419092
            ],
            [
              -104.725711950699,
              39.6384008973626
            ],
            [
              -104.735097294513,
              39.6383932554997
            ],
            [
              -104.753817378276,
              39.6384301655697
            ],
            [
              -104.760489819112,
              39.6384418708817
            ],
            [
              -104.760516869891,
              39.6363467079561
            ],
            [
              -104.760511261737,
              39.6362093887067
            ],
            [
              -104.760482188917,
              39.6356008649354
            ],
            [
              -104.760483934612,
              39.6349000792933
            ],
            [
              -104.760835288486,
              39.6342653097609
            ],
            [
              -104.761563008214,
              39.6344973677134
            ],
            [
              -104.761618965175,
              39.6345157528295
            ],
            [
              -104.761705680043,
              39.6345461937932
            ],
            [
              -104.761800118928,
              39.6345823378972
            ],
            [
              -104.761896546703,
              39.6346225593603
            ],
            [
              -104.761993920397,
              39.6346668869424
            ],
            [
              -104.762121480222,
              39.634730799149
            ],
            [
              -104.762207894314,
              39.6347782723423
            ],
            [
              -104.762289194458,
              39.6348262988834
            ],
            [
              -104.76237401877,
              39.6348800732785
            ],
            [
              -104.762487756281,
              39.6349588649246
            ],
            [
              -104.762535776213,
              39.6349931110035
            ],
            [
              -104.762609199723,
              39.6350524342969
            ],
            [
              -104.762680802402,
              39.6351128907935
            ],
            [
              -104.762743415958,
              39.6351694042394
            ],
            [
              -104.762801099017,
              39.635224978067
            ],
            [
              -104.762877277007,
              39.6353038371153
            ],
            [
              -104.762950191309,
              39.6353870071304
            ],
            [
              -104.763001395704,
              39.6354470923939
            ],
            [
              -104.763067132444,
              39.6355374195227
            ],
            [
              -104.763121689806,
              39.6356190585765
            ],
            [
              -104.763175560719,
              39.6357057200977
            ],
            [
              -104.763229838192,
              39.6358060670542
            ],
            [
              -104.763257256581,
              39.6358609147096
            ],
            [
              -104.763284606888,
              39.633794628051
            ],
            [
              -104.763315123638,
              39.6314410209443
            ],
            [
              -104.763410847899,
              39.6240142920991
            ],
            [
              -104.786370994506,
              39.6239878333952
            ],
            [
              -104.791539893329,
              39.6260340718083
            ],
            [
              -104.791334295457,
              39.6459740847737
            ],
            [
              -104.790590382227,
              39.6459653159286
            ],
            [
              -104.788951016523,
              39.645944691816
            ],
            [
              -104.788672094247,
              39.6459314753609
            ],
            [
              -104.78857692301,
              39.6459263532923
            ],
            [
              -104.788374031716,
              39.6459045729565
            ],
            [
              -104.788176320958,
              39.6458762205791
            ],
            [
              -104.787937314322,
              39.645831306515
            ],
            [
              -104.787793626656,
              39.6457977431742
            ],
            [
              -104.787731695016,
              39.6457833059078
            ],
            [
              -104.787531066208,
              39.6457276194129
            ],
            [
              -104.787329491682,
              39.6456619236289
            ],
            [
              -104.787116343082,
              39.6455826013241
            ],
            [
              -104.786922804015,
              39.6454996938637
            ],
            [
              -104.786720370506,
              39.6454005460896
            ],
            [
              -104.786559982759,
              39.6453140869031
            ],
            [
              -104.786437417342,
              39.6452397404696
            ],
            [
              -104.786356290813,
              39.6451882301052
            ],
            [
              -104.786224060752,
              39.6450984708412
            ],
            [
              -104.786071176066,
              39.6449853393403
            ],
            [
              -104.785917376665,
              39.6448580490884
            ],
            [
              -104.784983841724,
              39.6440426452814
            ],
            [
              -104.784404592537,
              39.6435535830498
            ],
            [
              -104.784157879018,
              39.6436763292889
            ],
            [
              -104.784163276411,
              39.643688198333
            ],
            [
              -104.784899676507,
              39.6453075167087
            ],
            [
              -104.784891375993,
              39.6453187970533
            ],
            [
              -104.784159723886,
              39.6463131032831
            ],
            [
              -104.784165858318,
              39.6463145368538
            ],
            [
              -104.78598936901,
              39.646740662775
            ],
            [
              -104.785973017835,
              39.646755585889
            ],
            [
              -104.78567870803,
              39.6470241894692
            ],
            [
              -104.78540898695,
              39.6474427361224
            ],
            [
              -104.785112624317,
              39.6481733888013
            ],
            [
              -104.784436406363,
              39.6480087667539
            ],
            [
              -104.784430349818,
              39.6480067139563
            ],
            [
              -104.784424315351,
              39.648005476609
            ],
            [
              -104.784418662422,
              39.6480049755608
            ],
            [
              -104.784413789423,
              39.6480050233918
            ],
            [
              -104.784409817108,
              39.6480053937568
            ],
            [
              -104.784406488374,
              39.6480059598046
            ],
            [
              -104.784403317351,
              39.6480067097875
            ],
            [
              -104.784400187346,
              39.6480076743161
            ],
            [
              -104.784397252388,
              39.6480088102229
            ],
            [
              -104.78439166668,
              39.6480116729614
            ],
            [
              -104.784389040185,
              39.6480134133643
            ],
            [
              -104.784386659342,
              39.648015288539
            ],
            [
              -104.784384549056,
              39.6480172482992
            ],
            [
              -104.784382602449,
              39.6480193945876
            ],
            [
              -104.784380768067,
              39.648021826968
            ],
            [
              -104.784379423224,
              39.6480240328521
            ],
            [
              -104.784378186685,
              39.64802658505
            ],
            [
              -104.784377274903,
              39.6480290556486
            ],
            [
              -104.784371570759,
              39.6480455896301
            ],
            [
              -104.784370845792,
              39.6480475586253
            ],
            [
              -104.784277904904,
              39.6482775614839
            ],
            [
              -104.78421957345,
              39.6482970518407
            ],
            [
              -104.784169565943,
              39.6484221724603
            ],
            [
              -104.783345213727,
              39.6484418979041
            ],
            [
              -104.783345318477,
              39.6484590812245
            ],
            [
              -104.783351145176,
              39.6494149551148
            ],
            [
              -104.78334548104,
              39.6494149747461
            ],
            [
              -104.782440580085,
              39.6494181194342
            ],
            [
              -104.782334674326,
              39.649681645583
            ],
            [
              -104.782265459747,
              39.6498537852001
            ],
            [
              -104.782239060798,
              39.6499140524103
            ],
            [
              -104.782209990577,
              39.649978947337
            ],
            [
              -104.782168534903,
              39.6500645550735
            ],
            [
              -104.782138027181,
              39.6501210807779
            ],
            [
              -104.782106942045,
              39.6501789197241
            ],
            [
              -104.782016059718,
              39.6503278298183
            ],
            [
              -104.78191984225,
              39.6504684754582
            ],
            [
              -104.781807424183,
              39.650611109197
            ],
            [
              -104.781685192004,
              39.6507491375567
            ],
            [
              -104.781631237009,
              39.6508034481117
            ],
            [
              -104.781553780733,
              39.650881490353
            ],
            [
              -104.781412267277,
              39.6510088990834
            ],
            [
              -104.781279893678,
              39.6511157660373
            ],
            [
              -104.780862151244,
              39.6514358920758
            ],
            [
              -104.780507388988,
              39.6517071167122
            ],
            [
              -104.780457114958,
              39.6517455515666
            ],
            [
              -104.780348235735,
              39.6518328984996
            ],
            [
              -104.780270449147,
              39.6519014279796
            ],
            [
              -104.780212999875,
              39.6519545113992
            ],
            [
              -104.780158555781,
              39.6520101908214
            ],
            [
              -104.78010404579,
              39.6520659175953
            ],
            [
              -104.780036368595,
              39.6521410976852
            ],
            [
              -104.77999297406,
              39.6521951658303
            ],
            [
              -104.779950080074,
              39.6522485966947
            ],
            [
              -104.779871267039,
              39.6523593002733
            ],
            [
              -104.779752121394,
              39.6525607283386
            ],
            [
              -104.779604321776,
              39.6528420606485
            ],
            [
              -104.779566719916,
              39.6529094265096
            ],
            [
              -104.779429503199,
              39.6530565890721
            ],
            [
              -104.77246480447,
              39.6530400952175
            ],
            [
              -104.767870109207,
              39.6530134437219
            ],
            [
              -104.763728226262,
              39.6529894512709
            ],
            [
              -104.759572876168,
              39.6529794674173
            ],
            [
              -104.754245380069,
              39.6529717542017
            ],
            [
              -104.754280121794,
              39.6487356535007
            ]
          ],
          [
            [
              -104.715858581889,
              39.6014402455153
            ],
            [
              -104.716102252985,
              39.601095405018
            ],
            [
              -104.716327218555,
              39.601033357143
            ],
            [
              -104.716588715452,
              39.60038785529
            ],
            [
              -104.716773528019,
              39.6003874113813
            ],
            [
              -104.716771674029,
              39.6005401205584
            ],
            [
              -104.717357161779,
              39.6005490100767
            ],
            [
              -104.71737890597,
              39.6006610700341
            ],
            [
              -104.717514058346,
              39.6013575748594
            ],
            [
              -104.717516735837,
              39.6013562202805
            ],
            [
              -104.717519411428,
              39.6013550363624
            ],
            [
              -104.717522087259,
              39.6013536824115
            ],
            [
              -104.717524762024,
              39.6013524984878
            ],
            [
              -104.717527436767,
              39.6013513164815
            ],
            [
              -104.717530111531,
              39.6013501325576
            ],
            [
              -104.717532783547,
              39.6013491212066
            ],
            [
              -104.717535459138,
              39.6013479372881
            ],
            [
              -104.717538131987,
              39.6013469253033
            ],
            [
              -104.717541693059,
              39.6013459198758
            ],
            [
              -104.717544365909,
              39.6013449078909
            ],
            [
              -104.717547036837,
              39.6013440684842
            ],
            [
              -104.717549708612,
              39.6013432271655
            ],
            [
              -104.717553266943,
              39.6013423936715
            ],
            [
              -104.717555937864,
              39.6013415549038
            ],
            [
              -104.717558609646,
              39.6013407129457
            ],
            [
              -104.717561278659,
              39.601340045478
            ],
            [
              -104.71756483509,
              39.6013393826445
            ],
            [
              -104.71756750495,
              39.6013387132646
            ],
            [
              -104.717570173956,
              39.6013380464359
            ],
            [
              -104.717573726001,
              39.6013375548856
            ],
            [
              -104.717576396419,
              39.6013370581004
            ],
            [
              -104.717579948449,
              39.6013365678283
            ],
            [
              -104.717582615569,
              39.6013360703818
            ],
            [
              -104.717586170911,
              39.6013355794924
            ],
            [
              -104.717588836131,
              39.6013352527066
            ],
            [
              -104.717591502155,
              39.6013349278438
            ],
            [
              -104.717595053952,
              39.6013346069648
            ],
            [
              -104.717597718055,
              39.6013344546802
            ],
            [
              -104.71760126959,
              39.6013343057513
            ],
            [
              -104.717603932888,
              39.6013341515435
            ],
            [
              -104.717607481923,
              39.6013340045154
            ],
            [
              -104.7176101477,
              39.601333850324
            ],
            [
              -104.717613694828,
              39.6013338745958
            ],
            [
              -104.717616356211,
              39.601333892327
            ],
            [
              -104.717619905825,
              39.6013339159759
            ],
            [
              -104.717622564475,
              39.6013341050015
            ],
            [
              -104.717626114915,
              39.6013341286557
            ],
            [
              -104.717628774392,
              39.6013343176867
            ],
            [
              -104.717632321265,
              39.6013345132689
            ],
            [
              -104.717634978835,
              39.6013348735999
            ],
            [
              -104.717638524049,
              39.6013350698101
            ],
            [
              -104.717641184076,
              39.6013354320749
            ],
            [
              -104.717644725482,
              39.6013359702459
            ],
            [
              -104.717647383052,
              39.6013363305765
            ],
            [
              -104.717650038708,
              39.6013368628463
            ],
            [
              -104.717653585334,
              39.6013372290997
            ],
            [
              -104.717656240164,
              39.6013377613639
            ],
            [
              -104.717659782128,
              39.6013384721293
            ],
            [
              -104.717662437777,
              39.601339005038
            ],
            [
              -104.717665091519,
              39.6013397092467
            ],
            [
              -104.717668633505,
              39.6013404180943
            ],
            [
              -104.71767128724,
              39.601341122942
            ],
            [
              -104.717673939082,
              39.6013419978114
            ],
            [
              -104.717677479132,
              39.6013428805155
            ],
            [
              -104.717680130975,
              39.6013437553847
            ],
            [
              -104.71768278281,
              39.601344630893
            ],
            [
              -104.717685434631,
              39.6013455076797
            ],
            [
              -104.71768897279,
              39.6013465604051
            ],
            [
              -104.717691621885,
              39.601347607847
            ],
            [
              -104.717694272633,
              39.6013486552998
            ],
            [
              -104.717696922561,
              39.6013497021079
            ],
            [
              -104.717699570569,
              39.6013509214943
            ],
            [
              -104.717702220491,
              39.6013519689414
            ],
            [
              -104.71770486852,
              39.6013531864102
            ],
            [
              -104.717707514614,
              39.6013545777356
            ],
            [
              -104.717710162643,
              39.6013557952043
            ],
            [
              -104.717712810644,
              39.6013570152295
            ],
            [
              -104.71771545676,
              39.6013584046373
            ],
            [
              -104.717718102854,
              39.6013597959625
            ],
            [
              -104.717720748963,
              39.6013611860093
            ],
            [
              -104.717722509059,
              39.6013627421059
            ],
            [
              -104.717725154328,
              39.6013641334254
            ],
            [
              -104.717727798523,
              39.6013656954113
            ],
            [
              -104.717730442718,
              39.6013672573971
            ],
            [
              -104.717732197857,
              39.6013688134605
            ],
            [
              -104.717734842878,
              39.6013703754518
            ],
            [
              -104.717736597777,
              39.6013721015478
            ],
            [
              -104.717739242545,
              39.60137383485
            ],
            [
              -104.717740996582,
              39.6013755641363
            ],
            [
              -104.717743638864,
              39.601377298061
            ],
            [
              -104.717745392937,
              39.6013790241514
            ],
            [
              -104.717748035212,
              39.6013807587152
            ],
            [
              -104.717749790677,
              39.6013826567668
            ],
            [
              -104.717751544722,
              39.6013843854138
            ],
            [
              -104.717753296881,
              39.6013862834433
            ],
            [
              -104.717755939722,
              39.6013881899627
            ],
            [
              -104.717757692708,
              39.6013900879976
            ],
            [
              -104.717759444839,
              39.6013919885837
            ],
            [
              -104.71776119755,
              39.6013940598472
            ],
            [
              -104.717762947549,
              39.6013963004876
            ],
            [
              -104.718338042192,
              39.6012235703479
            ],
            [
              -104.718339823546,
              39.6012230676276
            ],
            [
              -104.718341603254,
              39.601222564257
            ],
            [
              -104.718344278818,
              39.6012213809592
            ],
            [
              -104.718346059353,
              39.6012208775941
            ],
            [
              -104.718347838227,
              39.6012203748572
            ],
            [
              -104.718349619848,
              39.6012196995472
            ],
            [
              -104.71835140202,
              39.6012191974714
            ],
            [
              -104.718354075925,
              39.6012180148015
            ],
            [
              -104.718355857538,
              39.6012173401307
            ],
            [
              -104.718357637506,
              39.6012166648097
            ],
            [
              -104.718360317447,
              39.6012153108672
            ],
            [
              -104.718362099067,
              39.6012146355571
            ],
            [
              -104.718364775703,
              39.6012132815924
            ],
            [
              -104.718366556497,
              39.6012126062767
            ],
            [
              -104.718368340596,
              39.601211930983
            ],
            [
              -104.718371019144,
              39.601210405079
            ],
            [
              -104.718373697699,
              39.6012088785357
            ],
            [
              -104.718375480384,
              39.6012080331982
            ],
            [
              -104.718378158939,
              39.6012065066548
            ],
            [
              -104.718379944929,
              39.6012056613392
            ],
            [
              -104.718382624569,
              39.601203962851
            ],
            [
              -104.71838530587,
              39.6012022637345
            ],
            [
              -104.718387986337,
              39.6012005652516
            ],
            [
              -104.718390668695,
              39.601198696747
            ],
            [
              -104.718393351059,
              39.6011968276031
            ],
            [
              -104.718396034272,
              39.6011949565471
            ],
            [
              -104.718397816956,
              39.6011941112093
            ],
            [
              -104.718399615483,
              39.6011920642306
            ],
            [
              -104.718402298667,
              39.6011901957313
            ],
            [
              -104.718404982964,
              39.6011881527303
            ],
            [
              -104.718406779839,
              39.6011861057406
            ],
            [
              -104.718408566921,
              39.6011850878407
            ],
            [
              -104.718410364041,
              39.6011828701789
            ],
            [
              -104.718412149463,
              39.6011818529071
            ],
            [
              -104.718413948816,
              39.6011798059338
            ],
            [
              -104.718415746783,
              39.60117758636
            ],
            [
              -104.718417534117,
              39.6011763971488
            ],
            [
              -104.718419334563,
              39.6011741775915
            ],
            [
              -104.718421133328,
              39.6011719605798
            ],
            [
              -104.718422933207,
              39.6011695690666
            ],
            [
              -104.718424734458,
              39.6011673514323
            ],
            [
              -104.718426534337,
              39.601164959919
            ],
            [
              -104.718428336673,
              39.6011625703398
            ],
            [
              -104.718430137378,
              39.601160178832
            ],
            [
              -104.718431937228,
              39.6011577898754
            ],
            [
              -104.718433742309,
              39.6011552277232
            ],
            [
              -104.718434654765,
              39.6011528322213
            ],
            [
              -104.718435557443,
              39.6011514645309
            ],
            [
              -104.718437358126,
              39.6011490749405
            ],
            [
              -104.71843827332,
              39.6011465075048
            ],
            [
              -104.718440076748,
              39.6011439453415
            ],
            [
              -104.718440993595,
              39.6011413779168
            ],
            [
              -104.718441909615,
              39.6011388104866
            ],
            [
              -104.718442813133,
              39.6011374415233
            ],
            [
              -104.718443727493,
              39.6011348747212
            ],
            [
              -104.718472051641,
              39.6010612779266
            ],
            [
              -104.718597224993,
              39.600736429998
            ],
            [
              -104.718593719037,
              39.6007326313956
            ],
            [
              -104.718591967137,
              39.6007305607888
            ],
            [
              -104.718590214173,
              39.6007286602092
            ],
            [
              -104.718588461448,
              39.6007265895969
            ],
            [
              -104.718586712027,
              39.6007245190064
            ],
            [
              -104.718585845871,
              39.6007224542934
            ],
            [
              -104.718584095632,
              39.6007203830583
            ],
            [
              -104.718582345385,
              39.6007183124623
            ],
            [
              -104.71858148196,
              39.6007160764547
            ],
            [
              -104.718579731721,
              39.6007140052195
            ],
            [
              -104.718577980067,
              39.6007117639406
            ],
            [
              -104.718577120781,
              39.6007095273212
            ],
            [
              -104.718576254633,
              39.6007074619689
            ],
            [
              -104.71857450382,
              39.6007052194171
            ],
            [
              -104.718573642889,
              39.6007029821475
            ],
            [
              -104.71857277945,
              39.6007007474182
            ],
            [
              -104.718571918778,
              39.6006983381983
            ],
            [
              -104.718570169625,
              39.6006960950181
            ],
            [
              -104.718569307013,
              39.6006938602942
            ],
            [
              -104.718568446082,
              39.6006916230246
            ],
            [
              -104.718567585389,
              39.6006892157222
            ],
            [
              -104.718567610194,
              39.6006869849859
            ],
            [
              -104.718566748696,
              39.6006845757604
            ],
            [
              -104.718565889656,
              39.600682168469
            ],
            [
              -104.718565027073,
              39.6006799311884
            ],
            [
              -104.718565053775,
              39.6006775297911
            ],
            [
              -104.718564192256,
              39.6006751224832
            ],
            [
              -104.71856421898,
              39.6006727191683
            ],
            [
              -104.718563358042,
              39.6006704825378
            ],
            [
              -104.718563385571,
              39.600668081146
            ],
            [
              -104.718562524052,
              39.600665673838
            ],
            [
              -104.718562550776,
              39.6006632705231
            ],
            [
              -104.718562577479,
              39.6006608691258
            ],
            [
              -104.718562604196,
              39.6006584664501
            ],
            [
              -104.718562630905,
              39.6006560644136
            ],
            [
              -104.718562657608,
              39.6006536630162
            ],
            [
              -104.718562684332,
              39.6006512597013
            ],
            [
              -104.718562711034,
              39.600648858304
            ],
            [
              -104.718562737758,
              39.6006464549891
            ],
            [
              -104.718562764461,
              39.6006440535917
            ],
            [
              -104.718562791163,
              39.6006416521944
            ],
            [
              -104.718563706108,
              39.60063925479
            ],
            [
              -104.718563732811,
              39.6006368533927
            ],
            [
              -104.718563757615,
              39.6006346226562
            ],
            [
              -104.71856467006,
              39.6006322271529
            ],
            [
              -104.718565585005,
              39.6006298297486
            ],
            [
              -104.718565611707,
              39.6006274283512
            ],
            [
              -104.71856652474,
              39.6006252028861
            ],
            [
              -104.718567435524,
              39.600622808011
            ],
            [
              -104.718567462248,
              39.6006204046961
            ],
            [
              -104.718568376086,
              39.600618181154
            ],
            [
              -104.71856929103,
              39.6006157837497
            ],
            [
              -104.718570201562,
              39.6006135601856
            ],
            [
              -104.718571113761,
              39.6006113353541
            ],
            [
              -104.718572028705,
              39.6006089379497
            ],
            [
              -104.718573827451,
              39.6006067209353
            ],
            [
              -104.718574739657,
              39.6006044954646
            ],
            [
              -104.718575650203,
              39.6006022706222
            ],
            [
              -104.718576563214,
              39.6006000470745
            ],
            [
              -104.718578363633,
              39.6005978281535
            ],
            [
              -104.718579272267,
              39.6005957752503
            ],
            [
              -104.718581082223,
              39.6005926985503
            ],
            [
              -104.718582879078,
              39.6005906515575
            ],
            [
              -104.718583792109,
              39.6005884260923
            ],
            [
              -104.718585588964,
              39.6005863790994
            ],
            [
              -104.718587384991,
              39.6005843321011
            ],
            [
              -104.718589182672,
              39.6005822851136
            ],
            [
              -104.718590979525,
              39.6005802381207
            ],
            [
              -104.718591890638,
              39.6005781852338
            ],
            [
              -104.718593685601,
              39.6005763082626
            ],
            [
              -104.718595484107,
              39.6005742612806
            ],
            [
              -104.718597278222,
              39.6005723862213
            ],
            [
              -104.718599073178,
              39.6005705098892
            ],
            [
              -104.718601755506,
              39.6005686413794
            ],
            [
              -104.7186035521,
              39.6005667663365
            ],
            [
              -104.718605347062,
              39.6005648893651
            ],
            [
              -104.718607139258,
              39.6005631868841
            ],
            [
              -104.718609821615,
              39.6005613158174
            ],
            [
              -104.718611617115,
              39.6005596133584
            ],
            [
              -104.718613410152,
              39.6005579096045
            ],
            [
              -104.718616089769,
              39.6005562104714
            ],
            [
              -104.718617885291,
              39.6005545060947
            ],
            [
              -104.718620563816,
              39.6005529795455
            ],
            [
              -104.718623244231,
              39.6005512829745
            ],
            [
              -104.718625035362,
              39.6005497505204
            ],
            [
              -104.718627713887,
              39.600548223971
            ],
            [
              -104.718630392432,
              39.600546695504
            ],
            [
              -104.718632183297,
              39.6005453356394
            ],
            [
              -104.718634861821,
              39.6005438090898
            ],
            [
              -104.718637538426,
              39.6005424551187
            ],
            [
              -104.718640215879,
              39.6005410992354
            ],
            [
              -104.718642892491,
              39.6005397446249
            ],
            [
              -104.718645569089,
              39.6005383912928
            ],
            [
              -104.718647355591,
              39.600537200794
            ],
            [
              -104.718650030305,
              39.6005360168443
            ],
            [
              -104.718653593218,
              39.600534840722
            ],
            [
              -104.718656267932,
              39.6005336567721
            ],
            [
              -104.718658942646,
              39.6005324728223
            ],
            [
              -104.718661616268,
              39.6005314614562
            ],
            [
              -104.71866428907,
              39.6005304494455
            ],
            [
              -104.718666961865,
              39.6005294380739
            ],
            [
              -104.718669634667,
              39.6005284260631
            ],
            [
              -104.718672306636,
              39.6005274146858
            ],
            [
              -104.718675866565,
              39.6005265811686
            ],
            [
              -104.71867853747,
              39.6005257398184
            ],
            [
              -104.718681208353,
              39.6005249003858
            ],
            [
              -104.718683877346,
              39.6005242309749
            ],
            [
              -104.718687436448,
              39.6005233974517
            ],
            [
              -104.718690105441,
              39.6005227280406
            ],
            [
              -104.718692774426,
              39.6005220592687
            ],
            [
              -104.718696329727,
              39.6005215677063
            ],
            [
              -104.718698998691,
              39.6005209008517
            ],
            [
              -104.718702553984,
              39.6005204099283
            ],
            [
              -104.718705221065,
              39.6005199124562
            ],
            [
              -104.718707888139,
              39.6005194156232
            ],
            [
              -104.718711441542,
              39.6005190947213
            ],
            [
              -104.718714106697,
              39.6005187704666
            ],
            [
              -104.7187176576,
              39.6005184514656
            ],
            [
              -104.718720322783,
              39.600518124654
            ],
            [
              -104.718723875338,
              39.6005178056638
            ],
            [
              -104.718726539429,
              39.6005176514361
            ],
            [
              -104.718730090066,
              39.6005175050242
            ],
            [
              -104.718732753338,
              39.6005173501516
            ],
            [
              -104.71873630291,
              39.6005173737668
            ],
            [
              -104.718738966175,
              39.6005172195332
            ],
            [
              -104.718742515748,
              39.6005172431482
            ],
            [
              -104.718745175182,
              39.6005174334323
            ],
            [
              -104.718748722276,
              39.6005174570306
            ],
            [
              -104.718751381718,
              39.6005176466754
            ],
            [
              -104.718754929387,
              39.6005178415901
            ],
            [
              -104.718757588836,
              39.6005180305956
            ],
            [
              -104.718761136497,
              39.6005182261493
            ],
            [
              -104.718763794034,
              39.6005185870939
            ],
            [
              -104.718767338979,
              39.6005189526637
            ],
            [
              -104.718769997329,
              39.600519314892
            ],
            [
              -104.718772654874,
              39.6005196751973
            ],
            [
              -104.718777081723,
              39.6005203918162
            ],
            [
              -104.718779737356,
              39.6005209240606
            ],
            [
              -104.718783281202,
              39.600521462853
            ],
            [
              -104.718785936836,
              39.6005219950973
            ],
            [
              -104.718788590572,
              39.6005226980024
            ],
            [
              -104.718792132507,
              39.6005234087338
            ],
            [
              -104.71879478623,
              39.6005241129172
            ],
            [
              -104.718797439945,
              39.6005248177397
            ],
            [
              -104.71880097999,
              39.6005256984926
            ],
            [
              -104.718803630982,
              39.6005265739704
            ],
            [
              -104.718806283613,
              39.6005274507374
            ],
            [
              -104.718808935438,
              39.6005283255814
            ],
            [
              -104.718812475483,
              39.600529206334
            ],
            [
              -104.718815125391,
              39.6005302537563
            ],
            [
              -104.718817775305,
              39.6005313005393
            ],
            [
              -104.718820425213,
              39.6005323479615
            ],
            [
              -104.718823073209,
              39.6005335673229
            ],
            [
              -104.718825723117,
              39.6005346147449
            ],
            [
              -104.718828371114,
              39.6005358341062
            ],
            [
              -104.71883101911,
              39.6005370534674
            ],
            [
              -104.718833667128,
              39.600538270911
            ],
            [
              -104.718836313214,
              39.6005396622115
            ],
            [
              -104.718838961232,
              39.600540879655
            ],
            [
              -104.718841607311,
              39.6005422715944
            ],
            [
              -104.718844252592,
              39.6005436609716
            ],
            [
              -104.718846899518,
              39.6005450509989
            ],
            [
              -104.718849543708,
              39.6005466129599
            ],
            [
              -104.718851302989,
              39.6005481683953
            ],
            [
              -104.718853949068,
              39.6005495603345
            ],
            [
              -104.718856593265,
              39.6005511216562
            ],
            [
              -104.718858347316,
              39.6005528502871
            ],
            [
              -104.718860991506,
              39.6005544122479
            ],
            [
              -104.718862750781,
              39.6005559683223
            ],
            [
              -104.718865393081,
              39.6005577003047
            ],
            [
              -104.71886714714,
              39.6005594282963
            ],
            [
              -104.718869789412,
              39.6005611628354
            ],
            [
              -104.718871543471,
              39.600562890827
            ],
            [
              -104.718874186332,
              39.6005647954041
            ],
            [
              -104.718875941218,
              39.6005665234011
            ],
            [
              -104.71887769338,
              39.6005684220535
            ],
            [
              -104.718879448848,
              39.6005703207278
            ],
            [
              -104.718881200996,
              39.6005722206585
            ],
            [
              -104.718883841379,
              39.600574125219
            ],
            [
              -104.718885591631,
              39.6005761958106
            ],
            [
              -104.718887347078,
              39.6005780964024
            ],
            [
              -104.71888909733,
              39.6005801669939
            ],
            [
              -104.718889964578,
              39.60058205976
            ],
            [
              -104.71889171483,
              39.6005841303514
            ],
            [
              -104.718893467561,
              39.6005862009594
            ],
            [
              -104.71889521864,
              39.6005882715563
            ],
            [
              -104.718896081232,
              39.6005905088346
            ],
            [
              -104.718897832311,
              39.6005925794315
            ],
            [
              -104.718899582564,
              39.6005946500228
            ],
            [
              -104.718901318124,
              39.6005982655275
            ],
            [
              -104.718903067299,
              39.6006005074244
            ],
            [
              -104.718903929892,
              39.6006027447026
            ],
            [
              -104.718904793326,
              39.600604980708
            ],
            [
              -104.718906541675,
              39.6006072225994
            ],
            [
              -104.718907405095,
              39.600609459883
            ],
            [
              -104.718908266064,
              39.6006116945935
            ],
            [
              -104.718909128657,
              39.6006139318717
            ],
            [
              -104.718909990166,
              39.6006163410947
            ],
            [
              -104.718910850309,
              39.6006185757996
            ],
            [
              -104.718911711818,
              39.6006209850226
            ],
            [
              -104.718912575259,
              39.6006232203887
            ],
            [
              -104.718913433463,
              39.6006256295896
            ],
            [
              -104.718913408677,
              39.600627859687
            ],
            [
              -104.7189142702,
              39.6006302676315
            ],
            [
              -104.71891513173,
              39.6006326749369
            ],
            [
              -104.718915104192,
              39.6006350782464
            ],
            [
              -104.718915965133,
              39.6006373155135
            ],
            [
              -104.718915938443,
              39.6006397169109
            ],
            [
              -104.718915911752,
              39.6006421183084
            ],
            [
              -104.718916773262,
              39.6006445275313
            ],
            [
              -104.718916746571,
              39.6006469289287
            ],
            [
              -104.718916719881,
              39.6006493303262
            ],
            [
              -104.718916693169,
              39.6006517336411
            ],
            [
              -104.718916665659,
              39.6006541343939
            ],
            [
              -104.718916638948,
              39.6006565377089
            ],
            [
              -104.718916612257,
              39.6006589391063
            ],
            [
              -104.718916585567,
              39.6006613405037
            ],
            [
              -104.718916558855,
              39.6006637438187
            ],
            [
              -104.718916532164,
              39.6006661452161
            ],
            [
              -104.718916505453,
              39.600668548531
            ],
            [
              -104.718915592452,
              39.6006707720813
            ],
            [
              -104.71891556574,
              39.6006731753963
            ],
            [
              -104.718914654133,
              39.6006755709077
            ],
            [
              -104.718914625769,
              39.6006779742117
            ],
            [
              -104.718913712516,
              39.600680369073
            ],
            [
              -104.718913687723,
              39.6006825998095
            ],
            [
              -104.718912772811,
              39.6006849952989
            ],
            [
              -104.71891186037,
              39.6006873914441
            ],
            [
              -104.718910948181,
              39.6006896162781
            ],
            [
              -104.71891003324,
              39.6006920143243
            ],
            [
              -104.718909122725,
              39.6006942372517
            ],
            [
              -104.718908207791,
              39.6006966346587
            ],
            [
              -104.718907294797,
              39.6006988575697
            ],
            [
              -104.718906385072,
              39.6007010836985
            ],
            [
              -104.718905472063,
              39.6007033078878
            ],
            [
              -104.71890455904,
              39.6007055333555
            ],
            [
              -104.718902761129,
              39.6007077503804
            ],
            [
              -104.718901848106,
              39.600709975848
            ],
            [
              -104.71890093509,
              39.6007122006764
            ],
            [
              -104.71889913715,
              39.600714420258
            ],
            [
              -104.718898226044,
              39.6007164731471
            ],
            [
              -104.718896428133,
              39.6007186901719
            ],
            [
              -104.718894631277,
              39.6007207378086
            ],
            [
              -104.718893720172,
              39.6007227906977
            ],
            [
              -104.718891924149,
              39.6007248377007
            ],
            [
              -104.718890125627,
              39.6007268866046
            ],
            [
              -104.718888328778,
              39.6007289336021
            ],
            [
              -104.718887417672,
              39.6007309864911
            ],
            [
              -104.718885621649,
              39.600733033494
            ],
            [
              -104.718883825066,
              39.6007349079019
            ],
            [
              -104.718882030128,
              39.6007367829599
            ],
            [
              -104.718879345861,
              39.6007388259721
            ],
            [
              -104.718877551749,
              39.6007407010355
            ],
            [
              -104.718875756229,
              39.6007424054161
            ],
            [
              -104.718873962117,
              39.6007442804795
            ],
            [
              -104.718872167185,
              39.6007461548982
            ],
            [
              -104.718869484268,
              39.6007478533759
            ],
            [
              -104.718867692046,
              39.6007495584174
            ],
            [
              -104.718865897114,
              39.600751432836
            ],
            [
              -104.718863218587,
              39.6007529593908
            ],
            [
              -104.718861423066,
              39.600754663771
            ],
            [
              -104.718858743453,
              39.6007563622704
            ],
            [
              -104.7188560641,
              39.6007578888196
            ],
            [
              -104.718854273788,
              39.6007594219216
            ],
            [
              -104.718851595267,
              39.6007609478369
            ],
            [
              -104.718848916739,
              39.6007624743913
            ],
            [
              -104.718847123136,
              39.6007640061929
            ],
            [
              -104.718844446519,
              39.600765360808
            ],
            [
              -104.718841769888,
              39.6007667167013
            ],
            [
              -104.718839093278,
              39.600768070677
            ],
            [
              -104.718836416661,
              39.6007694252918
            ],
            [
              -104.718833739204,
              39.6007707811794
            ],
            [
              -104.718831065331,
              39.6007719632212
            ],
            [
              -104.718828388699,
              39.6007733191142
            ],
            [
              -104.718825713174,
              39.6007745011448
            ],
            [
              -104.718823040343,
              39.6007755150767
            ],
            [
              -104.718820365644,
              39.6007766971127
            ],
            [
              -104.718817692842,
              39.6007777084877
            ],
            [
              -104.718815018114,
              39.6007788930803
            ],
            [
              -104.71881234723,
              39.6007797318768
            ],
            [
              -104.71880967442,
              39.6007807438908
            ],
            [
              -104.718806113395,
              39.6007817493568
            ],
            [
              -104.718803442482,
              39.6007825907098
            ],
            [
              -104.718800771591,
              39.6007834301451
            ],
            [
              -104.718676487308,
              39.6011082854739
            ],
            [
              -104.720076466001,
              39.6011186419824
            ],
            [
              -104.720094783582,
              39.5996307063992
            ],
            [
              -104.716782674599,
              39.5996341829637
            ],
            [
              -104.716780659069,
              39.598579596749
            ],
            [
              -104.715623720461,
              39.5985813683273
            ],
            [
              -104.715601329049,
              39.6003902234528
            ],
            [
              -104.714429305047,
              39.6003922949975
            ],
            [
              -104.714419097631,
              39.6012104366452
            ],
            [
              -104.716751138225,
              39.6021965742288
            ],
            [
              -104.71675593863,
              39.601819698417
            ],
            [
              -104.715858581889,
              39.6014402455153
            ]
          ],
          [
            [
              -104.728285721811,
              39.6010858305392
            ],
            [
              -104.728552468167,
              39.6012875394851
            ],
            [
              -104.728553537071,
              39.6012864425636
            ],
            [
              -104.728554601859,
              39.6012853443366
            ],
            [
              -104.728555666646,
              39.6012842461096
            ],
            [
              -104.72855672731,
              39.6012831472163
            ],
            [
              -104.728557788834,
              39.6012820451325
            ],
            [
              -104.728558850365,
              39.6012809424095
            ],
            [
              -104.728559906904,
              39.6012798428498
            ],
            [
              -104.728560963471,
              39.6012787407334
            ],
            [
              -104.728562020864,
              39.6012776386224
            ],
            [
              -104.728563074147,
              39.6012765345667
            ],
            [
              -104.72856412661,
              39.6012754298664
            ],
            [
              -104.72856518158,
              39.6012743226257
            ],
            [
              -104.728566229912,
              39.6012732178983
            ],
            [
              -104.728567280751,
              39.6012721106304
            ],
            [
              -104.72856832498,
              39.601271003319
            ],
            [
              -104.728569370084,
              39.6012698915389
            ],
            [
              -104.728570416799,
              39.6012687836046
            ],
            [
              -104.728571459403,
              39.6012676737257
            ],
            [
              -104.728572500404,
              39.6012665593616
            ],
            [
              -104.728573542175,
              39.6012654501164
            ],
            [
              -104.72857457987,
              39.6012643357306
            ],
            [
              -104.728575618385,
              39.6012632219894
            ],
            [
              -104.728576656074,
              39.6012621082428
            ],
            [
              -104.728577690457,
              39.6012609944745
            ],
            [
              -104.728578725695,
              39.6012598781547
            ],
            [
              -104.728579755163,
              39.6012587605188
            ],
            [
              -104.728580785436,
              39.6012576448057
            ],
            [
              -104.728581816578,
              39.601256525263
            ],
            [
              -104.728582842734,
              39.6012554082444
            ],
            [
              -104.728583868918,
              39.6012542886691
            ],
            [
              -104.728584895963,
              39.6012531659033
            ],
            [
              -104.728585918842,
              39.6012520463063
            ],
            [
              -104.728586941741,
              39.6012509247917
            ],
            [
              -104.728587963829,
              39.6012498019933
            ],
            [
              -104.728588982611,
              39.6012486791732
            ],
            [
              -104.728590002255,
              39.6012475531626
            ],
            [
              -104.728591017732,
              39.6012464303208
            ],
            [
              -104.728592032419,
              39.6012453042776
            ],
            [
              -104.728593047133,
              39.6012441756777
            ],
            [
              -104.728594058507,
              39.601243050252
            ],
            [
              -104.728595069916,
              39.6012419216304
            ],
            [
              -104.728596081325,
              39.6012407930087
            ],
            [
              -104.728597087776,
              39.6012396643545
            ],
            [
              -104.728598095915,
              39.6012385325153
            ],
            [
              -104.72859910488,
              39.6012374006814
            ],
            [
              -104.728600107236,
              39.6012362688042
            ],
            [
              -104.72860111041,
              39.6012351375715
            ],
            [
              -104.728602110286,
              39.6012340056779
            ],
            [
              -104.728603111843,
              39.6012328712385
            ],
            [
              -104.728604111754,
              39.601231736149
            ],
            [
              -104.728605106701,
              39.601230601666
            ],
            [
              -104.728606103335,
              39.6012294639981
            ],
            [
              -104.728607094977,
              39.6012283294935
            ],
            [
              -104.728608090785,
              39.6012271918201
            ],
            [
              -104.728609082482,
              39.6012260522021
            ],
            [
              -104.728610072514,
              39.6012249138515
            ],
            [
              -104.728611060101,
              39.6012237722887
            ],
            [
              -104.728612048507,
              39.6012226313705
            ],
            [
              -104.728613031949,
              39.601221491059
            ],
            [
              -104.728614748589,
              39.6012194996399
            ],
            [
              -104.728615729594,
              39.6012183554769
            ],
            [
              -104.728616710607,
              39.6012172106748
            ],
            [
              -104.728617690799,
              39.6012160652281
            ],
            [
              -104.728618669319,
              39.601214921688
            ],
            [
              -104.728619645401,
              39.6012137742965
            ],
            [
              -104.728620617345,
              39.6012126275171
            ],
            [
              -104.72862159097,
              39.6012114781918
            ],
            [
              -104.728622563741,
              39.6012103314178
            ],
            [
              -104.728623534067,
              39.6012091814316
            ],
            [
              -104.728624502741,
              39.6012080314346
            ],
            [
              -104.728625472235,
              39.6012068820821
            ],
            [
              -104.728626437639,
              39.6012057288675
            ],
            [
              -104.728627399731,
              39.6012045762702
            ],
            [
              -104.728628365135,
              39.6012034230555
            ],
            [
              -104.728629326394,
              39.601202271092
            ],
            [
              -104.728630286847,
              39.6012011172056
            ],
            [
              -104.728631245662,
              39.6011999620299
            ],
            [
              -104.728632203651,
              39.6011988068488
            ],
            [
              -104.728633158334,
              39.6011976516459
            ],
            [
              -104.728634115546,
              39.6011964919851
            ],
            [
              -104.728635065279,
              39.6011953361105
            ],
            [
              -104.728636019997,
              39.6011941777117
            ],
            [
              -104.728636969807,
              39.6011930148062
            ],
            [
              -104.728637916263,
              39.6011918563531
            ],
            [
              -104.728638866878,
              39.6011906953705
            ],
            [
              -104.728639811689,
              39.6011895362674
            ],
            [
              -104.728640754868,
              39.6011883752359
            ],
            [
              -104.728641698103,
              39.6011872090909
            ],
            [
              -104.728642640455,
              39.601186048054
            ],
            [
              -104.728643578718,
              39.6011848831548
            ],
            [
              -104.728644517808,
              39.601183718261
            ],
            [
              -104.72864545689,
              39.6011825540065
            ],
            [
              -104.728646390224,
              39.601181386518
            ],
            [
              -104.728647325224,
              39.601180217762
            ],
            [
              -104.72864826021,
              39.6011790502844
            ],
            [
              -104.728649191898,
              39.6011778821458
            ],
            [
              -104.728650124413,
              39.6011767140127
            ],
            [
              -104.728651050345,
              39.6011755432794
            ],
            [
              -104.728651978756,
              39.6011743725624
            ],
            [
              -104.728652902224,
              39.6011732005345
            ],
            [
              -104.728653828968,
              39.601172031085
            ],
            [
              -104.728654747492,
              39.6011708577461
            ],
            [
              -104.728655671778,
              39.6011696863628
            ],
            [
              -104.728656591136,
              39.6011685123902
            ],
            [
              -104.728657510521,
              39.6011673358608
            ],
            [
              -104.728658425746,
              39.601166161861
            ],
            [
              -104.728659342653,
              39.6011649853154
            ],
            [
              -104.728660254601,
              39.6011638087372
            ],
            [
              -104.728661169869,
              39.6011626309023
            ],
            [
              -104.728662077687,
              39.6011614542969
            ],
            [
              -104.72866299133,
              39.6011602738944
            ],
            [
              -104.728663898321,
              39.6011590972836
            ],
            [
              -104.728664802896,
              39.6011579149039
            ],
            [
              -104.728665709929,
              39.601156734458
            ],
            [
              -104.728666610345,
              39.6011555546078
            ],
            [
              -104.72866751492,
              39.6011543722281
            ],
            [
              -104.728668417024,
              39.6011531891929
            ],
            [
              -104.728669316649,
              39.6011520061414
            ],
            [
              -104.7286815288,
              39.6011356697495
            ],
            [
              -104.728397098399,
              39.600920589259
            ],
            [
              -104.728310299837,
              39.6009892816149
            ],
            [
              -104.728254852178,
              39.601033164468
            ],
            [
              -104.728285721811,
              39.6010858305392
            ]
          ],
          [
            [
              -104.707427503859,
              39.5980795864227
            ],
            [
              -104.70754269879,
              39.5876239966145
            ],
            [
              -104.706797615607,
              39.5876175455588
            ],
            [
              -104.706686935007,
              39.5977192496047
            ],
            [
              -104.707427503859,
              39.5980795864227
            ]
          ],
          [
            [
              -104.693876721898,
              39.59372593977
            ],
            [
              -104.692809037761,
              39.5937256428401
            ],
            [
              -104.692807434797,
              39.5945521750266
            ],
            [
              -104.693876594505,
              39.5945524947996
            ],
            [
              -104.693876721898,
              39.59372593977
            ]
          ],
          [
            [
              -104.723404957135,
              39.5965437658672
            ],
            [
              -104.723405008549,
              39.5965704624186
            ],
            [
              -104.723529168013,
              39.5965694214197
            ],
            [
              -104.723528532443,
              39.5962400757706
            ],
            [
              -104.723404374387,
              39.5962411167744
            ],
            [
              -104.723404957135,
              39.5965437658672
            ]
          ],
          [
            [
              -104.736612617224,
              39.5973067457231
            ],
            [
              -104.736770965936,
              39.5974372139097
            ],
            [
              -104.737096740612,
              39.5972358472272
            ],
            [
              -104.736952801923,
              39.5970964734426
            ],
            [
              -104.736612617224,
              39.5973067457231
            ]
          ],
          [
            [
              -104.726303651717,
              39.5804091962147
            ],
            [
              -104.726300497869,
              39.5806837383344
            ],
            [
              -104.726720376407,
              39.5806831163601
            ],
            [
              -104.726744004067,
              39.5806830813391
            ],
            [
              -104.726747156183,
              39.5804085392074
            ],
            [
              -104.726303651717,
              39.5804091962147
            ]
          ],
          [
            [
              -104.668464883885,
              39.6385597734266
            ],
            [
              -104.668436047266,
              39.6402160955194
            ],
            [
              -104.67078151428,
              39.6402047037629
            ],
            [
              -104.67081025445,
              39.638550797536
            ],
            [
              -104.668464883885,
              39.6385597734266
            ]
          ]
        ]
      },
      "properties": {
        "feature_id": 4,
        "ward": "VI"
      }
    },
    {
      "type": "Feature",
      "id": 5,
      "geometry": {
        "type": "MultiPolygon",
        "coordinates": [
          [
            [
              [
                -104.788051355905,
                39.6731128767219
              ],
              [
                -104.787919911102,
                39.6731106979814
              ],
              [
                -104.787789276948,
                39.6731138572306
              ],
              [
                -104.787707637448,
                39.6731189674801
              ],
              [
                -104.787659933305,
                39.6731219535611
              ],
              [
                -104.787537527669,
                39.6731351218798
              ],
              [
                -104.787532085416,
                39.6731357073293
              ],
              [
                -104.787530160371,
                39.6731359144309
              ],
              [
                -104.787400778902,
                39.6731547379027
              ],
              [
                -104.787273518311,
                39.6731788467516
              ],
              [
                -104.787147971669,
                39.6732080720037
              ],
              [
                -104.787023750852,
                39.6732426327957
              ],
              [
                -104.786908643173,
                39.6732801870128
              ],
              [
                -104.786779987269,
                39.6733283854572
              ],
              [
                -104.786604193182,
                39.6734057427921
              ],
              [
                -104.785619807332,
                39.6738812806606
              ],
              [
                -104.785484811848,
                39.6739373015727
              ],
              [
                -104.78535108908,
                39.6739864240729
              ],
              [
                -104.785212553597,
                39.6740307371673
              ],
              [
                -104.78507488776,
                39.6740678163665
              ],
              [
                -104.784930892371,
                39.6741004578805
              ],
              [
                -104.784785329981,
                39.6741270702713
              ],
              [
                -104.784640862242,
                39.6741475947823
              ],
              [
                -104.784495185551,
                39.6741622305727
              ],
              [
                -104.784494073103,
                39.6741623423748
              ],
              [
                -104.784346060015,
                39.6741711546455
              ],
              [
                -104.784196502505,
                39.6741738874147
              ],
              [
                -104.784048524976,
                39.6741706498327
              ],
              [
                -104.783900867297,
                39.6741612766647
              ],
              [
                -104.78163168781,
                39.6739730344889
              ],
              [
                -104.781054464251,
                39.6739255871231
              ],
              [
                -104.780908884107,
                39.6739164921625
              ],
              [
                -104.780757246514,
                39.6739133018732
              ],
              [
                -104.780613553146,
                39.6739160785844
              ],
              [
                -104.78046980102,
                39.6739245059933
              ],
              [
                -104.780469078672,
                39.673924548394
              ],
              [
                -104.780319298207,
                39.673939318012
              ],
              [
                -104.780319097416,
                39.6739393377167
              ],
              [
                -104.78031754904,
                39.6739394904366
              ],
              [
                -104.780171662061,
                39.673960224177
              ],
              [
                -104.78002747248,
                39.6739868128856
              ],
              [
                -104.779885265078,
                39.6740191295127
              ],
              [
                -104.779742311439,
                39.6740578147741
              ],
              [
                -104.779607121926,
                39.6741008906957
              ],
              [
                -104.77934583519,
                39.6742029287431
              ],
              [
                -104.779164550324,
                39.6742833309424
              ],
              [
                -104.778394651444,
                39.6732486306576
              ],
              [
                -104.776695247773,
                39.6709554053842
              ],
              [
                -104.775652893599,
                39.6695481580898
              ],
              [
                -104.775564434551,
                39.6694278450719
              ],
              [
                -104.775534625545,
                39.6693906005185
              ],
              [
                -104.775503897959,
                39.669355749885
              ],
              [
                -104.775470497649,
                39.6693222545112
              ],
              [
                -104.775435305006,
                39.6692901217392
              ],
              [
                -104.775398316255,
                39.6692596973561
              ],
              [
                -104.775358653778,
                39.6692306255039
              ],
              [
                -104.775317195257,
                39.6692029152663
              ],
              [
                -104.775273946427,
                39.669177253027
              ],
              [
                -104.775228900275,
                39.6691532964448
              ],
              [
                -104.775182944821,
                39.6691313950474
              ],
              [
                -104.775134304019,
                39.6691111903119
              ],
              [
                -104.775085646724,
                39.6690930461037
              ],
              [
                -104.775035193365,
                39.6690766049966
              ],
              [
                -104.774983829432,
                39.6690625613569
              ],
              [
                -104.774931556207,
                39.6690505701785
              ],
              [
                -104.77487837241,
                39.6690406351278
              ],
              [
                -104.774825166346,
                39.6690327570495
              ],
              [
                -104.774771047434,
                39.6690272746629
              ],
              [
                -104.774716907239,
                39.6690238530893
              ],
              [
                -104.774661857702,
                39.6690228270677
              ],
              [
                -104.772545530088,
                39.6690197011868
              ],
              [
                -104.772485363974,
                39.6690196601023
              ],
              [
                -104.772483364441,
                39.6690196587534
              ],
              [
                -104.77248312852,
                39.669019657453
              ],
              [
                -104.772482554309,
                39.6690195564199
              ],
              [
                -104.772485671534,
                39.6683800750168
              ],
              [
                -104.772443847457,
                39.6675349758834
              ],
              [
                -104.772413411301,
                39.6667848695822
              ],
              [
                -104.772408510795,
                39.6666735172396
              ],
              [
                -104.772408110896,
                39.6655856007514
              ],
              [
                -104.769975083657,
                39.6655789178643
              ],
              [
                -104.769878959253,
                39.6655766166916
              ],
              [
                -104.769789358297,
                39.66557134305
              ],
              [
                -104.769687303156,
                39.6655604957146
              ],
              [
                -104.769622583509,
                39.665551483746
              ],
              [
                -104.769530896875,
                39.6655355432355
              ],
              [
                -104.76943557343,
                39.6655148342352
              ],
              [
                -104.769344350818,
                39.6654909315871
              ],
              [
                -104.769251987742,
                39.6654629557629
              ],
              [
                -104.769169544803,
                39.6654327394303
              ],
              [
                -104.76908070196,
                39.6653973284935
              ],
              [
                -104.768997553044,
                39.6653590309108
              ],
              [
                -104.768917062209,
                39.6653174377341
              ],
              [
                -104.768839452536,
                39.6652729091131
              ],
              [
                -104.768766235142,
                39.6652252607732
              ],
              [
                -104.76869314423,
                39.6651734589471
              ],
              [
                -104.768626024966,
                39.6651198405219
              ],
              [
                -104.768561860299,
                39.6650637806023
              ],
              [
                -104.768497690745,
                39.665000578881
              ],
              [
                -104.768415198261,
                39.6649145786329
              ],
              [
                -104.768233160215,
                39.664724806735
              ],
              [
                -104.768151356733,
                39.6646441193796
              ],
              [
                -104.768052079728,
                39.664556308302
              ],
              [
                -104.767960456684,
                39.6644846901373
              ],
              [
                -104.767864380958,
                39.6644168372372
              ],
              [
                -104.76776432688,
                39.6643534420942
              ],
              [
                -104.767658751242,
                39.6642933857341
              ],
              [
                -104.767549239226,
                39.6642375679606
              ],
              [
                -104.767487039042,
                39.6642083807249
              ],
              [
                -104.767395933711,
                39.664168370288
              ],
              [
                -104.767395532977,
                39.6641681942448
              ],
              [
                -104.767243073449,
                39.6643705723913
              ],
              [
                -104.767205938115,
                39.6644177365681
              ],
              [
                -104.767173801485,
                39.6644538270572
              ],
              [
                -104.76713969828,
                39.6644887486249
              ],
              [
                -104.767103193382,
                39.6645219545884
              ],
              [
                -104.767064616904,
                39.6645534337405
              ],
              [
                -104.767023516825,
                39.6645847339845
              ],
              [
                -104.766980617246,
                39.6646135767341
              ],
              [
                -104.766935901241,
                39.6646408110727
              ],
              [
                -104.766889251711,
                39.6646663841724
              ],
              [
                -104.766841252127,
                39.6646899816631
              ],
              [
                -104.766792678781,
                39.664711396807
              ],
              [
                -104.766440120586,
                39.6648577052712
              ],
              [
                -104.766380864035,
                39.6648834112286
              ],
              [
                -104.766333805345,
                39.6649070666402
              ],
              [
                -104.766288107885,
                39.6649325904719
              ],
              [
                -104.766244311686,
                39.6649597690846
              ],
              [
                -104.766203147642,
                39.6649888619282
              ],
              [
                -104.766163763684,
                39.6650194916656
              ],
              [
                -104.766126820878,
                39.6650520507461
              ],
              [
                -104.76609203866,
                39.6650856076887
              ],
              [
                -104.766059747908,
                39.66512086993
              ],
              [
                -104.76590129784,
                39.6653032275109
              ],
              [
                -104.765901152178,
                39.665303395033
              ],
              [
                -104.765340434918,
                39.6650884794071
              ],
              [
                -104.764783101605,
                39.6648748160712
              ],
              [
                -104.764567693135,
                39.6647236749915
              ],
              [
                -104.764324802848,
                39.6645165990205
              ],
              [
                -104.7642147136,
                39.6644095363653
              ],
              [
                -104.763665119611,
                39.6639156925436
              ],
              [
                -104.763401604218,
                39.6636506484635
              ],
              [
                -104.763401418643,
                39.6636504617696
              ],
              [
                -104.76309115859,
                39.6638333583732
              ],
              [
                -104.76309084693,
                39.66383354211
              ],
              [
                -104.76290971837,
                39.6636978736418
              ],
              [
                -104.762489384666,
                39.6633434117036
              ],
              [
                -104.762445198959,
                39.6632246712646
              ],
              [
                -104.760827725125,
                39.6618559511128
              ],
              [
                -104.75844348117,
                39.6618482101585
              ],
              [
                -104.758442921294,
                39.6618482079046
              ],
              [
                -104.758314896978,
                39.6618110580661
              ],
              [
                -104.758314315703,
                39.6618108894816
              ],
              [
                -104.758331438842,
                39.6619543934149
              ],
              [
                -104.758371563771,
                39.6621878567778
              ],
              [
                -104.758426753409,
                39.6624196208884
              ],
              [
                -104.758455134425,
                39.6625092834472
              ],
              [
                -104.758497946412,
                39.6626451997499
              ],
              [
                -104.758813571184,
                39.6635477660077
              ],
              [
                -104.759125633044,
                39.6644380830842
              ],
              [
                -104.759210103139,
                39.664680349793
              ],
              [
                -104.759240178394,
                39.6647785228219
              ],
              [
                -104.759264851446,
                39.6648769599871
              ],
              [
                -104.759281569144,
                39.6649766188803
              ],
              [
                -104.75929205866,
                39.6650769824013
              ],
              [
                -104.759296274118,
                39.6651772812923
              ],
              [
                -104.75929254972,
                39.6652784415004
              ],
              [
                -104.759282664698,
                39.6653782847813
              ],
              [
                -104.75926656063,
                39.6654779367349
              ],
              [
                -104.759243201919,
                39.6655769926043
              ],
              [
                -104.759213217222,
                39.6656739134532
              ],
              [
                -104.759203802242,
                39.6656997974332
              ],
              [
                -104.759172543452,
                39.6657974902351
              ],
              [
                -104.759147637801,
                39.6658958076265
              ],
              [
                -104.759127533846,
                39.666002398692
              ],
              [
                -104.759116990632,
                39.6660958851549
              ],
              [
                -104.759113486395,
                39.6661721753589
              ],
              [
                -104.759105507976,
                39.6674889895514
              ],
              [
                -104.759105506934,
                39.6674891471102
              ],
              [
                -104.754170648824,
                39.6674729303349
              ],
              [
                -104.75416939416,
                39.6674729263691
              ],
              [
                -104.75421755004,
                39.6568357732507
              ],
              [
                -104.754245380069,
                39.6529717542017
              ],
              [
                -104.759572876168,
                39.6529794674173
              ],
              [
                -104.763728226262,
                39.6529894512709
              ],
              [
                -104.767870109207,
                39.6530134437219
              ],
              [
                -104.77246480447,
                39.6530400952175
              ],
              [
                -104.779429503199,
                39.6530565890721
              ],
              [
                -104.779566719916,
                39.6529094265096
              ],
              [
                -104.779604321776,
                39.6528420606485
              ],
              [
                -104.779752121394,
                39.6525607283386
              ],
              [
                -104.779871267039,
                39.6523593002733
              ],
              [
                -104.779950080074,
                39.6522485966947
              ],
              [
                -104.77999297406,
                39.6521951658303
              ],
              [
                -104.780036368595,
                39.6521410976852
              ],
              [
                -104.78010404579,
                39.6520659175953
              ],
              [
                -104.780158555781,
                39.6520101908214
              ],
              [
                -104.780212999875,
                39.6519545113992
              ],
              [
                -104.780270449147,
                39.6519014279796
              ],
              [
                -104.780348235735,
                39.6518328984996
              ],
              [
                -104.780457114958,
                39.6517455515666
              ],
              [
                -104.780507388988,
                39.6517071167122
              ],
              [
                -104.780862151244,
                39.6514358920758
              ],
              [
                -104.781279893678,
                39.6511157660373
              ],
              [
                -104.781412267277,
                39.6510088990834
              ],
              [
                -104.781553780733,
                39.650881490353
              ],
              [
                -104.781631237009,
                39.6508034481117
              ],
              [
                -104.781685192004,
                39.6507491375567
              ],
              [
                -104.781807424183,
                39.650611109197
              ],
              [
                -104.78191984225,
                39.6504684754582
              ],
              [
                -104.782016059718,
                39.6503278298183
              ],
              [
                -104.782106942045,
                39.6501789197241
              ],
              [
                -104.782138027181,
                39.6501210807779
              ],
              [
                -104.782168534903,
                39.6500645550735
              ],
              [
                -104.782209990577,
                39.649978947337
              ],
              [
                -104.782239060798,
                39.6499140524103
              ],
              [
                -104.782265459747,
                39.6498537852001
              ],
              [
                -104.782334674326,
                39.649681645583
              ],
              [
                -104.782440580085,
                39.6494181194342
              ],
              [
                -104.78334548104,
                39.6494149747461
              ],
              [
                -104.783351145176,
                39.6494149551148
              ],
              [
                -104.783345318477,
                39.6484590812245
              ],
              [
                -104.783345213727,
                39.6484418979041
              ],
              [
                -104.784169565943,
                39.6484221724603
              ],
              [
                -104.78421957345,
                39.6482970518407
              ],
              [
                -104.784277904904,
                39.6482775614839
              ],
              [
                -104.784370845792,
                39.6480475586253
              ],
              [
                -104.784371570759,
                39.6480455896301
              ],
              [
                -104.784377274903,
                39.6480290556486
              ],
              [
                -104.784378186685,
                39.64802658505
              ],
              [
                -104.784379423224,
                39.6480240328521
              ],
              [
                -104.784380768067,
                39.648021826968
              ],
              [
                -104.784382602449,
                39.6480193945876
              ],
              [
                -104.784384549056,
                39.6480172482992
              ],
              [
                -104.784386659342,
                39.648015288539
              ],
              [
                -104.784389040185,
                39.6480134133643
              ],
              [
                -104.78439166668,
                39.6480116729614
              ],
              [
                -104.784397252388,
                39.6480088102229
              ],
              [
                -104.784400187346,
                39.6480076743161
              ],
              [
                -104.784403317351,
                39.6480067097875
              ],
              [
                -104.784406488374,
                39.6480059598046
              ],
              [
                -104.784409817108,
                39.6480053937568
              ],
              [
                -104.784413789423,
                39.6480050233918
              ],
              [
                -104.784418662422,
                39.6480049755608
              ],
              [
                -104.784424315351,
                39.648005476609
              ],
              [
                -104.784430349818,
                39.6480067139563
              ],
              [
                -104.784436406363,
                39.6480087667539
              ],
              [
                -104.785112624317,
                39.6481733888013
              ],
              [
                -104.78540898695,
                39.6474427361224
              ],
              [
                -104.78567870803,
                39.6470241894692
              ],
              [
                -104.785973017835,
                39.646755585889
              ],
              [
                -104.78598936901,
                39.646740662775
              ],
              [
                -104.784165858318,
                39.6463145368538
              ],
              [
                -104.784159723886,
                39.6463131032831
              ],
              [
                -104.784891375993,
                39.6453187970533
              ],
              [
                -104.784899676507,
                39.6453075167087
              ],
              [
                -104.784163276411,
                39.643688198333
              ],
              [
                -104.784157879018,
                39.6436763292889
              ],
              [
                -104.784404592537,
                39.6435535830498
              ],
              [
                -104.784983841724,
                39.6440426452814
              ],
              [
                -104.785917376665,
                39.6448580490884
              ],
              [
                -104.786071176066,
                39.6449853393403
              ],
              [
                -104.786224060752,
                39.6450984708412
              ],
              [
                -104.786356290813,
                39.6451882301052
              ],
              [
                -104.786437417342,
                39.6452397404696
              ],
              [
                -104.786559982759,
                39.6453140869031
              ],
              [
                -104.786720370506,
                39.6454005460896
              ],
              [
                -104.786922804015,
                39.6454996938637
              ],
              [
                -104.787116343082,
                39.6455826013241
              ],
              [
                -104.787329491682,
                39.6456619236289
              ],
              [
                -104.787531066208,
                39.6457276194129
              ],
              [
                -104.787731695016,
                39.6457833059078
              ],
              [
                -104.787793626656,
                39.6457977431742
              ],
              [
                -104.787937314322,
                39.645831306515
              ],
              [
                -104.788176320958,
                39.6458762205791
              ],
              [
                -104.788374031716,
                39.6459045729565
              ],
              [
                -104.78857692301,
                39.6459263532923
              ],
              [
                -104.788672094247,
                39.6459314753609
              ],
              [
                -104.788951016523,
                39.645944691816
              ],
              [
                -104.790590382227,
                39.6459653159286
              ],
              [
                -104.791334295457,
                39.6459740847737
              ],
              [
                -104.791539893329,
                39.6260340718083
              ],
              [
                -104.798141624305,
                39.6282963836465
              ],
              [
                -104.798184618414,
                39.6240007107365
              ],
              [
                -104.798266559008,
                39.6240012002471
              ],
              [
                -104.800757033813,
                39.6240160527529
              ],
              [
                -104.80183544882,
                39.6240142100515
              ],
              [
                -104.804186748887,
                39.6240063713825
              ],
              [
                -104.804434906203,
                39.623975948079
              ],
              [
                -104.810163273477,
                39.6239862358047
              ],
              [
                -104.810202341088,
                39.6203480933575
              ],
              [
                -104.810203119577,
                39.6202690356797
              ],
              [
                -104.810206587594,
                39.6201878332386
              ],
              [
                -104.810210974265,
                39.6201381820522
              ],
              [
                -104.81021875063,
                39.6200765262898
              ],
              [
                -104.810227036758,
                39.6200261504346
              ],
              [
                -104.810234949211,
                39.6199859893169
              ],
              [
                -104.810246192848,
                39.6199370037051
              ],
              [
                -104.810259600421,
                39.6198862409888
              ],
              [
                -104.81027675726,
                39.6198298868363
              ],
              [
                -104.810290345245,
                39.6197899365804
              ],
              [
                -104.810301966461,
                39.6197583659432
              ],
              [
                -104.810321272135,
                39.6197098292457
              ],
              [
                -104.810337953396,
                39.6196713067792
              ],
              [
                -104.810364759098,
                39.6196145031604
              ],
              [
                -104.810391223596,
                39.6195633846503
              ],
              [
                -104.810404681056,
                39.6195388467465
              ],
              [
                -104.810431046818,
                39.6194935293458
              ],
              [
                -104.810454704473,
                39.6194553234776
              ],
              [
                -104.810484092142,
                39.6194106396896
              ],
              [
                -104.810528447991,
                39.619348371782
              ],
              [
                -104.810567213591,
                39.619298060372
              ],
              [
                -104.810604096019,
                39.6192532116769
              ],
              [
                -104.810648400417,
                39.6192028212028
              ],
              [
                -104.81069104614,
                39.6191574415532
              ],
              [
                -104.810726833476,
                39.6191213757949
              ],
              [
                -104.810767336727,
                39.6190826966091
              ],
              [
                -104.810810810846,
                39.619043303575
              ],
              [
                -104.810873435334,
                39.6189902704271
              ],
              [
                -104.810918554394,
                39.6189543881581
              ],
              [
                -104.810956085915,
                39.6189259670575
              ],
              [
                -104.811001446632,
                39.6188932260113
              ],
              [
                -104.811053297225,
                39.6188576955924
              ],
              [
                -104.811093490988,
                39.6188315373918
              ],
              [
                -104.811123949496,
                39.6188124872355
              ],
              [
                -104.811175997969,
                39.6187812509089
              ],
              [
                -104.811197057486,
                39.6187691110117
              ],
              [
                -104.811237594845,
                39.6187465072289
              ],
              [
                -104.811139787927,
                39.6186536461426
              ],
              [
                -104.811102932137,
                39.618618653834
              ],
              [
                -104.811072999287,
                39.618590510745
              ],
              [
                -104.811028985409,
                39.618550535116
              ],
              [
                -104.810988196911,
                39.6185149153221
              ],
              [
                -104.810936968104,
                39.6184719852191
              ],
              [
                -104.810885901357,
                39.6184310564757
              ],
              [
                -104.810840008454,
                39.6183957724744
              ],
              [
                -104.810800252436,
                39.6183662844542
              ],
              [
                -104.810740829102,
                39.6183239719267
              ],
              [
                -104.810715443568,
                39.6183065091094
              ],
              [
                -104.810691729704,
                39.6182905171886
              ],
              [
                -104.810170159372,
                39.6179422167233
              ],
              [
                -104.810030705461,
                39.617849090266
              ],
              [
                -104.809775224481,
                39.6176784796944
              ],
              [
                -104.810432507439,
                39.6170981918753
              ],
              [
                -104.810428165047,
                39.616714018964
              ],
              [
                -104.810476110033,
                39.6124576942795
              ],
              [
                -104.810481618927,
                39.6119684743641
              ],
              [
                -104.810502100603,
                39.6109019753799
              ],
              [
                -104.810672659388,
                39.6110301540266
              ],
              [
                -104.8108951054,
                39.6112716287852
              ],
              [
                -104.811727178233,
                39.6119571728278
              ],
              [
                -104.811971431223,
                39.6121537755573
              ],
              [
                -104.812199667264,
                39.6123273260932
              ],
              [
                -104.814176507479,
                39.6138304513555
              ],
              [
                -104.814725474356,
                39.6141743105735
              ],
              [
                -104.814947416295,
                39.6143397258698
              ],
              [
                -104.815234343653,
                39.6145569404186
              ],
              [
                -104.815975803244,
                39.615138067386
              ],
              [
                -104.816246222816,
                39.6153525549273
              ],
              [
                -104.816465606654,
                39.6155355533876
              ],
              [
                -104.81676350093,
                39.6157981893502
              ],
              [
                -104.817592741501,
                39.616562253069
              ],
              [
                -104.817784268527,
                39.6167443387436
              ],
              [
                -104.818240721669,
                39.6171826486142
              ],
              [
                -104.818791968457,
                39.6177658982939
              ],
              [
                -104.818934901173,
                39.6179171259033
              ],
              [
                -104.819023049015,
                39.61801039014
              ],
              [
                -104.81906989611,
                39.6180590116524
              ],
              [
                -104.819097825915,
                39.6180878004328
              ],
              [
                -104.819124837609,
                39.6181171099603
              ],
              [
                -104.819137993983,
                39.6181319535821
              ],
              [
                -104.819163438416,
                39.618161819723
              ],
              [
                -104.81918824229,
                39.6181925422122
              ],
              [
                -104.819211912755,
                39.618223528356
              ],
              [
                -104.819234599549,
                39.6182549556065
              ],
              [
                -104.819260229386,
                39.6182928643138
              ],
              [
                -104.819276952685,
                39.6183190489707
              ],
              [
                -104.819306030217,
                39.6183681278354
              ],
              [
                -104.819332762521,
                39.618417999155
              ],
              [
                -104.819357108501,
                39.6184685962142
              ],
              [
                -104.819505561589,
                39.6188321018939
              ],
              [
                -104.819791138391,
                39.6195313678683
              ],
              [
                -104.820039700471,
                39.6202287389945
              ],
              [
                -104.820069958602,
                39.6203137073871
              ],
              [
                -104.820528901697,
                39.6216062308344
              ],
              [
                -104.82069296918,
                39.621993666378
              ],
              [
                -104.820729098123,
                39.6220959588195
              ],
              [
                -104.818030794433,
                39.6220865101089
              ],
              [
                -104.818026436551,
                39.622835271577
              ],
              [
                -104.820256832525,
                39.6228444223225
              ],
              [
                -104.821490352155,
                39.6228523165303
              ],
              [
                -104.821922579928,
                39.6240238403738
              ],
              [
                -104.824324754617,
                39.6240299345915
              ],
              [
                -104.82667051035,
                39.6240360320156
              ],
              [
                -104.82887276102,
                39.6240416230286
              ],
              [
                -104.828852123039,
                39.6259085447008
              ],
              [
                -104.828831563736,
                39.627768240141
              ],
              [
                -104.827621733611,
                39.6277666803997
              ],
              [
                -104.827611384384,
                39.6286775539448
              ],
              [
                -104.827735644069,
                39.6286779740668
              ],
              [
                -104.827725099234,
                39.6296076129183
              ],
              [
                -104.828811161912,
                39.6296138911499
              ],
              [
                -104.828806568116,
                39.6300294407494
              ],
              [
                -104.828792370435,
                39.6313134362659
              ],
              [
                -104.828735941681,
                39.6351048712078
              ],
              [
                -104.828815660725,
                39.6353097045446
              ],
              [
                -104.828874606315,
                39.6354746506611
              ],
              [
                -104.828942216297,
                39.6356820717626
              ],
              [
                -104.829003031491,
                39.635890743936
              ],
              [
                -104.829057020194,
                39.6361005398075
              ],
              [
                -104.829095267556,
                39.6362690927376
              ],
              [
                -104.829136878342,
                39.6364805662696
              ],
              [
                -104.829183517953,
                39.6367778475037
              ],
              [
                -104.829207564749,
                39.636981941015
              ],
              [
                -104.829226514949,
                39.6372043351585
              ],
              [
                -104.829236632419,
                39.6373939168041
              ],
              [
                -104.829230835557,
                39.6379478585544
              ],
              [
                -104.82985719239,
                39.6379520541442
              ],
              [
                -104.829847126482,
                39.6385796924646
              ],
              [
                -104.829224243823,
                39.6385778370291
              ],
              [
                -104.829165574352,
                39.6421680287311
              ],
              [
                -104.829249778081,
                39.6424432050803
              ],
              [
                -104.829186284859,
                39.6458348899001
              ],
              [
                -104.829084571636,
                39.646493339352
              ],
              [
                -104.829078789255,
                39.6466032207189
              ],
              [
                -104.829074397979,
                39.6467202905986
              ],
              [
                -104.829071377977,
                39.6469473692841
              ],
              [
                -104.82907299735,
                39.6470836218239
              ],
              [
                -104.829079154878,
                39.6472652305326
              ],
              [
                -104.829096967875,
                39.6475373873171
              ],
              [
                -104.82914294116,
                39.6479445779433
              ],
              [
                -104.829203142472,
                39.6483049126467
              ],
              [
                -104.829260174782,
                39.6485738272134
              ],
              [
                -104.82931544685,
                39.6487968600281
              ],
              [
                -104.829351974958,
                39.6489301573595
              ],
              [
                -104.829399315718,
                39.6490900506333
              ],
              [
                -104.829446971205,
                39.6492394774878
              ],
              [
                -104.829476609976,
                39.6493273798066
              ],
              [
                -104.829522548951,
                39.6494587952254
              ],
              [
                -104.829571556349,
                39.6495896795228
              ],
              [
                -104.829610508748,
                39.6496888263801
              ],
              [
                -104.829653533352,
                39.6497940691055
              ],
              [
                -104.829714285886,
                39.6499358477421
              ],
              [
                -104.829774577216,
                39.650069443578
              ],
              [
                -104.829853390535,
                39.6502350265572
              ],
              [
                -104.829938776821,
                39.6504042867714
              ],
              [
                -104.830021672435,
                39.6505598598519
              ],
              [
                -104.830101726709,
                39.6507030679311
              ],
              [
                -104.83014636904,
                39.6507802020903
              ],
              [
                -104.830181399918,
                39.6508393607205
              ],
              [
                -104.830227397479,
                39.6509155217012
              ],
              [
                -104.830249444169,
                39.6509514191298
              ],
              [
                -104.830266619473,
                39.6509790960396
              ],
              [
                -104.830283226832,
                39.6510056114619
              ],
              [
                -104.830309429344,
                39.6510470602876
              ],
              [
                -104.83033506019,
                39.6510871107736
              ],
              [
                -104.830368392161,
                39.6511385018896
              ],
              [
                -104.830483361425,
                39.6513099620929
              ],
              [
                -104.830567238534,
                39.6514298009866
              ],
              [
                -104.830653372588,
                39.6515486815494
              ],
              [
                -104.830725209578,
                39.6516447600747
              ],
              [
                -104.830776565061,
                39.6517119288826
              ],
              [
                -104.830839817708,
                39.6517929012248
              ],
              [
                -104.830898422183,
                39.6518663296411
              ],
              [
                -104.830988190093,
                39.6519759505795
              ],
              [
                -104.831195866756,
                39.6522011837338
              ],
              [
                -104.831382794521,
                39.6523997380195
              ],
              [
                -104.831948830877,
                39.6530009720601
              ],
              [
                -104.832237408507,
                39.6532788566212
              ],
              [
                -104.832432011532,
                39.6535101470124
              ],
              [
                -104.832619850948,
                39.6536813118738
              ],
              [
                -104.833748891925,
                39.6547101056338
              ],
              [
                -104.834544991254,
                39.6553471269643
              ],
              [
                -104.835532615494,
                39.6561373748556
              ],
              [
                -104.835681543356,
                39.6562050956957
              ],
              [
                -104.836014702592,
                39.6563565921392
              ],
              [
                -104.836452430587,
                39.6566235343495
              ],
              [
                -104.836797513825,
                39.656810745293
              ],
              [
                -104.836902579496,
                39.6568677434512
              ],
              [
                -104.836915533147,
                39.6568746124367
              ],
              [
                -104.836974093131,
                39.6569050014165
              ],
              [
                -104.837199470335,
                39.6570219574931
              ],
              [
                -104.837696035266,
                39.6572048974737
              ],
              [
                -104.838204870152,
                39.6573664414148
              ],
              [
                -104.83872067044,
                39.6575060143919
              ],
              [
                -104.83894424613,
                39.6575556395516
              ],
              [
                -104.839094774665,
                39.6575890494442
              ],
              [
                -104.839249389362,
                39.6576233667789
              ],
              [
                -104.839785666857,
                39.6577180577658
              ],
              [
                -104.840589059322,
                39.6578420375393
              ],
              [
                -104.841209485515,
                39.6579295226421
              ],
              [
                -104.841253732621,
                39.6577094745691
              ],
              [
                -104.842938726832,
                39.6574828876036
              ],
              [
                -104.843922360226,
                39.657215772159
              ],
              [
                -104.844426893562,
                39.6569734668353
              ],
              [
                -104.845008688671,
                39.6568731926967
              ],
              [
                -104.845886906901,
                39.6564921500812
              ],
              [
                -104.846076178281,
                39.6567527777831
              ],
              [
                -104.84314450032,
                39.6582374525435
              ],
              [
                -104.843553113934,
                39.6583005282796
              ],
              [
                -104.842880537125,
                39.6586395108096
              ],
              [
                -104.842868852089,
                39.6586455332901
              ],
              [
                -104.839578666582,
                39.6603413713082
              ],
              [
                -104.835534417819,
                39.6624407492411
              ],
              [
                -104.835234447537,
                39.6626092703862
              ],
              [
                -104.834924569318,
                39.6627924864806
              ],
              [
                -104.834316146891,
                39.6631806002985
              ],
              [
                -104.83400501869,
                39.6634012134294
              ],
              [
                -104.833557846493,
                39.6637336154258
              ],
              [
                -104.833121096154,
                39.6640907804993
              ],
              [
                -104.832705637438,
                39.6644492275247
              ],
              [
                -104.832543734701,
                39.6646055806183
              ],
              [
                -104.832318444709,
                39.664823145822
              ],
              [
                -104.832135546848,
                39.6650060472624
              ],
              [
                -104.8319597472,
                39.6651889858777
              ],
              [
                -104.831787472541,
                39.6653746925316
              ],
              [
                -104.831528876706,
                39.6656724688052
              ],
              [
                -104.831392356676,
                39.6658336698254
              ],
              [
                -104.831231819201,
                39.6660403287942
              ],
              [
                -104.831184192376,
                39.6661016404006
              ],
              [
                -104.831177727666,
                39.6661099622
              ],
              [
                -104.831095806646,
                39.6662154176664
              ],
              [
                -104.830975418604,
                39.6663842336031
              ],
              [
                -104.830813020807,
                39.6666128029689
              ],
              [
                -104.83058063781,
                39.6669702092457
              ],
              [
                -104.830465818297,
                39.6671548953952
              ],
              [
                -104.83018596896,
                39.6676105128095
              ],
              [
                -104.828452764801,
                39.6676155417245
              ],
              [
                -104.826060280706,
                39.6676104256342
              ],
              [
                -104.825839351757,
                39.6676099585668
              ],
              [
                -104.824017700645,
                39.6676060910453
              ],
              [
                -104.821817451605,
                39.6676012013187
              ],
              [
                -104.821550619765,
                39.6676006054874
              ],
              [
                -104.819545136704,
                39.6675961036635
              ],
              [
                -104.819066665824,
                39.6675949307762
              ],
              [
                -104.816589827552,
                39.6675883342341
              ],
              [
                -104.81645925096,
                39.6675910067392
              ],
              [
                -104.816329515184,
                39.6675986603752
              ],
              [
                -104.81619969737,
                39.6676114645996
              ],
              [
                -104.816071664848,
                39.6676295905581
              ],
              [
                -104.815944441399,
                39.667652700188
              ],
              [
                -104.815819829952,
                39.6676811443637
              ],
              [
                -104.815696947687,
                39.6677144219293
              ],
              [
                -104.815575790126,
                39.6677528200281
              ],
              [
                -104.815458140718,
                39.6677958888222
              ],
              [
                -104.815343108226,
                39.6678437789378
              ],
              [
                -104.815231581157,
                39.6678963405508
              ],
              [
                -104.815124453922,
                39.6679531790581
              ],
              [
                -104.81502083628,
                39.66801436503
              ],
              [
                -104.814920730645,
                39.6680796712516
              ],
              [
                -104.814825913563,
                39.6681489553165
              ],
              [
                -104.814736390464,
                39.6682218728962
              ],
              [
                -104.812567423209,
                39.6700753869208
              ],
              [
                -104.812482007874,
                39.6701447870189
              ],
              [
                -104.8123846032,
                39.6702154527052
              ],
              [
                -104.812289912084,
                39.6702776161192
              ],
              [
                -104.812187176795,
                39.6703387866831
              ],
              [
                -104.812079153866,
                39.6703956360191
              ],
              [
                -104.811968512728,
                39.6704480089091
              ],
              [
                -104.811853473956,
                39.6704957234622
              ],
              [
                -104.811748377722,
                39.6705343278169
              ],
              [
                -104.811735815961,
                39.6705389415699
              ],
              [
                -104.811722697017,
                39.6705431025373
              ],
              [
                -104.81168868381,
                39.6705539226626
              ],
              [
                -104.811615562714,
                39.6705771814033
              ],
              [
                -104.811492651167,
                39.6706106327491
              ],
              [
                -104.811368031818,
                39.6706390533148
              ],
              [
                -104.811241651509,
                39.6706623414693
              ],
              [
                -104.811113646938,
                39.6706804564595
              ],
              [
                -104.81098382225,
                39.6706934252571
              ],
              [
                -104.810854079938,
                39.6707010728407
              ],
              [
                -104.810724387101,
                39.6707035728814
              ],
              [
                -104.809942839829,
                39.6707022509325
              ],
              [
                -104.809937011659,
                39.6730076638237
              ],
              [
                -104.809932495383,
                39.6748190865954
              ],
              [
                -104.809931252941,
                39.674819088411
              ],
              [
                -104.809192628979,
                39.6748195447535
              ],
              [
                -104.808592345311,
                39.6748062349967
              ],
              [
                -104.807971431958,
                39.6747680907988
              ],
              [
                -104.807270489425,
                39.6746947267729
              ],
              [
                -104.806679817802,
                39.6746075948552
              ],
              [
                -104.806204564928,
                39.6745252592656
              ],
              [
                -104.804535888129,
                39.6742342508582
              ],
              [
                -104.803426770483,
                39.6740320049606
              ],
              [
                -104.803060159914,
                39.6739771405619
              ],
              [
                -104.802661074612,
                39.6739078493381
              ],
              [
                -104.802288621182,
                39.6738493576024
              ],
              [
                -104.801794092147,
                39.6737861946828
              ],
              [
                -104.801401901709,
                39.6737476587752
              ],
              [
                -104.798794878058,
                39.673688297024
              ],
              [
                -104.791074338067,
                39.6736718065282
              ],
              [
                -104.79102349916,
                39.6736711267972
              ],
              [
                -104.790724447003,
                39.6736671281428
              ],
              [
                -104.790419728869,
                39.6736548140806
              ],
              [
                -104.790258661689,
                39.6736387719772
              ],
              [
                -104.790099531712,
                39.6736161543228
              ],
              [
                -104.789946761344,
                39.6735879915516
              ],
              [
                -104.789791651431,
                39.6735526158571
              ],
              [
                -104.78964091852,
                39.6735114461059
              ],
              [
                -104.789493384235,
                39.6734646361127
              ],
              [
                -104.789030795818,
                39.6733058478822
              ],
              [
                -104.788944524889,
                39.673276456463
              ],
              [
                -104.788818206831,
                39.6732362385616
              ],
              [
                -104.78869396949,
                39.6732025461545
              ],
              [
                -104.788567642395,
                39.6731741639658
              ],
              [
                -104.788440123152,
                39.6731509329863
              ],
              [
                -104.78831138981,
                39.6731329762866
              ],
              [
                -104.788181792289,
                39.673120349036
              ],
              [
                -104.788051355905,
                39.6731128767219
              ]
            ]
          ],
          [
            [
              [
                -104.796522093061,
                39.6025404806182
              ],
              [
                -104.796530848799,
                39.6018913118985
              ],
              [
                -104.796550545737,
                39.6004308715679
              ],
              [
                -104.796551444018,
                39.6003642450497
              ],
              [
                -104.796560585706,
                39.599686555277
              ],
              [
                -104.796592250643,
                39.597338571068
              ],
              [
                -104.79659335505,
                39.5971491388315
              ],
              [
                -104.796601461705,
                39.5965475384753
              ],
              [
                -104.796621064347,
                39.5950925682474
              ],
              [
                -104.796622984078,
                39.5949501179308
              ],
              [
                -104.796624394771,
                39.5948454861349
              ],
              [
                -104.801308045616,
                39.5948478456414
              ],
              [
                -104.801767932732,
                39.5948485900051
              ],
              [
                -104.801962108868,
                39.5948489154087
              ],
              [
                -104.801310944397,
                39.5937031877126
              ],
              [
                -104.799599586598,
                39.5906918449019
              ],
              [
                -104.799598873698,
                39.5906905909661
              ],
              [
                -104.799598159998,
                39.5906893344685
              ],
              [
                -104.799597442186,
                39.5906880760288
              ],
              [
                -104.799596730126,
                39.5906868208194
              ],
              [
                -104.799596015593,
                39.5906855649561
              ],
              [
                -104.799595301912,
                39.590684306541
              ],
              [
                -104.799594584895,
                39.5906830513021
              ],
              [
                -104.799593872008,
                39.5906817960878
              ],
              [
                -104.799593154171,
                39.5906805402048
              ],
              [
                -104.799592440496,
                39.5906792811505
              ],
              [
                -104.79959172264,
                39.5906780271849
              ],
              [
                -104.799591009766,
                39.5906767706923
              ],
              [
                -104.799590292749,
                39.5906755154534
              ],
              [
                -104.799589574912,
                39.5906742595703
              ],
              [
                -104.799588862852,
                39.5906730043609
              ],
              [
                -104.799588144189,
                39.5906717484729
              ],
              [
                -104.79958742803,
                39.590670490043
              ],
              [
                -104.799586710186,
                39.5906692347991
              ],
              [
                -104.799585993169,
                39.5906679795601
              ],
              [
                -104.799585275333,
                39.590666723677
              ],
              [
                -104.79958456162,
                39.5906654684578
              ],
              [
                -104.799583845442,
                39.5906642119454
              ],
              [
                -104.799583126773,
                39.5906629566965
              ],
              [
                -104.799582410582,
                39.5906617014624
              ],
              [
                -104.799581687782,
                39.590660446189
              ],
              [
                -104.799580971598,
                39.5906591903157
              ],
              [
                -104.799580252928,
                39.5906579350668
              ],
              [
                -104.799579536738,
                39.5906566798327
              ],
              [
                -104.799578819695,
                39.5906554271505
              ],
              [
                -104.799578101853,
                39.5906541719065
              ],
              [
                -104.799577381538,
                39.5906529160086
              ],
              [
                -104.799576663695,
                39.5906516607646
              ],
              [
                -104.797313074256,
                39.587190369284
              ],
              [
                -104.797288903807,
                39.5871537825628
              ],
              [
                -104.797768351735,
                39.5871556929543
              ],
              [
                -104.803697892633,
                39.5871791390751
              ],
              [
                -104.803841912828,
                39.587179704817
              ],
              [
                -104.806025036682,
                39.5871882586119
              ],
              [
                -104.806022930937,
                39.5877373355463
              ],
              [
                -104.806015979097,
                39.5877373097972
              ],
              [
                -104.806048614091,
                39.5877533543384
              ],
              [
                -104.809857660269,
                39.5896259061348
              ],
              [
                -104.81052410494,
                39.58968924825
              ],
              [
                -104.810700788516,
                39.5897060437843
              ],
              [
                -104.810712828616,
                39.587756060018
              ],
              [
                -104.815374889245,
                39.5877657522483
              ],
              [
                -104.815347353354,
                39.5909913371609
              ],
              [
                -104.815315174679,
                39.5947604111072
              ],
              [
                -104.816488226164,
                39.594765597357
              ],
              [
                -104.816845241994,
                39.5947257643761
              ],
              [
                -104.817554955716,
                39.5947284262049
              ],
              [
                -104.817915374493,
                39.5947718889225
              ],
              [
                -104.819957170914,
                39.5947808634104
              ],
              [
                -104.820684978337,
                39.5947839243234
              ],
              [
                -104.821019054356,
                39.5951971423246
              ],
              [
                -104.823515441147,
                39.5980975817362
              ],
              [
                -104.825173963538,
                39.6000243819293
              ],
              [
                -104.825334522691,
                39.6002144799841
              ],
              [
                -104.82549077033,
                39.6004067206358
              ],
              [
                -104.825642654161,
                39.6006010403184
              ],
              [
                -104.825790126752,
                39.6007973850815
              ],
              [
                -104.825933148249,
                39.6009956863161
              ],
              [
                -104.826071678623,
                39.6011958933101
              ],
              [
                -104.826205663155,
                39.6013979360904
              ],
              [
                -104.826335072585,
                39.6016017608096
              ],
              [
                -104.826459860392,
                39.6018073039334
              ],
              [
                -104.826660820122,
                39.6021596236032
              ],
              [
                -104.826708174477,
                39.6022745648527
              ],
              [
                -104.824613987417,
                39.6022640302142
              ],
              [
                -104.824601874083,
                39.6022639694971
              ],
              [
                -104.819936146033,
                39.6022403631532
              ],
              [
                -104.818388738807,
                39.6022332380191
              ],
              [
                -104.81839268522,
                39.6017116004536
              ],
              [
                -104.824084310657,
                39.6017397310111
              ],
              [
                -104.824117922072,
                39.601739893781
              ],
              [
                -104.824124963259,
                39.6010092373107
              ],
              [
                -104.824126090181,
                39.6008922344349
              ],
              [
                -104.824096792623,
                39.6008649960899
              ],
              [
                -104.823458867734,
                39.6002719022113
              ],
              [
                -104.823342040065,
                39.6001632819302
              ],
              [
                -104.822935463025,
                39.5997852730597
              ],
              [
                -104.822918229657,
                39.5997692505402
              ],
              [
                -104.822618027138,
                39.5994901380337
              ],
              [
                -104.822206292178,
                39.5991317850922
              ],
              [
                -104.821851093904,
                39.5986817412392
              ],
              [
                -104.821761866338,
                39.5985047458441
              ],
              [
                -104.821723405934,
                39.5982858684237
              ],
              [
                -104.821790654445,
                39.5980549225892
              ],
              [
                -104.822005372214,
                39.5976621974967
              ],
              [
                -104.822105928669,
                39.5972792738488
              ],
              [
                -104.822088026318,
                39.5970396471107
              ],
              [
                -104.82189983303,
                39.5967648681327
              ],
              [
                -104.820971023956,
                39.5964984950672
              ],
              [
                -104.820044577472,
                39.5961057297978
              ],
              [
                -104.819952688016,
                39.5960849221866
              ],
              [
                -104.816849621741,
                39.5960681419882
              ],
              [
                -104.816602897779,
                39.5964671796478
              ],
              [
                -104.816221067712,
                39.5975687577097
              ],
              [
                -104.816058548117,
                39.5982937294395
              ],
              [
                -104.816118687043,
                39.59893168222
              ],
              [
                -104.81624141353,
                39.5997927692274
              ],
              [
                -104.815479767775,
                39.5998630850725
              ],
              [
                -104.815361777018,
                39.5992530420573
              ],
              [
                -104.815068324574,
                39.5989530597675
              ],
              [
                -104.814958983924,
                39.5985935418053
              ],
              [
                -104.813396956342,
                39.5985811021309
              ],
              [
                -104.812767272984,
                39.5969577572834
              ],
              [
                -104.812858069544,
                39.5952910528856
              ],
              [
                -104.812251268633,
                39.5952882157006
              ],
              [
                -104.812250038434,
                39.5953878402801
              ],
              [
                -104.811755665368,
                39.5953840813758
              ],
              [
                -104.81153955548,
                39.5959870632494
              ],
              [
                -104.810862469482,
                39.5966669099494
              ],
              [
                -104.810926109448,
                39.598231778454
              ],
              [
                -104.811062413675,
                39.5982328160056
              ],
              [
                -104.811058959639,
                39.5984631112627
              ],
              [
                -104.810632817304,
                39.5984598675789
              ],
              [
                -104.810666483475,
                39.5951378317469
              ],
              [
                -104.810475046063,
                39.5951511899818
              ],
              [
                -104.808114141137,
                39.5951473588977
              ],
              [
                -104.807828302345,
                39.5951468926712
              ],
              [
                -104.803725146015,
                39.5951401104701
              ],
              [
                -104.803370341203,
                39.5951806927458
              ],
              [
                -104.802892163653,
                39.5951798901933
              ],
              [
                -104.802810438916,
                39.5953564915133
              ],
              [
                -104.803025112299,
                39.5957333228636
              ],
              [
                -104.803269260599,
                39.5964000161391
              ],
              [
                -104.803387504664,
                39.5966075759193
              ],
              [
                -104.806111975735,
                39.6013895048527
              ],
              [
                -104.806317362377,
                39.6016543562544
              ],
              [
                -104.80639145152,
                39.6017959525313
              ],
              [
                -104.806399939277,
                39.6018121735292
              ],
              [
                -104.806545725603,
                39.6020907910953
              ],
              [
                -104.806621671287,
                39.6020913015363
              ],
              [
                -104.806679327522,
                39.6022014915123
              ],
              [
                -104.805909415423,
                39.6022023526147
              ],
              [
                -104.805918006129,
                39.6022183091371
              ],
              [
                -104.805885241394,
                39.6022288614334
              ],
              [
                -104.80589888323,
                39.6022542079322
              ],
              [
                -104.80593164798,
                39.602243654993
              ],
              [
                -104.805992064275,
                39.6023534007406
              ],
              [
                -104.806045705599,
                39.6024326967369
              ],
              [
                -104.805539131452,
                39.6023691960239
              ],
              [
                -104.805443655458,
                39.6025311937052
              ],
              [
                -104.796522093061,
                39.6025404806182
              ]
            ]
          ],
          [
            [
              [
                -104.811885181582,
                39.5947863599318
              ],
              [
                -104.812075488702,
                39.5947460271729
              ],
              [
                -104.811787227182,
                39.5947447426496
              ],
              [
                -104.811787042146,
                39.5947739120137
              ],
              [
                -104.811786966057,
                39.5947859224025
              ],
              [
                -104.811885181582,
                39.5947863599318
              ]
            ]
          ],
          [
            [
              [
                -104.803196261221,
                39.5947570617841
              ],
              [
                -104.803377766082,
                39.5947273601313
              ],
              [
                -104.803553565324,
                39.594727621822
              ],
              [
                -104.802864680165,
                39.5932819708816
              ],
              [
                -104.801534911738,
                39.5932787711094
              ],
              [
                -104.80207950138,
                39.5942369848274
              ],
              [
                -104.802982836966,
                39.5942383227944
              ],
              [
                -104.803141453644,
                39.5946238497049
              ],
              [
                -104.803153911142,
                39.5946541280496
              ],
              [
                -104.803196261221,
                39.5947570617841
              ]
            ]
          ]
        ]
      },
      "properties": {
        "feature_id": 5,
        "ward": "V"
      }
    },
    {
      "type": "Feature",
      "id": 6,
      "geometry": {
        "type": "MultiPolygon",
        "coordinates": [
          [
            [
              [
                -104.640736130026,
                39.7256250533835
              ],
              [
                -104.650117617803,
                39.7255990538913
              ],
              [
                -104.650083950282,
                39.7389202393197
              ],
              [
                -104.646555301165,
                39.7384950393445
              ],
              [
                -104.644907330788,
                39.7382988902285
              ],
              [
                -104.642627144246,
                39.7380279034962
              ],
              [
                -104.640691061768,
                39.7377927063499
              ],
              [
                -104.640693006565,
                39.7372435814374
              ],
              [
                -104.640736130026,
                39.7256250533835
              ]
            ]
          ],
          [
            [
              [
                -104.621768839917,
                39.7414838065914
              ],
              [
                -104.63128427498,
                39.7400147273182
              ],
              [
                -104.631281100602,
                39.7404816015691
              ],
              [
                -104.628844744467,
                39.7418655873618
              ],
              [
                -104.627354864588,
                39.7426987429471
              ],
              [
                -104.626991741051,
                39.7428847927139
              ],
              [
                -104.626653965162,
                39.7430357211346
              ],
              [
                -104.626375403017,
                39.7431543683009
              ],
              [
                -104.626178468425,
                39.7432358697608
              ],
              [
                -104.626088206195,
                39.7432714996984
              ],
              [
                -104.625977337019,
                39.7433139693731
              ],
              [
                -104.625951646738,
                39.7433235917338
              ],
              [
                -104.625933761823,
                39.7433298422722
              ],
              [
                -104.62592117444,
                39.7433345665941
              ],
              [
                -104.625863946555,
                39.7433553835903
              ],
              [
                -104.62586244337,
                39.7433557778374
              ],
              [
                -104.625712341136,
                39.7434092677615
              ],
              [
                -104.625592106527,
                39.7434507623835
              ],
              [
                -104.625420140176,
                39.7435073267036
              ],
              [
                -104.625251349618,
                39.7435599701901
              ],
              [
                -104.625080918542,
                39.7436109033603
              ],
              [
                -104.624908385482,
                39.7436593518988
              ],
              [
                -104.624735359849,
                39.7437057338197
              ],
              [
                -104.624559864158,
                39.74375004991
              ],
              [
                -104.624387010098,
                39.743791058993
              ],
              [
                -104.624207488711,
                39.7438309906866
              ],
              [
                -104.624030266908,
                39.7438679063757
              ],
              [
                -104.62385247297,
                39.7439023200204
              ],
              [
                -104.62367047412,
                39.7439349527501
              ],
              [
                -104.62360888127,
                39.74394511694
              ],
              [
                -104.623485168442,
                39.7439654323482
              ],
              [
                -104.623314580485,
                39.7439912087572
              ],
              [
                -104.623224777958,
                39.7440035990577
              ],
              [
                -104.623125734375,
                39.7440170498983
              ],
              [
                -104.622949770821,
                39.7440387290332
              ],
              [
                -104.622768650167,
                39.7440585490168
              ],
              [
                -104.622602464652,
                39.7440744649374
              ],
              [
                -104.622407142273,
                39.7440907197595
              ],
              [
                -104.622226673769,
                39.7441031491755
              ],
              [
                -104.621750790468,
                39.7441330028499
              ],
              [
                -104.621768839917,
                39.7414838065914
              ]
            ]
          ],
          [
            [
              [
                -104.583343536839,
                39.7472307606958
              ],
              [
                -104.583379050054,
                39.7401818861511
              ],
              [
                -104.600047666705,
                39.7404361436043
              ],
              [
                -104.601151785605,
                39.7406807740801
              ],
              [
                -104.601117577702,
                39.7444956528639
              ],
              [
                -104.583343536839,
                39.7472307606958
              ]
            ]
          ],
          [
            [
              [
                -104.573944812522,
                39.7486983929846
              ],
              [
                -104.573945813755,
                39.7465734161998
              ],
              [
                -104.5794602377,
                39.7466629882088
              ],
              [
                -104.580822675876,
                39.7476186999074
              ],
              [
                -104.578597934256,
                39.7479679914382
              ],
              [
                -104.578527057274,
                39.7476989720389
              ],
              [
                -104.573996529211,
                39.7484101605594
              ],
              [
                -104.574067403471,
                39.7486791772925
              ],
              [
                -104.573944812522,
                39.7486983929846
              ]
            ]
          ],
          [
            [
              [
                -104.594829236368,
                39.7469474770821
              ],
              [
                -104.595194922175,
                39.7469251326481
              ],
              [
                -104.595162263046,
                39.7505188536736
              ],
              [
                -104.592800081543,
                39.7504906967167
              ],
              [
                -104.59282090902,
                39.7471497002743
              ],
              [
                -104.592923915243,
                39.747134632787
              ],
              [
                -104.593236049817,
                39.7470933190516
              ],
              [
                -104.593528519646,
                39.7470587846912
              ],
              [
                -104.593846163531,
                39.7470255783537
              ],
              [
                -104.594070478965,
                39.7470051651626
              ],
              [
                -104.594164618223,
                39.7469967755939
              ],
              [
                -104.594347649723,
                39.7469819536784
              ],
              [
                -104.594619331886,
                39.7469617003716
              ],
              [
                -104.594829236368,
                39.7469474770821
              ]
            ]
          ],
          [
            [
              [
                -104.545797619346,
                39.7530987925368
              ],
              [
                -104.545814144588,
                39.7452154580961
              ],
              [
                -104.54102511545,
                39.7451744368253
              ],
              [
                -104.541025214745,
                39.7460529213174
              ],
              [
                -104.536392778579,
                39.7459910043696
              ],
              [
                -104.536406150373,
                39.7393838791202
              ],
              [
                -104.545820015376,
                39.7395696417624
              ],
              [
                -104.545819636162,
                39.7406644522667
              ],
              [
                -104.548172167155,
                39.7407003791984
              ],
              [
                -104.548174606856,
                39.739626755099
              ],
              [
                -104.555259071196,
                39.7397939836228
              ],
              [
                -104.559430192354,
                39.7398880940164
              ],
              [
                -104.563449736571,
                39.7399332756108
              ],
              [
                -104.564338814685,
                39.7402416766097
              ],
              [
                -104.564339392662,
                39.7410655064322
              ],
              [
                -104.564410580266,
                39.7413398117551
              ],
              [
                -104.564517257171,
                39.741339777135
              ],
              [
                -104.564520090514,
                39.7464197772345
              ],
              [
                -104.572764226843,
                39.7465542124449
              ],
              [
                -104.572757867365,
                39.7475130791586
              ],
              [
                -104.57127029053,
                39.7477458636852
              ],
              [
                -104.571439386687,
                39.7483902774868
              ],
              [
                -104.570393733016,
                39.748553849249
              ],
              [
                -104.570323098481,
                39.7482847941999
              ],
              [
                -104.566907268466,
                39.7488190753535
              ],
              [
                -104.567157542207,
                39.7497599859329
              ],
              [
                -104.545797619346,
                39.7530987925368
              ]
            ]
          ],
          [
            [
              [
                -104.536491438518,
                39.8041014180633
              ],
              [
                -104.536462974787,
                39.7968197723342
              ],
              [
                -104.545862415716,
                39.796963596029
              ],
              [
                -104.545897347408,
                39.80423622074
              ],
              [
                -104.536491438518,
                39.8041014180633
              ]
            ]
          ],
          [
            [
              [
                -104.631349333151,
                39.6964244377562
              ],
              [
                -104.640775660387,
                39.6965023199328
              ],
              [
                -104.640783680457,
                39.6820384435215
              ],
              [
                -104.63143827045,
                39.6820177841978
              ],
              [
                -104.6314168036,
                39.685502504088
              ],
              [
                -104.631394231162,
                39.6891377012161
              ],
              [
                -104.631349333151,
                39.6964244377562
              ],
              [
                -104.621922154908,
                39.6963477263033
              ],
              [
                -104.62181551693,
                39.6963466174168
              ],
              [
                -104.621846148882,
                39.6940675264214
              ],
              [
                -104.621952786367,
                39.6940683813758
              ],
              [
                -104.62216791834,
                39.6940287597786
              ],
              [
                -104.622380738601,
                39.6939822787224
              ],
              [
                -104.622590881383,
                39.6939290201864
              ],
              [
                -104.622797983903,
                39.6938690759225
              ],
              [
                -104.623001689058,
                39.6938025468357
              ],
              [
                -104.623201648244,
                39.6937295493977
              ],
              [
                -104.623397516889,
                39.6936502089013
              ],
              [
                -104.623588957322,
                39.6935646615592
              ],
              [
                -104.623775641673,
                39.6934730543654
              ],
              [
                -104.623957246913,
                39.6933755445792
              ],
              [
                -104.62413346083,
                39.6932723016865
              ],
              [
                -104.624303981693,
                39.6931635011653
              ],
              [
                -104.624468515681,
                39.6930493314973
              ],
              [
                -104.624626779226,
                39.6929299890716
              ],
              [
                -104.624778499413,
                39.6928056788268
              ],
              [
                -104.624923416872,
                39.6926766150711
              ],
              [
                -104.625061280625,
                39.6925430195262
              ],
              [
                -104.625191854705,
                39.6924051216959
              ],
              [
                -104.625314914629,
                39.6922631596387
              ],
              [
                -104.625430247632,
                39.6921173775723
              ],
              [
                -104.625537656603,
                39.6919680255833
              ],
              [
                -104.625636955937,
                39.6918153605542
              ],
              [
                -104.625727974217,
                39.6916596463441
              ],
              [
                -104.625810556541,
                39.6915011499694
              ],
              [
                -104.625884559743,
                39.6913401433271
              ],
              [
                -104.625949857951,
                39.6911769049926
              ],
              [
                -104.626006337061,
                39.6910117157051
              ],
              [
                -104.62605390012,
                39.6908448577675
              ],
              [
                -104.626092467053,
                39.6906766206377
              ],
              [
                -104.626121969805,
                39.6905072919435
              ],
              [
                -104.626142358464,
                39.6903371642396
              ],
              [
                -104.626153598845,
                39.6901665297162
              ],
              [
                -104.626155669993,
                39.689995681299
              ],
              [
                -104.626148569748,
                39.6898249141286
              ],
              [
                -104.626132309228,
                39.6896545200864
              ],
              [
                -104.626106917713,
                39.6894847942231
              ],
              [
                -104.626072438381,
                39.6893160284945
              ],
              [
                -104.626028929338,
                39.6891485116095
              ],
              [
                -104.625976468742,
                39.6889825332232
              ],
              [
                -104.62591514266,
                39.688818378573
              ],
              [
                -104.625845060999,
                39.6886563287574
              ],
              [
                -104.625766341316,
                39.6884966644505
              ],
              [
                -104.625679119252,
                39.6883396589487
              ],
              [
                -104.625583546192,
                39.6881855834267
              ],
              [
                -104.625479787044,
                39.6880347021275
              ],
              [
                -104.625368018155,
                39.6878872739445
              ],
              [
                -104.625248433491,
                39.687743554226
              ],
              [
                -104.625121238301,
                39.6876037888151
              ],
              [
                -104.624986652573,
                39.6874682187105
              ],
              [
                -104.624844905281,
                39.6873370769869
              ],
              [
                -104.624696242035,
                39.6872105891724
              ],
              [
                -104.624540918876,
                39.6870889730421
              ],
              [
                -104.624379202701,
                39.6869724378232
              ],
              [
                -104.624211370443,
                39.6868611835493
              ],
              [
                -104.624037712787,
                39.6867554017276
              ],
              [
                -104.623858526522,
                39.6866552746433
              ],
              [
                -104.623674122221,
                39.6865609738187
              ],
              [
                -104.623484814899,
                39.6864726620209
              ],
              [
                -104.623290931491,
                39.6863904912411
              ],
              [
                -104.623092804433,
                39.6863146032857
              ],
              [
                -104.622890775208,
                39.6862451270857
              ],
              [
                -104.622685191815,
                39.6861821828343
              ],
              [
                -104.622476407142,
                39.6861258798959
              ],
              [
                -104.622264780239,
                39.68607631426
              ],
              [
                -104.622050676286,
                39.6860335707781
              ],
              [
                -104.621944048127,
                39.6860329295458
              ],
              [
                -104.621949767264,
                39.6854650570713
              ],
              [
                -104.62198472538,
                39.6819942991118
              ],
              [
                -104.617398067048,
                39.6819468850975
              ],
              [
                -104.612704768536,
                39.6818981830793
              ],
              [
                -104.612643912194,
                39.6889963381317
              ],
              [
                -104.603380670859,
                39.6889019610758
              ],
              [
                -104.603335472355,
                39.6961590373298
              ],
              [
                -104.603228834948,
                39.6961579125477
              ],
              [
                -104.593133894333,
                39.6960096780082
              ],
              [
                -104.593018506754,
                39.703265339523
              ],
              [
                -104.583590250246,
                39.7031309558236
              ],
              [
                -104.583448077156,
                39.7031284427469
              ],
              [
                -104.583579387696,
                39.6958680545688
              ],
              [
                -104.58358075001,
                39.6957856868295
              ],
              [
                -104.58372287676,
                39.6957883760904
              ],
              [
                -104.583841337438,
                39.6886192374551
              ],
              [
                -104.583962385309,
                39.6813695669811
              ],
              [
                -104.584058485696,
                39.6741120077587
              ],
              [
                -104.584116570176,
                39.6668800860226
              ],
              [
                -104.593510485462,
                39.6670141796027
              ],
              [
                -104.60334212045,
                39.6671364412241
              ],
              [
                -104.603342857922,
                39.6670540563392
              ],
              [
                -104.603449426051,
                39.6670553312147
              ],
              [
                -104.612787344688,
                39.6670891521027
              ],
              [
                -104.617455401919,
                39.6671057815708
              ],
              [
                -104.622123460108,
                39.6671222256529
              ],
              [
                -104.622123299423,
                39.6672046130372
              ],
              [
                -104.622109120169,
                39.6745218532061
              ],
              [
                -104.622322346521,
                39.6745226364079
              ],
              [
                -104.631463496084,
                39.6745558468449
              ],
              [
                -104.640819503199,
                39.6745836794692
              ],
              [
                -104.640854032389,
                39.6672036837725
              ],
              [
                -104.659571088479,
                39.6672442732465
              ],
              [
                -104.659569304963,
                39.6673266569044
              ],
              [
                -104.669079105909,
                39.6673255280293
              ],
              [
                -104.678585731464,
                39.6673240317362
              ],
              [
                -104.691323955444,
                39.6674095970537
              ],
              [
                -104.697444811139,
                39.6674500547563
              ],
              [
                -104.697340631554,
                39.6819996241664
              ],
              [
                -104.698087445328,
                39.6819986765802
              ],
              [
                -104.698086699933,
                39.6820810654098
              ],
              [
                -104.702016359548,
                39.6820757047285
              ],
              [
                -104.702022723932,
                39.6810870644864
              ],
              [
                -104.700568537923,
                39.6810890650687
              ],
              [
                -104.700494618893,
                39.6816747457721
              ],
              [
                -104.700495211077,
                39.6818031865079
              ],
              [
                -104.700845197264,
                39.6818026882443
              ],
              [
                -104.700843944588,
                39.681994931993
              ],
              [
                -104.698087445328,
                39.6819986765802
              ],
              [
                -104.698187538677,
                39.668026835998
              ],
              [
                -104.71591475235,
                39.6680233388261
              ],
              [
                -104.71591526226,
                39.6674466235425
              ],
              [
                -104.725469197633,
                39.6674500035084
              ],
              [
                -104.725527278043,
                39.6530028501613
              ],
              [
                -104.735003830643,
                39.6530132622868
              ],
              [
                -104.735020574507,
                39.6530132798708
              ],
              [
                -104.753639498869,
                39.6529748647847
              ],
              [
                -104.753618833377,
                39.6674724120914
              ],
              [
                -104.75416939416,
                39.6674729263691
              ],
              [
                -104.754170648824,
                39.6674729303349
              ],
              [
                -104.759105506934,
                39.6674891471102
              ],
              [
                -104.759105507976,
                39.6674889895514
              ],
              [
                -104.759113486395,
                39.6661721753589
              ],
              [
                -104.759116990632,
                39.6660958851549
              ],
              [
                -104.759127533846,
                39.666002398692
              ],
              [
                -104.759147637801,
                39.6658958076265
              ],
              [
                -104.759172543452,
                39.6657974902351
              ],
              [
                -104.759203802242,
                39.6656997974332
              ],
              [
                -104.759213217222,
                39.6656739134532
              ],
              [
                -104.759243201919,
                39.6655769926043
              ],
              [
                -104.75926656063,
                39.6654779367349
              ],
              [
                -104.759282664698,
                39.6653782847813
              ],
              [
                -104.75929254972,
                39.6652784415004
              ],
              [
                -104.759296274118,
                39.6651772812923
              ],
              [
                -104.75929205866,
                39.6650769824013
              ],
              [
                -104.759281569144,
                39.6649766188803
              ],
              [
                -104.759264851446,
                39.6648769599871
              ],
              [
                -104.759240178394,
                39.6647785228219
              ],
              [
                -104.759210103139,
                39.664680349793
              ],
              [
                -104.759125633044,
                39.6644380830842
              ],
              [
                -104.758813571184,
                39.6635477660077
              ],
              [
                -104.758497946412,
                39.6626451997499
              ],
              [
                -104.758455134425,
                39.6625092834472
              ],
              [
                -104.758426753409,
                39.6624196208884
              ],
              [
                -104.758371563771,
                39.6621878567778
              ],
              [
                -104.758331438842,
                39.6619543934149
              ],
              [
                -104.758314315703,
                39.6618108894816
              ],
              [
                -104.758314896978,
                39.6618110580661
              ],
              [
                -104.758442921294,
                39.6618482079046
              ],
              [
                -104.75844348117,
                39.6618482101585
              ],
              [
                -104.760827725125,
                39.6618559511128
              ],
              [
                -104.762445198959,
                39.6632246712646
              ],
              [
                -104.762489384666,
                39.6633434117036
              ],
              [
                -104.76290971837,
                39.6636978736418
              ],
              [
                -104.76309084693,
                39.66383354211
              ],
              [
                -104.76309115859,
                39.6638333583732
              ],
              [
                -104.763401418643,
                39.6636504617696
              ],
              [
                -104.763401604218,
                39.6636506484635
              ],
              [
                -104.763665119611,
                39.6639156925436
              ],
              [
                -104.7642147136,
                39.6644095363653
              ],
              [
                -104.764324802848,
                39.6645165990205
              ],
              [
                -104.764567693135,
                39.6647236749915
              ],
              [
                -104.764783101605,
                39.6648748160712
              ],
              [
                -104.765340434918,
                39.6650884794071
              ],
              [
                -104.765901152178,
                39.665303395033
              ],
              [
                -104.76590129784,
                39.6653032275109
              ],
              [
                -104.766059747908,
                39.66512086993
              ],
              [
                -104.76609203866,
                39.6650856076887
              ],
              [
                -104.766126820878,
                39.6650520507461
              ],
              [
                -104.766163763684,
                39.6650194916656
              ],
              [
                -104.766203147642,
                39.6649888619282
              ],
              [
                -104.766244311686,
                39.6649597690846
              ],
              [
                -104.766288107885,
                39.6649325904719
              ],
              [
                -104.766333805345,
                39.6649070666402
              ],
              [
                -104.766380864035,
                39.6648834112286
              ],
              [
                -104.766440120586,
                39.6648577052712
              ],
              [
                -104.766792678781,
                39.664711396807
              ],
              [
                -104.766841252127,
                39.6646899816631
              ],
              [
                -104.766889251711,
                39.6646663841724
              ],
              [
                -104.766935901241,
                39.6646408110727
              ],
              [
                -104.766980617246,
                39.6646135767341
              ],
              [
                -104.767023516825,
                39.6645847339845
              ],
              [
                -104.767064616904,
                39.6645534337405
              ],
              [
                -104.767103193382,
                39.6645219545884
              ],
              [
                -104.76713969828,
                39.6644887486249
              ],
              [
                -104.767173801485,
                39.6644538270572
              ],
              [
                -104.767205938115,
                39.6644177365681
              ],
              [
                -104.767243073449,
                39.6643705723913
              ],
              [
                -104.767395532977,
                39.6641681942448
              ],
              [
                -104.767395933711,
                39.664168370288
              ],
              [
                -104.767487039042,
                39.6642083807249
              ],
              [
                -104.767549239226,
                39.6642375679606
              ],
              [
                -104.767658751242,
                39.6642933857341
              ],
              [
                -104.76776432688,
                39.6643534420942
              ],
              [
                -104.767864380958,
                39.6644168372372
              ],
              [
                -104.767960456684,
                39.6644846901373
              ],
              [
                -104.768052079728,
                39.664556308302
              ],
              [
                -104.768151356733,
                39.6646441193796
              ],
              [
                -104.768233160215,
                39.664724806735
              ],
              [
                -104.768415198261,
                39.6649145786329
              ],
              [
                -104.768497690745,
                39.665000578881
              ],
              [
                -104.768561860299,
                39.6650637806023
              ],
              [
                -104.768626024966,
                39.6651198405219
              ],
              [
                -104.76869314423,
                39.6651734589471
              ],
              [
                -104.768766235142,
                39.6652252607732
              ],
              [
                -104.768839452536,
                39.6652729091131
              ],
              [
                -104.768917062209,
                39.6653174377341
              ],
              [
                -104.768997553044,
                39.6653590309108
              ],
              [
                -104.76908070196,
                39.6653973284935
              ],
              [
                -104.769169544803,
                39.6654327394303
              ],
              [
                -104.769251987742,
                39.6654629557629
              ],
              [
                -104.769344350818,
                39.6654909315871
              ],
              [
                -104.76943557343,
                39.6655148342352
              ],
              [
                -104.769530896875,
                39.6655355432355
              ],
              [
                -104.769622583509,
                39.665551483746
              ],
              [
                -104.769687303156,
                39.6655604957146
              ],
              [
                -104.769789358297,
                39.66557134305
              ],
              [
                -104.769878959253,
                39.6655766166916
              ],
              [
                -104.769975083657,
                39.6655789178643
              ],
              [
                -104.772408110896,
                39.6655856007514
              ],
              [
                -104.772408510795,
                39.6666735172396
              ],
              [
                -104.772413411301,
                39.6667848695822
              ],
              [
                -104.772443847457,
                39.6675349758834
              ],
              [
                -104.772485671534,
                39.6683800750168
              ],
              [
                -104.772482554309,
                39.6690195564199
              ],
              [
                -104.77248312852,
                39.669019657453
              ],
              [
                -104.772483364441,
                39.6690196587534
              ],
              [
                -104.772485363974,
                39.6690196601023
              ],
              [
                -104.772545530088,
                39.6690197011868
              ],
              [
                -104.774661857702,
                39.6690228270677
              ],
              [
                -104.774716907239,
                39.6690238530893
              ],
              [
                -104.774771047434,
                39.6690272746629
              ],
              [
                -104.774825166346,
                39.6690327570495
              ],
              [
                -104.77487837241,
                39.6690406351278
              ],
              [
                -104.774931556207,
                39.6690505701785
              ],
              [
                -104.774983829432,
                39.6690625613569
              ],
              [
                -104.775035193365,
                39.6690766049966
              ],
              [
                -104.775085646724,
                39.6690930461037
              ],
              [
                -104.775134304019,
                39.6691111903119
              ],
              [
                -104.775182944821,
                39.6691313950474
              ],
              [
                -104.775228900275,
                39.6691532964448
              ],
              [
                -104.775273946427,
                39.669177253027
              ],
              [
                -104.775317195257,
                39.6692029152663
              ],
              [
                -104.775358653778,
                39.6692306255039
              ],
              [
                -104.775398316255,
                39.6692596973561
              ],
              [
                -104.775435305006,
                39.6692901217392
              ],
              [
                -104.775470497649,
                39.6693222545112
              ],
              [
                -104.775503897959,
                39.669355749885
              ],
              [
                -104.775534625545,
                39.6693906005185
              ],
              [
                -104.775564434551,
                39.6694278450719
              ],
              [
                -104.775652893599,
                39.6695481580898
              ],
              [
                -104.776695247773,
                39.6709554053842
              ],
              [
                -104.778394651444,
                39.6732486306576
              ],
              [
                -104.779164550324,
                39.6742833309424
              ],
              [
                -104.77934583519,
                39.6742029287431
              ],
              [
                -104.779607121926,
                39.6741008906957
              ],
              [
                -104.779742311439,
                39.6740578147741
              ],
              [
                -104.779885265078,
                39.6740191295127
              ],
              [
                -104.78002747248,
                39.6739868128856
              ],
              [
                -104.780171662061,
                39.673960224177
              ],
              [
                -104.78031754904,
                39.6739394904366
              ],
              [
                -104.780319097416,
                39.6739393377167
              ],
              [
                -104.780319298207,
                39.673939318012
              ],
              [
                -104.780469078672,
                39.673924548394
              ],
              [
                -104.78046980102,
                39.6739245059933
              ],
              [
                -104.780613553146,
                39.6739160785844
              ],
              [
                -104.780757246514,
                39.6739133018732
              ],
              [
                -104.780908884107,
                39.6739164921625
              ],
              [
                -104.781054464251,
                39.6739255871231
              ],
              [
                -104.78163168781,
                39.6739730344889
              ],
              [
                -104.783900867297,
                39.6741612766647
              ],
              [
                -104.784048524976,
                39.6741706498327
              ],
              [
                -104.784196502505,
                39.6741738874147
              ],
              [
                -104.784346060015,
                39.6741711546455
              ],
              [
                -104.784494073103,
                39.6741623423748
              ],
              [
                -104.784495185551,
                39.6741622305727
              ],
              [
                -104.784640862242,
                39.6741475947823
              ],
              [
                -104.784785329981,
                39.6741270702713
              ],
              [
                -104.784930892371,
                39.6741004578805
              ],
              [
                -104.78507488776,
                39.6740678163665
              ],
              [
                -104.785212553597,
                39.6740307371673
              ],
              [
                -104.78535108908,
                39.6739864240729
              ],
              [
                -104.785484811848,
                39.6739373015727
              ],
              [
                -104.785619807332,
                39.6738812806606
              ],
              [
                -104.786604193182,
                39.6734057427921
              ],
              [
                -104.786779987269,
                39.6733283854572
              ],
              [
                -104.786908643173,
                39.6732801870128
              ],
              [
                -104.787023750852,
                39.6732426327957
              ],
              [
                -104.787147971669,
                39.6732080720037
              ],
              [
                -104.787273518311,
                39.6731788467516
              ],
              [
                -104.787400778902,
                39.6731547379027
              ],
              [
                -104.787530160371,
                39.6731359144309
              ],
              [
                -104.787532085416,
                39.6731357073293
              ],
              [
                -104.787537527669,
                39.6731351218798
              ],
              [
                -104.787659933305,
                39.6731219535611
              ],
              [
                -104.787707637448,
                39.6731189674801
              ],
              [
                -104.787789276948,
                39.6731138572306
              ],
              [
                -104.787919911102,
                39.6731106979814
              ],
              [
                -104.788051355905,
                39.6731128767219
              ],
              [
                -104.788181792289,
                39.673120349036
              ],
              [
                -104.78831138981,
                39.6731329762866
              ],
              [
                -104.788440123152,
                39.6731509329863
              ],
              [
                -104.788567642395,
                39.6731741639658
              ],
              [
                -104.78869396949,
                39.6732025461545
              ],
              [
                -104.788818206831,
                39.6732362385616
              ],
              [
                -104.788944524889,
                39.673276456463
              ],
              [
                -104.789030795818,
                39.6733058478822
              ],
              [
                -104.789493384235,
                39.6734646361127
              ],
              [
                -104.78964091852,
                39.6735114461059
              ],
              [
                -104.789791651431,
                39.6735526158571
              ],
              [
                -104.789946761344,
                39.6735879915516
              ],
              [
                -104.790099531712,
                39.6736161543228
              ],
              [
                -104.790258661689,
                39.6736387719772
              ],
              [
                -104.790419728869,
                39.6736548140806
              ],
              [
                -104.790724447003,
                39.6736671281428
              ],
              [
                -104.79102349916,
                39.6736711267972
              ],
              [
                -104.791074338067,
                39.6736718065282
              ],
              [
                -104.791015500391,
                39.6778376356169
              ],
              [
                -104.791002369835,
                39.6821018195276
              ],
              [
                -104.791023393772,
                39.6857305560446
              ],
              [
                -104.791061668135,
                39.6921957869625
              ],
              [
                -104.790501165846,
                39.6922013293344
              ],
              [
                -104.789871595699,
                39.692189295905
              ],
              [
                -104.789632589628,
                39.6921786273102
              ],
              [
                -104.789432544387,
                39.6921666300186
              ],
              [
                -104.789280680277,
                39.6921574986368
              ],
              [
                -104.789156392865,
                39.6921486825419
              ],
              [
                -104.788835167297,
                39.6921213349623
              ],
              [
                -104.788762368028,
                39.6921153283184
              ],
              [
                -104.788725410223,
                39.692113549592
              ],
              [
                -104.788725249375,
                39.6921135419073
              ],
              [
                -104.788598620548,
                39.6921149141761
              ],
              [
                -104.788500086305,
                39.6921242528231
              ],
              [
                -104.788455172886,
                39.6921309713781
              ],
              [
                -104.788360695912,
                39.6921503240828
              ],
              [
                -104.788279597503,
                39.6921727771228
              ],
              [
                -104.788279088679,
                39.6921729180235
              ],
              [
                -104.788235041108,
                39.6920535664638
              ],
              [
                -104.787344395454,
                39.6919007714666
              ],
              [
                -104.787010024733,
                39.6918399555603
              ],
              [
                -104.786858290503,
                39.6918220481287
              ],
              [
                -104.786709220821,
                39.6918040700519
              ],
              [
                -104.786484682594,
                39.6917816033776
              ],
              [
                -104.786334684821,
                39.6917675662724
              ],
              [
                -104.786109186238,
                39.691752297829
              ],
              [
                -104.785882758217,
                39.6917409700681
              ],
              [
                -104.785280496537,
                39.6917332803104
              ],
              [
                -104.784392677666,
                39.6917306324204
              ],
              [
                -104.784392115685,
                39.6917306307581
              ],
              [
                -104.783458057522,
                39.6917278695445
              ],
              [
                -104.783457507128,
                39.691727867469
              ],
              [
                -104.783379427492,
                39.6917216207645
              ],
              [
                -104.783289843928,
                39.6917075191936
              ],
              [
                -104.783246413595,
                39.6916976448507
              ],
              [
                -104.783181747324,
                39.6916794058628
              ],
              [
                -104.782147661798,
                39.6913306939745
              ],
              [
                -104.782060060127,
                39.6912966142285
              ],
              [
                -104.782001273075,
                39.6912682009628
              ],
              [
                -104.781942486078,
                39.6912397868685
              ],
              [
                -104.781888187181,
                39.6912067676858
              ],
              [
                -104.78183388937,
                39.6911737484839
              ],
              [
                -104.781782733155,
                39.6911375754387
              ],
              [
                -104.781734246884,
                39.6910993451033
              ],
              [
                -104.781697270926,
                39.6910669703322
              ],
              [
                -104.781645376297,
                39.6910173107925
              ],
              [
                -104.781586975149,
                39.6909512366785
              ],
              [
                -104.781551465974,
                39.6909052917391
              ],
              [
                -104.781148816831,
                39.6903193496214
              ],
              [
                -104.781104080244,
                39.6902636528385
              ],
              [
                -104.78105130837,
                39.6902118539908
              ],
              [
                -104.781020878045,
                39.6901859807248
              ],
              [
                -104.78096051429,
                39.6901428351367
              ],
              [
                -104.78088793121,
                39.6901006272867
              ],
              [
                -104.780820013356,
                39.69006939429
              ],
              [
                -104.780743010119,
                39.6900414698091
              ],
              [
                -104.779696848386,
                39.6897608720098
              ],
              [
                -104.779696349209,
                39.6897607380749
              ],
              [
                -104.779665030539,
                39.6898259204822
              ],
              [
                -104.77961963603,
                39.6899067122981
              ],
              [
                -104.779587085814,
                39.68997643747
              ],
              [
                -104.779538883149,
                39.6900644537476
              ],
              [
                -104.779488520009,
                39.6901451870992
              ],
              [
                -104.77932141091,
                39.6903903838572
              ],
              [
                -104.778807417617,
                39.6910689430074
              ],
              [
                -104.778726702665,
                39.6911861550573
              ],
              [
                -104.778626898173,
                39.6913456324985
              ],
              [
                -104.778537712069,
                39.691508947259
              ],
              [
                -104.778489699153,
                39.6916008301411
              ],
              [
                -104.778460041515,
                39.6916755949422
              ],
              [
                -104.77842294386,
                39.6917550609647
              ],
              [
                -104.77836546001,
                39.6919129451214
              ],
              [
                -104.778338677275,
                39.6920174004748
              ],
              [
                -104.77830771726,
                39.6920960015655
              ],
              [
                -104.778283185821,
                39.692218124559
              ],
              [
                -104.778137329834,
                39.6928214059301
              ],
              [
                -104.778051929529,
                39.6932184800055
              ],
              [
                -104.777710765483,
                39.6931780268217
              ],
              [
                -104.777454323333,
                39.6931480701026
              ],
              [
                -104.777223864291,
                39.693123122008
              ],
              [
                -104.776963373413,
                39.6930972257564
              ],
              [
                -104.776694811642,
                39.6930798019404
              ],
              [
                -104.776454316669,
                39.6930663988552
              ],
              [
                -104.776212155283,
                39.6930601878841
              ],
              [
                -104.775863692814,
                39.6930553062531
              ],
              [
                -104.775862576851,
                39.6924571375444
              ],
              [
                -104.775860784939,
                39.692390239289
              ],
              [
                -104.775843167776,
                39.6922930309782
              ],
              [
                -104.775840400748,
                39.6922388283284
              ],
              [
                -104.775812885229,
                39.6920698745973
              ],
              [
                -104.775682027551,
                39.6914608574809
              ],
              [
                -104.775667087719,
                39.6913866895623
              ],
              [
                -104.775650313631,
                39.6913058873899
              ],
              [
                -104.77564111514,
                39.6912504066392
              ],
              [
                -104.775629086663,
                39.6911524959984
              ],
              [
                -104.775623439307,
                39.6910542273976
              ],
              [
                -104.775624414757,
                39.6909599383666
              ],
              [
                -104.775624457171,
                39.6909558288663
              ],
              [
                -104.775629358655,
                39.6909085800236
              ],
              [
                -104.775631844733,
                39.6908575927776
              ],
              [
                -104.77563724706,
                39.6908084915691
              ],
              [
                -104.775659761023,
                39.6906920121308
              ],
              [
                -104.775685183702,
                39.6905957381015
              ],
              [
                -104.775856345993,
                39.6901553703147
              ],
              [
                -104.775933174197,
                39.6899674164514
              ],
              [
                -104.775960015995,
                39.6899186399529
              ],
              [
                -104.776010196959,
                39.6897782872707
              ],
              [
                -104.776036278677,
                39.6897044080402
              ],
              [
                -104.77604878182,
                39.6896550676665
              ],
              [
                -104.776060801542,
                39.6896213904103
              ],
              [
                -104.776064471231,
                39.6895553010723
              ],
              [
                -104.776067627363,
                39.6894887475448
              ],
              [
                -104.776067728099,
                39.6894866213728
              ],
              [
                -104.776067168583,
                39.6894676329234
              ],
              [
                -104.776061550052,
                39.6893793974156
              ],
              [
                -104.776047361916,
                39.6893196066266
              ],
              [
                -104.775820349941,
                39.6884737208308
              ],
              [
                -104.775810746539,
                39.6884470015843
              ],
              [
                -104.77578238392,
                39.6883650445177
              ],
              [
                -104.775769067591,
                39.6883333394542
              ],
              [
                -104.775733730077,
                39.688259048537
              ],
              [
                -104.775700122652,
                39.6881914271772
              ],
              [
                -104.775652108947,
                39.6881096262738
              ],
              [
                -104.775611450515,
                39.6880565105421
              ],
              [
                -104.774903498682,
                39.687206420924
              ],
              [
                -104.773360493298,
                39.6854021255623
              ],
              [
                -104.773360320825,
                39.685401923786
              ],
              [
                -104.77325181855,
                39.6854571898749
              ],
              [
                -104.773140992982,
                39.6855137978949
              ],
              [
                -104.773078157262,
                39.6855425960221
              ],
              [
                -104.77299468807,
                39.6855734633254
              ],
              [
                -104.772889423709,
                39.685601400064
              ],
              [
                -104.772806933782,
                39.6856154895176
              ],
              [
                -104.772678794592,
                39.6856253018277
              ],
              [
                -104.772615948479,
                39.6856258164088
              ],
              [
                -104.772363433373,
                39.6856257519503
              ],
              [
                -104.77236343255,
                39.685629861396
              ],
              [
                -104.772362944736,
                39.6878459159547
              ],
              [
                -104.77236179627,
                39.6930554653567
              ],
              [
                -104.772360814998,
                39.6965697297538
              ],
              [
                -104.772361170878,
                39.6966215540464
              ],
              [
                -104.77235741309,
                39.6972078610919
              ],
              [
                -104.772356973689,
                39.6972986989808
              ],
              [
                -104.772357925074,
                39.6973605633852
              ],
              [
                -104.77236177704,
                39.6974973268854
              ],
              [
                -104.772379189733,
                39.6977144712319
              ],
              [
                -104.772414369767,
                39.6979909611825
              ],
              [
                -104.772472362711,
                39.6982881219721
              ],
              [
                -104.772559879714,
                39.6986090584492
              ],
              [
                -104.772617661679,
                39.6987773982318
              ],
              [
                -104.7727176955,
                39.6990244325957
              ],
              [
                -104.772852056937,
                39.6993179311384
              ],
              [
                -104.772977083587,
                39.6995419553912
              ],
              [
                -104.773026899775,
                39.6996277221141
              ],
              [
                -104.773062476772,
                39.6996849026104
              ],
              [
                -104.773138943729,
                39.699804858261
              ],
              [
                -104.77320929892,
                39.699907542718
              ],
              [
                -104.773272460187,
                39.6999993229507
              ],
              [
                -104.773468496004,
                39.700252059531
              ],
              [
                -104.774307516814,
                39.7012718879968
              ],
              [
                -104.775428152336,
                39.7026352118865
              ],
              [
                -104.775781102592,
                39.7030384843161
              ],
              [
                -104.775891800577,
                39.7031477951342
              ],
              [
                -104.7760071221,
                39.7032618720629
              ],
              [
                -104.776257094328,
                39.7034841198811
              ],
              [
                -104.776377178078,
                39.7035803277842
              ],
              [
                -104.776426160432,
                39.7036191953461
              ],
              [
                -104.776515650058,
                39.7036902053323
              ],
              [
                -104.776654959241,
                39.7037910978178
              ],
              [
                -104.776781767011,
                39.7038829359999
              ],
              [
                -104.777065014735,
                39.704067220117
              ],
              [
                -104.777362726409,
                39.7042411226138
              ],
              [
                -104.777446786231,
                39.704284753013
              ],
              [
                -104.777671553524,
                39.7044024413848
              ],
              [
                -104.777989671641,
                39.7045506588978
              ],
              [
                -104.778316539905,
                39.7046852062289
              ],
              [
                -104.778654834987,
                39.7048074775216
              ],
              [
                -104.778993560848,
                39.7049140325278
              ],
              [
                -104.780211938277,
                39.7052418650844
              ],
              [
                -104.781558984682,
                39.7055440496235
              ],
              [
                -104.781697387398,
                39.7055750967193
              ],
              [
                -104.782961589178,
                39.7058043437857
              ],
              [
                -104.783217842885,
                39.7058508103982
              ],
              [
                -104.784016716811,
                39.7059755687378
              ],
              [
                -104.785491169484,
                39.7061482062581
              ],
              [
                -104.786454876628,
                39.7062205837219
              ],
              [
                -104.786598098964,
                39.7062313599868
              ],
              [
                -104.786972980126,
                39.7062595656323
              ],
              [
                -104.790978738999,
                39.7064789516143
              ],
              [
                -104.790978915714,
                39.7064829614195
              ],
              [
                -104.791004191523,
                39.7070567576036
              ],
              [
                -104.79110965,
                39.7095035972873
              ],
              [
                -104.791175439818,
                39.7110687195038
              ],
              [
                -104.791175719316,
                39.7111721880844
              ],
              [
                -104.791174560183,
                39.7166848757685
              ],
              [
                -104.791174519457,
                39.7166855275043
              ],
              [
                -104.791068663723,
                39.7183767168457
              ],
              [
                -104.791029594258,
                39.7193422804249
              ],
              [
                -104.791029681823,
                39.7193431983596
              ],
              [
                -104.791158561841,
                39.7206935427108
              ],
              [
                -104.791178798181,
                39.7241745842031
              ],
              [
                -104.791176183156,
                39.7249338759782
              ],
              [
                -104.791176658437,
                39.7256451572026
              ],
              [
                -104.800582400139,
                39.7256358976769
              ],
              [
                -104.8081455683,
                39.7256277005881
              ],
              [
                -104.810395669736,
                39.7256176396704
              ],
              [
                -104.810397660777,
                39.7264132781529
              ],
              [
                -104.810397666808,
                39.7264159485805
              ],
              [
                -104.81039278654,
                39.7265670976364
              ],
              [
                -104.810385944696,
                39.7266320341442
              ],
              [
                -104.810378369021,
                39.7267039362779
              ],
              [
                -104.810367476206,
                39.7267711397466
              ],
              [
                -104.810356317661,
                39.7268399837439
              ],
              [
                -104.810338645738,
                39.7269120972252
              ],
              [
                -104.810323258047,
                39.7269748893069
              ],
              [
                -104.810300403439,
                39.7270477812971
              ],
              [
                -104.810274444037,
                39.7271305752062
              ],
              [
                -104.810118307252,
                39.7275659532222
              ],
              [
                -104.810093856237,
                39.7276404651024
              ],
              [
                -104.81007434753,
                39.7276999157161
              ],
              [
                -104.810057703093,
                39.7277683823294
              ],
              [
                -104.810041754611,
                39.7278339863967
              ],
              [
                -104.810018811307,
                39.7279567377672
              ],
              [
                -104.810010205422,
                39.7280290503981
              ],
              [
                -104.810001013855,
                39.7281062850572
              ],
              [
                -104.809999289285,
                39.7283120060829
              ],
              [
                -104.809997900645,
                39.7284779582882
              ],
              [
                -104.809998259956,
                39.7286767070415
              ],
              [
                -104.810001398526,
                39.7295464190318
              ],
              [
                -104.810005358729,
                39.7306437160635
              ],
              [
                -104.810027493678,
                39.7356769100028
              ],
              [
                -104.810036917149,
                39.7381267757117
              ],
              [
                -104.810044318775,
                39.7400508711412
              ],
              [
                -104.810044319399,
                39.7400510181587
              ],
              [
                -104.814758281312,
                39.7400949192529
              ],
              [
                -104.816538299248,
                39.7400805872024
              ],
              [
                -104.817085974853,
                39.7400952859594
              ],
              [
                -104.819434944824,
                39.7401820599868
              ],
              [
                -104.819435128977,
                39.7401820668046
              ],
              [
                -104.819438687672,
                39.7473982032697
              ],
              [
                -104.819419078149,
                39.756234251278
              ],
              [
                -104.819419075477,
                39.7562354436648
              ],
              [
                -104.819346128537,
                39.7619488551801
              ],
              [
                -104.810036004603,
                39.7594682918583
              ],
              [
                -104.810035651923,
                39.7618930115622
              ],
              [
                -104.810035646082,
                39.7619351162779
              ],
              [
                -104.810035645784,
                39.7619373556628
              ],
              [
                -104.80997714207,
                39.764663391437
              ],
              [
                -104.809916982781,
                39.7674506043019
              ],
              [
                -104.809887112983,
                39.7688343954809
              ],
              [
                -104.809887073724,
                39.7688362169248
              ],
              [
                -104.809886380937,
                39.7702303459184
              ],
              [
                -104.809896791249,
                39.7716769267226
              ],
              [
                -104.809799174761,
                39.7727258648064
              ],
              [
                -104.809791941297,
                39.7728352768858
              ],
              [
                -104.790601264242,
                39.7728344354026
              ],
              [
                -104.783551342833,
                39.7728123480522
              ],
              [
                -104.781580613374,
                39.7728118616042
              ],
              [
                -104.781564558159,
                39.7764370517325
              ],
              [
                -104.775167637613,
                39.7764141927906
              ],
              [
                -104.772161025159,
                39.776410875343
              ],
              [
                -104.772188599777,
                39.771500553062
              ],
              [
                -104.764563669668,
                39.7715682475006
              ],
              [
                -104.764575663767,
                39.769187567014
              ],
              [
                -104.760965890781,
                39.7692192836589
              ],
              [
                -104.753437871465,
                39.7692846541103
              ],
              [
                -104.744630894266,
                39.7692432106545
              ],
              [
                -104.739356688652,
                39.7692376108031
              ],
              [
                -104.734599888898,
                39.7692184303725
              ],
              [
                -104.734537068323,
                39.7748769884931
              ],
              [
                -104.734542252568,
                39.7817962914463
              ],
              [
                -104.734385020725,
                39.7983172406091
              ],
              [
                -104.753266368145,
                39.7983699632668
              ],
              [
                -104.762692780864,
                39.7983333535576
              ],
              [
                -104.762689577194,
                39.7997365731812
              ],
              [
                -104.762333689732,
                39.7997361190098
              ],
              [
                -104.762332737938,
                39.8001478658926
              ],
              [
                -104.762688639844,
                39.8001483471495
              ],
              [
                -104.76268537941,
                39.8015774596764
              ],
              [
                -104.762676245739,
                39.8055802481772
              ],
              [
                -104.762658556324,
                39.8129403506398
              ],
              [
                -104.762502188046,
                39.8234401728608
              ],
              [
                -104.753083937205,
                39.8233859421476
              ],
              [
                -104.753119320289,
                39.8201714364727
              ],
              [
                -104.743644685692,
                39.8201242247801
              ],
              [
                -104.743218461182,
                39.8201217820684
              ],
              [
                -104.743072844329,
                39.8200147724279
              ],
              [
                -104.742912904142,
                39.8198998067819
              ],
              [
                -104.742656101487,
                39.8197224560419
              ],
              [
                -104.74247436208,
                39.8196020700504
              ],
              [
                -104.742274071558,
                39.8194740670859
              ],
              [
                -104.742011246722,
                39.8193131799821
              ],
              [
                -104.741775369741,
                39.8191752957828
              ],
              [
                -104.741574271216,
                39.8190623790794
              ],
              [
                -104.741425523662,
                39.8189815023912
              ],
              [
                -104.741245722987,
                39.8188866482446
              ],
              [
                -104.741105731441,
                39.8188149378644
              ],
              [
                -104.740826177454,
                39.8186771647169
              ],
              [
                -104.740564041076,
                39.8185543147909
              ],
              [
                -104.740308263487,
                39.8184401255178
              ],
              [
                -104.740024454688,
                39.8183197446815
              ],
              [
                -104.739725574144,
                39.8181998972288
              ],
              [
                -104.739409127223,
                39.818080468026
              ],
              [
                -104.739180746648,
                39.8179988914737
              ],
              [
                -104.73898850225,
                39.8179331431661
              ],
              [
                -104.738806437224,
                39.8178732848048
              ],
              [
                -104.738644876788,
                39.8178220987075
              ],
              [
                -104.738463708699,
                39.8177668211476
              ],
              [
                -104.738274321102,
                39.8177113981177
              ],
              [
                -104.738144267277,
                39.8176750320386
              ],
              [
                -104.738010238803,
                39.8176377070684
              ],
              [
                -104.737853272382,
                39.8175954798359
              ],
              [
                -104.737674307657,
                39.8175497172947
              ],
              [
                -104.737371706822,
                39.8174792747062
              ],
              [
                -104.737002495503,
                39.8173990436693
              ],
              [
                -104.736744895616,
                39.8173479616912
              ],
              [
                -104.736339151307,
                39.8172755052097
              ],
              [
                -104.736008584907,
                39.8172235917665
              ],
              [
                -104.735769636225,
                39.8171899881469
              ],
              [
                -104.735484739782,
                39.8171541654558
              ],
              [
                -104.73514013186,
                39.8171133042347
              ],
              [
                -104.734956186628,
                39.8170971343756
              ],
              [
                -104.734584996569,
                39.8170645031021
              ],
              [
                -104.734274442576,
                39.817037202285
              ],
              [
                -104.733911365104,
                39.817005282684
              ],
              [
                -104.732901164832,
                39.8169164670394
              ],
              [
                -104.732257227485,
                39.8168598488204
              ],
              [
                -104.73137057191,
                39.8167818820796
              ],
              [
                -104.730117738023,
                39.8166717049199
              ],
              [
                -104.729612052311,
                39.8166271519733
              ],
              [
                -104.729047722535,
                39.8165317216246
              ],
              [
                -104.728667577762,
                39.8164715840633
              ],
              [
                -104.728312376127,
                39.8164168730874
              ],
              [
                -104.727849610024,
                39.8163455916695
              ],
              [
                -104.726772088736,
                39.8161796126089
              ],
              [
                -104.726420820164,
                39.8161218477576
              ],
              [
                -104.726170008734,
                39.8160688703955
              ],
              [
                -104.726007891714,
                39.8160261196607
              ],
              [
                -104.725850545614,
                39.8159845638353
              ],
              [
                -104.725681464722,
                39.8159325926141
              ],
              [
                -104.725539569969,
                39.8158842405706
              ],
              [
                -104.725379750885,
                39.8158247012211
              ],
              [
                -104.72522518415,
                39.8157617078868
              ],
              [
                -104.725095359485,
                39.815704482049
              ],
              [
                -104.724948240498,
                39.8156345750985
              ],
              [
                -104.724786484753,
                39.8155511121658
              ],
              [
                -104.724624124812,
                39.8154597802718
              ],
              [
                -104.724468739172,
                39.8153646321534
              ],
              [
                -104.724303645144,
                39.8152543947536
              ],
              [
                -104.724199853379,
                39.8151797536384
              ],
              [
                -104.724101231412,
                39.8151046367355
              ],
              [
                -104.723958392392,
                39.814987846356
              ],
              [
                -104.723779178726,
                39.8148278605113
              ],
              [
                -104.7235506149,
                39.8146202701017
              ],
              [
                -104.723215867555,
                39.8143162352207
              ],
              [
                -104.722948931968,
                39.8140737878576
              ],
              [
                -104.722839498888,
                39.8139743938276
              ],
              [
                -104.722719971667,
                39.8138554229813
              ],
              [
                -104.722636694987,
                39.8137610479043
              ],
              [
                -104.722595309657,
                39.8137098428612
              ],
              [
                -104.722525977116,
                39.8136161712552
              ],
              [
                -104.722469398797,
                39.8135306494159
              ],
              [
                -104.722417436556,
                39.8134426802433
              ],
              [
                -104.722385597475,
                39.8133830051069
              ],
              [
                -104.722584437333,
                39.8131871039727
              ],
              [
                -104.723572791239,
                39.8129600185529
              ],
              [
                -104.723575493242,
                39.8125771108728
              ],
              [
                -104.722216975856,
                39.8123962963498
              ],
              [
                -104.721917390561,
                39.8122831435095
              ],
              [
                -104.72181148738,
                39.8120585525589
              ],
              [
                -104.721790410211,
                39.8120177948106
              ],
              [
                -104.721728912448,
                39.8119092729309
              ],
              [
                -104.721664882154,
                39.8118091346815
              ],
              [
                -104.721606101155,
                39.8117260512827
              ],
              [
                -104.721543607167,
                39.81164387172
              ],
              [
                -104.721445326877,
                39.8115304130965
              ],
              [
                -104.72137373382,
                39.8114532154542
              ],
              [
                -104.721294731714,
                39.8113764612728
              ],
              [
                -104.720783076952,
                39.81087306109
              ],
              [
                -104.720530824455,
                39.8106254439893
              ],
              [
                -104.72039598735,
                39.8104920764177
              ],
              [
                -104.720311116794,
                39.8104051277399
              ],
              [
                -104.720259160608,
                39.8103485277734
              ],
              [
                -104.720180098912,
                39.8102597197245
              ],
              [
                -104.720120404682,
                39.8101884614683
              ],
              [
                -104.720072655704,
                39.8101259810177
              ],
              [
                -104.719987550238,
                39.8100126767065
              ],
              [
                -104.719884485288,
                39.8098581252537
              ],
              [
                -104.719713676867,
                39.8095900131215
              ],
              [
                -104.719251718681,
                39.8088648887406
              ],
              [
                -104.71875550802,
                39.8080072281416
              ],
              [
                -104.717987678729,
                39.806802972805
              ],
              [
                -104.717389874051,
                39.8053701598292
              ],
              [
                -104.717241305104,
                39.8050139118439
              ],
              [
                -104.717156282236,
                39.8045481442365
              ],
              [
                -104.717093112417,
                39.804041082702
              ],
              [
                -104.717050880634,
                39.8035028104791
              ],
              [
                -104.717016175274,
                39.8029467078739
              ],
              [
                -104.717018829309,
                39.802692273353
              ],
              [
                -104.717032601877,
                39.8024846918214
              ],
              [
                -104.71704570043,
                39.8023740959188
              ],
              [
                -104.717061792785,
                39.8022698048194
              ],
              [
                -104.717186537552,
                39.8016154786405
              ],
              [
                -104.71752580364,
                39.7998491036724
              ],
              [
                -104.717581541053,
                39.7994221620197
              ],
              [
                -104.717592075958,
                39.7992288919978
              ],
              [
                -104.717597295196,
                39.7988652816042
              ],
              [
                -104.717874316805,
                39.7987031788408
              ],
              [
                -104.721010618278,
                39.7985920749945
              ],
              [
                -104.715142981955,
                39.7985798165048
              ],
              [
                -104.711581826218,
                39.7985882142316
              ],
              [
                -104.714611032913,
                39.7986883711431
              ],
              [
                -104.714824491508,
                39.7988148190956
              ],
              [
                -104.714827035111,
                39.7994050120849
              ],
              [
                -104.714835119785,
                39.799546236968
              ],
              [
                -104.714848902446,
                39.7996686144035
              ],
              [
                -104.714878055431,
                39.7998359165989
              ],
              [
                -104.714906123823,
                39.7999547388791
              ],
              [
                -104.715262442945,
                39.8012897023124
              ],
              [
                -104.715306311429,
                39.8014978902525
              ],
              [
                -104.715340734658,
                39.8017071293244
              ],
              [
                -104.71536111644,
                39.8018726668442
              ],
              [
                -104.715542878613,
                39.8035266677456
              ],
              [
                -104.715648721024,
                39.8040881963801
              ],
              [
                -104.715747555452,
                39.8045330534018
              ],
              [
                -104.715830731483,
                39.8048310095853
              ],
              [
                -104.715996242447,
                39.8053498953099
              ],
              [
                -104.71613570142,
                39.8056646172508
              ],
              [
                -104.716316557201,
                39.8060352940453
              ],
              [
                -104.716651879769,
                39.8065418800677
              ],
              [
                -104.716967305794,
                39.8071735135503
              ],
              [
                -104.717451358723,
                39.8081895640542
              ],
              [
                -104.718195878795,
                39.8097272151463
              ],
              [
                -104.71894087826,
                39.8113666169854
              ],
              [
                -104.719175440751,
                39.8118906324963
              ],
              [
                -104.71923974958,
                39.8120610505206
              ],
              [
                -104.719030725621,
                39.8122878354666
              ],
              [
                -104.716157912754,
                39.8125425490217
              ],
              [
                -104.716153690601,
                39.8129269164806
              ],
              [
                -104.719243659934,
                39.8131917784364
              ],
              [
                -104.719564520039,
                39.813375524093
              ],
              [
                -104.719627859086,
                39.813597030303
              ],
              [
                -104.719646469313,
                39.8136572454344
              ],
              [
                -104.719666965856,
                39.8137149232159
              ],
              [
                -104.719693087042,
                39.8137802670002
              ],
              [
                -104.719724870751,
                39.8138504919754
              ],
              [
                -104.71976125978,
                39.8139218634481
              ],
              [
                -104.719805911424,
                39.8139997708962
              ],
              [
                -104.719845464708,
                39.8140619845399
              ],
              [
                -104.719907001958,
                39.8141490419084
              ],
              [
                -104.720026942225,
                39.8142937732318
              ],
              [
                -104.720074038955,
                39.8143436398813
              ],
              [
                -104.72009329223,
                39.81436345419
              ],
              [
                -104.720158316809,
                39.8144263262806
              ],
              [
                -104.720254416702,
                39.8145088864925
              ],
              [
                -104.720301610628,
                39.8145465100779
              ],
              [
                -104.720365043985,
                39.8145940215013
              ],
              [
                -104.720370109433,
                39.8145976882723
              ],
              [
                -104.720913838144,
                39.8149812979642
              ],
              [
                -104.721500608965,
                39.815394850379
              ],
              [
                -104.72177366374,
                39.8155781720294
              ],
              [
                -104.722091669402,
                39.8157762085922
              ],
              [
                -104.722313354527,
                39.8159046873806
              ],
              [
                -104.722519133353,
                39.8160185247508
              ],
              [
                -104.722684418702,
                39.8161056420525
              ],
              [
                -104.722834670125,
                39.816181546561
              ],
              [
                -104.723121167402,
                39.8163191825128
              ],
              [
                -104.723441306993,
                39.8164615931871
              ],
              [
                -104.723680909549,
                39.8165604609197
              ],
              [
                -104.723884723322,
                39.8166402206741
              ],
              [
                -104.724099107901,
                39.8167195425076
              ],
              [
                -104.724256426091,
                39.816774548437
              ],
              [
                -104.724509521991,
                39.8168589701853
              ],
              [
                -104.724675532302,
                39.8169102103292
              ],
              [
                -104.724909900045,
                39.8169791918285
              ],
              [
                -104.725099568421,
                39.8170312346709
              ],
              [
                -104.725382536665,
                39.8171029732003
              ],
              [
                -104.725560173878,
                39.8171445207963
              ],
              [
                -104.725740025911,
                39.8171841480509
              ],
              [
                -104.726019003306,
                39.8172404762212
              ],
              [
                -104.726108731789,
                39.8172562447207
              ],
              [
                -104.726213415691,
                39.8172757545336
              ],
              [
                -104.726449714726,
                39.8173147840584
              ],
              [
                -104.726668987611,
                39.8173472058655
              ],
              [
                -104.726925063902,
                39.8173804370145
              ],
              [
                -104.727154927874,
                39.8174056085234
              ],
              [
                -104.727341046171,
                39.8174226045906
              ],
              [
                -104.72761186479,
                39.817444099774
              ],
              [
                -104.728857436746,
                39.8175209951198
              ],
              [
                -104.731699789098,
                39.8176950662101
              ],
              [
                -104.732432502772,
                39.8177032228377
              ],
              [
                -104.733291612595,
                39.8177781155221
              ],
              [
                -104.734027357132,
                39.817843186044
              ],
              [
                -104.734716074481,
                39.8179035548533
              ],
              [
                -104.735223651217,
                39.8179512440883
              ],
              [
                -104.735544971917,
                39.8179896166058
              ],
              [
                -104.735958838525,
                39.8180466162975
              ],
              [
                -104.73608387544,
                39.8180673554022
              ],
              [
                -104.736204267002,
                39.8180882262864
              ],
              [
                -104.736315624145,
                39.8181083692636
              ],
              [
                -104.736559129099,
                39.8181510738917
              ],
              [
                -104.736906627896,
                39.8182216417494
              ],
              [
                -104.737446515989,
                39.8183469952657
              ],
              [
                -104.737252319576,
                39.8200864714925
              ],
              [
                -104.715475968124,
                39.8199958067123
              ],
              [
                -104.715474687613,
                39.819997218915
              ],
              [
                -104.706290377109,
                39.8201391183644
              ],
              [
                -104.706287621578,
                39.8201374767688
              ],
              [
                -104.706287619174,
                39.8201376889594
              ],
              [
                -104.696889575212,
                39.8202821170825
              ],
              [
                -104.693134964453,
                39.8202394229446
              ],
              [
                -104.684450131348,
                39.8201415955279
              ],
              [
                -104.677971729421,
                39.8200673903711
              ],
              [
                -104.668571490416,
                39.8200375171739
              ],
              [
                -104.668608232171,
                39.7981666191567
              ],
              [
                -104.659143801304,
                39.7980817891271
              ],
              [
                -104.649622980044,
                39.7980820656935
              ],
              [
                -104.640336726024,
                39.7981094832516
              ],
              [
                -104.640348601389,
                39.8224905781987
              ],
              [
                -104.621434805045,
                39.8223242627437
              ],
              [
                -104.619703714299,
                39.8223106902905
              ],
              [
                -104.619645027563,
                39.8268286035864
              ],
              [
                -104.602614071028,
                39.8267246604579
              ],
              [
                -104.60263653528,
                39.8193698363756
              ],
              [
                -104.602662643948,
                39.8121494349161
              ],
              [
                -104.621414788467,
                39.8122448349848
              ],
              [
                -104.621444680639,
                39.7977338805674
              ],
              [
                -104.602803604137,
                39.7976875245024
              ],
              [
                -104.602823104943,
                39.7901883632434
              ],
              [
                -104.602868033607,
                39.7901876417691
              ],
              [
                -104.602841242383,
                39.7832120638466
              ],
              [
                -104.593116237197,
                39.7831523774568
              ],
              [
                -104.593128018177,
                39.779525418758
              ],
              [
                -104.588270531231,
                39.7794895098412
              ],
              [
                -104.588279010552,
                39.7758565951747
              ],
              [
                -104.593139806353,
                39.7758952594695
              ],
              [
                -104.593163361494,
                39.7686400924334
              ],
              [
                -104.597493382564,
                39.7686806111061
              ],
              [
                -104.597488876228,
                39.7650557158417
              ],
              [
                -104.588099969768,
                39.7649637981666
              ],
              [
                -104.588110772913,
                39.7685101858383
              ],
              [
                -104.583524935137,
                39.7684668342633
              ],
              [
                -104.58351321061,
                39.7794490048348
              ],
              [
                -104.583511334554,
                39.783085553084
              ],
              [
                -104.583560912052,
                39.7903182229946
              ],
              [
                -104.592788300947,
                39.7903830237995
              ],
              [
                -104.59280068032,
                39.7976344837101
              ],
              [
                -104.583514486483,
                39.7975744018579
              ],
              [
                -104.583736543739,
                39.8120939776297
              ],
              [
                -104.578558743599,
                39.8120468788854
              ],
              [
                -104.574182542429,
                39.812006722895
              ],
              [
                -104.573991165632,
                39.7974349406585
              ],
              [
                -104.583300980259,
                39.7975721520872
              ],
              [
                -104.583347575534,
                39.7903153149637
              ],
              [
                -104.573996981443,
                39.7901627660444
              ],
              [
                -104.564582775272,
                39.7900154394276
              ],
              [
                -104.56459489669,
                39.7863917484289
              ],
              [
                -104.545863585656,
                39.7861054463776
              ],
              [
                -104.545857120597,
                39.7825158306902
              ],
              [
                -104.536437894898,
                39.7823608990789
              ],
              [
                -104.527059627609,
                39.7821871183839
              ],
              [
                -104.517622471327,
                39.7820804144247
              ],
              [
                -104.508159645438,
                39.7819521079012
              ],
              [
                -104.507427763119,
                39.7819429121071
              ],
              [
                -104.489226789431,
                39.7815818029296
              ],
              [
                -104.489086274191,
                39.7571611972398
              ],
              [
                -104.507971002466,
                39.7568040355951
              ],
              [
                -104.507958600634,
                39.7555791426818
              ],
              [
                -104.507930653652,
                39.7528056478047
              ],
              [
                -104.507971705489,
                39.7482693174936
              ],
              [
                -104.508062876344,
                39.7389294502227
              ],
              [
                -104.512876190331,
                39.7390090615655
              ],
              [
                -104.517583203473,
                39.739086627408
              ],
              [
                -104.517538590637,
                39.7484028252247
              ],
              [
                -104.508187532609,
                39.7482657728861
              ],
              [
                -104.508143983253,
                39.7528064053918
              ],
              [
                -104.508171888762,
                39.7555750127418
              ],
              [
                -104.5081917086,
                39.7575250305727
              ],
              [
                -104.50826619875,
                39.7817889174351
              ],
              [
                -104.516562222199,
                39.7818991025678
              ],
              [
                -104.526952741503,
                39.7820211909044
              ],
              [
                -104.52695257177,
                39.7748621122966
              ],
              [
                -104.526932524076,
                39.7675746897453
              ],
              [
                -104.526875865628,
                39.7603056035196
              ],
              [
                -104.526880434231,
                39.7565677246714
              ],
              [
                -104.532257903483,
                39.7565665631464
              ],
              [
                -104.536016124804,
                39.7560263783232
              ],
              [
                -104.545797369483,
                39.7544992698906
              ],
              [
                -104.552231126055,
                39.7534941537345
              ],
              [
                -104.564523361723,
                39.7515727329958
              ],
              [
                -104.573944155369,
                39.7500992144738
              ],
              [
                -104.578122203639,
                39.7494434020029
              ],
              [
                -104.583489081092,
                39.7486007504887
              ],
              [
                -104.583422529101,
                39.7539653635146
              ],
              [
                -104.583386957934,
                39.7539651593561
              ],
              [
                -104.583480689253,
                39.7576557780088
              ],
              [
                -104.592783044793,
                39.7577565018338
              ],
              [
                -104.594095789133,
                39.7577703383811
              ],
              [
                -104.594132384621,
                39.7557672131392
              ],
              [
                -104.592779281165,
                39.7557524802671
              ],
              [
                -104.59277838484,
                39.7541299681378
              ],
              [
                -104.596990447614,
                39.7541760567933
              ],
              [
                -104.598009500554,
                39.7561468538659
              ],
              [
                -104.600357032642,
                39.7578362327085
              ],
              [
                -104.602986776323,
                39.7578637560342
              ],
              [
                -104.60301299571,
                39.754241210068
              ],
              [
                -104.612385280935,
                39.7542623421162
              ],
              [
                -104.612445577732,
                39.7470189338039
              ],
              [
                -104.621730909394,
                39.7470500029344
              ],
              [
                -104.621743328355,
                39.7452352001955
              ],
              [
                -104.622559954647,
                39.74518391283
              ],
              [
                -104.622959148207,
                39.7451467722243
              ],
              [
                -104.623164454157,
                39.7451242443946
              ],
              [
                -104.623371157806,
                39.7450987417113
              ],
              [
                -104.623678833324,
                39.7450550650008
              ],
              [
                -104.623883081693,
                39.7450227356477
              ],
              [
                -104.624086567439,
                39.7449876574538
              ],
              [
                -104.624291361383,
                39.7449479601909
              ],
              [
                -104.624491003659,
                39.7449092995408
              ],
              [
                -104.624691831242,
                39.7448660438452
              ],
              [
                -104.624891649168,
                39.7448200881457
              ],
              [
                -104.625090396797,
                39.7447714463786
              ],
              [
                -104.625288014109,
                39.7447201324852
              ],
              [
                -104.625484440247,
                39.7446661613598
              ],
              [
                -104.625679616782,
                39.7446095523895
              ],
              [
                -104.625873480155,
                39.7445503212481
              ],
              [
                -104.626065975903,
                39.744488484796
              ],
              [
                -104.626257043729,
                39.7444240630467
              ],
              [
                -104.626446625188,
                39.7443570766667
              ],
              [
                -104.62658271569,
                39.7443071845484
              ],
              [
                -104.626729602343,
                39.7442490065302
              ],
              [
                -104.626861924188,
                39.7442003912115
              ],
              [
                -104.627005871167,
                39.7441409311729
              ],
              [
                -104.627189295932,
                39.7440595558574
              ],
              [
                -104.627370225294,
                39.7439844001927
              ],
              [
                -104.627549691551,
                39.7439024752924
              ],
              [
                -104.627727277116,
                39.7438181430103
              ],
              [
                -104.627902927201,
                39.7437314301149
              ],
              [
                -104.628076589927,
                39.743642362917
              ],
              [
                -104.628348784782,
                39.7434955852916
              ],
              [
                -104.631271789019,
                39.7418470445747
              ],
              [
                -104.633143503195,
                39.740787275598
              ],
              [
                -104.633614113527,
                39.7405514841999
              ],
              [
                -104.6339794374,
                39.7403885242732
              ],
              [
                -104.634459731081,
                39.7401988186234
              ],
              [
                -104.634913191032,
                39.7400431412167
              ],
              [
                -104.635146245109,
                39.7399711299971
              ],
              [
                -104.635537891812,
                39.7398619622912
              ],
              [
                -104.635850774828,
                39.739785901909
              ],
              [
                -104.63616752304,
                39.7397196437388
              ],
              [
                -104.636651131854,
                39.7396336460207
              ],
              [
                -104.636976491977,
                39.7395872244741
              ],
              [
                -104.637305882547,
                39.7395477202514
              ],
              [
                -104.63763464616,
                39.739518940625
              ],
              [
                -104.638181270498,
                39.7394925195998
              ],
              [
                -104.638541073583,
                39.7394872416069
              ],
              [
                -104.638954542876,
                39.7394946705583
              ],
              [
                -104.639284782209,
                39.7395104134893
              ],
              [
                -104.639614107416,
                39.7395350476062
              ],
              [
                -104.639823557371,
                39.7395540129469
              ],
              [
                -104.640025831431,
                39.739577240716
              ],
              [
                -104.640181753934,
                39.7396027963577
              ],
              [
                -104.640351599088,
                39.7396217470093
              ],
              [
                -104.640592601119,
                39.7396619413105
              ],
              [
                -104.640835224559,
                39.7397059036983
              ],
              [
                -104.641356460096,
                39.7398110472617
              ],
              [
                -104.641725686326,
                39.7398881480865
              ],
              [
                -104.659468076765,
                39.74359400858
              ],
              [
                -104.661291317843,
                39.7439756889641
              ],
              [
                -104.662121808676,
                39.7441424484008
              ],
              [
                -104.662562884696,
                39.7442244055816
              ],
              [
                -104.663230414901,
                39.7443426394482
              ],
              [
                -104.664272574672,
                39.7445118639553
              ],
              [
                -104.665032024411,
                39.744618421521
              ],
              [
                -104.665632921701,
                39.744696823681
              ],
              [
                -104.666451325777,
                39.7447905650276
              ],
              [
                -104.667758016123,
                39.7449191639848
              ],
              [
                -104.668880654184,
                39.7450257857791
              ],
              [
                -104.677563136329,
                39.7458527485307
              ],
              [
                -104.67831026981,
                39.7459246183521
              ],
              [
                -104.678322065316,
                39.7486423918577
              ],
              [
                -104.682978123955,
                39.7490849293193
              ],
              [
                -104.682923508238,
                39.7463292538674
              ],
              [
                -104.68767808876,
                39.7467848113683
              ],
              [
                -104.687631297178,
                39.7544872884075
              ],
              [
                -104.697042163351,
                39.7545029955193
              ],
              [
                -104.697094176063,
                39.7480958926487
              ],
              [
                -104.715693694552,
                39.7498344981444
              ],
              [
                -104.715695615857,
                39.7494369641698
              ],
              [
                -104.734550693457,
                39.7512285554046
              ],
              [
                -104.734565517239,
                39.750388564221
              ],
              [
                -104.715810716493,
                39.7486173216969
              ],
              [
                -104.703346804575,
                39.7474528065862
              ],
              [
                -104.703346582926,
                39.7474386245418
              ],
              [
                -104.684931809601,
                39.745711151169
              ],
              [
                -104.678269534249,
                39.7450973423868
              ],
              [
                -104.678265007565,
                39.7448203851036
              ],
              [
                -104.675374872129,
                39.7445480069608
              ],
              [
                -104.67376635037,
                39.7443963820622
              ],
              [
                -104.669997100169,
                39.7440409896925
              ],
              [
                -104.66876979244,
                39.7439251949794
              ],
              [
                -104.668044704129,
                39.7438563240516
              ],
              [
                -104.667582164606,
                39.7438123909506
              ],
              [
                -104.667167448531,
                39.7437724595002
              ],
              [
                -104.666804229616,
                39.7437354663855
              ],
              [
                -104.666461616235,
                39.7436993178658
              ],
              [
                -104.666230917769,
                39.7436726504483
              ],
              [
                -104.666092472066,
                39.743656646683
              ],
              [
                -104.665914922926,
                39.7436361224388
              ],
              [
                -104.665790203867,
                39.7436207199371
              ],
              [
                -104.665641945294,
                39.7436015323807
              ],
              [
                -104.665488412065,
                39.7435816622801
              ],
              [
                -104.665343811514,
                39.7435629478865
              ],
              [
                -104.665228522459,
                39.7435480269914
              ],
              [
                -104.665103738815,
                39.7435309283069
              ],
              [
                -104.664964847651,
                39.743511021738
              ],
              [
                -104.664828303458,
                39.7434914515804
              ],
              [
                -104.664686739453,
                39.7434711628072
              ],
              [
                -104.664494827836,
                39.7434436549272
              ],
              [
                -104.664364990689,
                39.7434233732808
              ],
              [
                -104.664202516345,
                39.743397812257
              ],
              [
                -104.664020755883,
                39.743369217471
              ],
              [
                -104.663855887564,
                39.7433432795699
              ],
              [
                -104.663701410653,
                39.7433175926644
              ],
              [
                -104.6635498519,
                39.7432916129306
              ],
              [
                -104.663383525889,
                39.7432631016155
              ],
              [
                -104.663077843726,
                39.7432101437956
              ],
              [
                -104.662423505316,
                39.7430884693406
              ],
              [
                -104.661982783793,
                39.7429999245752
              ],
              [
                -104.661608746594,
                39.7429242703446
              ],
              [
                -104.660377214289,
                39.742666753257
              ],
              [
                -104.659535686416,
                39.7424907783468
              ],
              [
                -104.659540977661,
                39.7420234573833
              ],
              [
                -104.659769933847,
                39.7413692888634
              ],
              [
                -104.661038549513,
                39.7417554609552
              ],
              [
                -104.661394431229,
                39.7417163051445
              ],
              [
                -104.662072917583,
                39.7411358041388
              ],
              [
                -104.663807537873,
                39.7406750613304
              ],
              [
                -104.665249930952,
                39.7404902900654
              ],
              [
                -104.666062377727,
                39.7404657465889
              ],
              [
                -104.668791388317,
                39.7404752784824
              ],
              [
                -104.675540896195,
                39.7404937706285
              ],
              [
                -104.677415611735,
                39.7408263669598
              ],
              [
                -104.677893020583,
                39.7409125063417
              ],
              [
                -104.678144751093,
                39.7417352353796
              ],
              [
                -104.678358252617,
                39.741734197179
              ],
              [
                -104.67860302992,
                39.7408818798296
              ],
              [
                -104.679287380078,
                39.7407603705696
              ],
              [
                -104.680871351503,
                39.7404792306432
              ],
              [
                -104.685003795621,
                39.7404937910838
              ],
              [
                -104.685013708984,
                39.7426957123746
              ],
              [
                -104.685024120798,
                39.7454568914667
              ],
              [
                -104.703342543464,
                39.7471806237816
              ],
              [
                -104.703238358807,
                39.7405259735815
              ],
              [
                -104.713509688752,
                39.7405594253618
              ],
              [
                -104.713741968105,
                39.7406288297412
              ],
              [
                -104.714168828859,
                39.740630200466
              ],
              [
                -104.715330993251,
                39.7411492491695
              ],
              [
                -104.715325453128,
                39.7418083213771
              ],
              [
                -104.715503740058,
                39.741809268643
              ],
              [
                -104.715553274829,
                39.7422131526527
              ],
              [
                -104.715542892727,
                39.7434489133978
              ],
              [
                -104.71573435618,
                39.7439991648169
              ],
              [
                -104.715841073997,
                39.7439993229296
              ],
              [
                -104.715839068208,
                39.7442369442638
              ],
              [
                -104.715945759309,
                39.7442416164166
              ],
              [
                -104.715947788649,
                39.744001356323
              ],
              [
                -104.71614809155,
                39.7434530435453
              ],
              [
                -104.716159686135,
                39.7420799744238
              ],
              [
                -104.716422476635,
                39.7409480159003
              ],
              [
                -104.719374614052,
                39.7405594852236
              ],
              [
                -104.726433322072,
                39.7405598462335
              ],
              [
                -104.726693139201,
                39.7405674813881
              ],
              [
                -104.72696337077,
                39.7405807047965
              ],
              [
                -104.727120488933,
                39.7405911204165
              ],
              [
                -104.727281971956,
                39.7406038646334
              ],
              [
                -104.727595843849,
                39.7406349529409
              ],
              [
                -104.727796441324,
                39.7406588354925
              ],
              [
                -104.72807245112,
                39.7406974497048
              ],
              [
                -104.72825438552,
                39.7407261934859
              ],
              [
                -104.728410770929,
                39.7407540768914
              ],
              [
                -104.728763467864,
                39.7408197546921
              ],
              [
                -104.731140934674,
                39.7412731898532
              ],
              [
                -104.732382248533,
                39.7415098774567
              ],
              [
                -104.733377531471,
                39.7417208224204
              ],
              [
                -104.733576022853,
                39.7417724848849
              ],
              [
                -104.733774210696,
                39.7418297707469
              ],
              [
                -104.733923488979,
                39.7418769265554
              ],
              [
                -104.734084812993,
                39.7419315193036
              ],
              [
                -104.734177688597,
                39.7419649748594
              ],
              [
                -104.734219601306,
                39.7419805863713
              ],
              [
                -104.734389597004,
                39.74204647856
              ],
              [
                -104.734487524532,
                39.7420868056384
              ],
              [
                -104.734583614958,
                39.7421280555065
              ],
              [
                -104.734669419914,
                39.7421664040524
              ],
              [
                -104.734674477716,
                39.7416803776003
              ],
              [
                -104.734781191719,
                39.7416810986043
              ],
              [
                -104.734798355639,
                39.7397165417126
              ],
              [
                -104.720874334853,
                39.7397362338139
              ],
              [
                -104.719132546692,
                39.7395932377369
              ],
              [
                -104.71859036892,
                39.7394342082781
              ],
              [
                -104.718598128994,
                39.7376658844321
              ],
              [
                -104.716187204774,
                39.7376678568385
              ],
              [
                -104.716189546563,
                39.7371388860256
              ],
              [
                -104.715996337026,
                39.7365891204781
              ],
              [
                -104.715782922989,
                39.7365885565818
              ],
              [
                -104.715584893849,
                39.7371372129163
              ],
              [
                -104.715578804537,
                39.7385103041477
              ],
              [
                -104.715061151889,
                39.73889343816
              ],
              [
                -104.712447637951,
                39.7396595033686
              ],
              [
                -104.711735975759,
                39.7397340481946
              ],
              [
                -104.706345654858,
                39.7397166037105
              ],
              [
                -104.706431535442,
                39.7328408437791
              ],
              [
                -104.700571584201,
                39.7328468360587
              ],
              [
                -104.700495395788,
                39.7397062283216
              ],
              [
                -104.697872700434,
                39.7396968387312
              ],
              [
                -104.69698559691,
                39.7396661017767
              ],
              [
                -104.695205517653,
                39.7396042841415
              ],
              [
                -104.693249544312,
                39.739596847454
              ],
              [
                -104.692280410419,
                39.7396210866535
              ],
              [
                -104.690393562215,
                39.7396683852901
              ],
              [
                -104.681924722494,
                39.7396543022581
              ],
              [
                -104.679248096622,
                39.7393132018359
              ],
              [
                -104.67924870708,
                39.7393470860141
              ],
              [
                -104.678601892688,
                39.7392269767864
              ],
              [
                -104.678354321958,
                39.7386349480159
              ],
              [
                -104.678140520847,
                39.7386327883779
              ],
              [
                -104.678149992494,
                39.7363928407529
              ],
              [
                -104.668772959422,
                39.736359354955
              ],
              [
                -104.668788341364,
                39.7327932457363
              ],
              [
                -104.668816750043,
                39.7256260483696
              ],
              [
                -104.659414614317,
                39.7256459974194
              ],
              [
                -104.659433215528,
                39.7182413118138
              ],
              [
                -104.650067646654,
                39.7182769710289
              ],
              [
                -104.650121448539,
                39.7109981177091
              ],
              [
                -104.640792087787,
                39.7110762977855
              ],
              [
                -104.64078556201,
                39.7037911104587
              ],
              [
                -104.631337358673,
                39.7037059330004
              ],
              [
                -104.631349333151,
                39.6964244377562
              ]
            ]
          ],
          [
            [
              [
                -104.725418033555,
                39.6965442465136
              ],
              [
                -104.725380511207,
                39.6983275740902
              ],
              [
                -104.723731086645,
                39.6970573572297
              ],
              [
                -104.723673547805,
                39.6970893678585
              ],
              [
                -104.726144463597,
                39.6997309155544
              ],
              [
                -104.726830820614,
                39.700485167547
              ],
              [
                -104.727286772539,
                39.7010392199211
              ],
              [
                -104.727686300489,
                39.7015699191739
              ],
              [
                -104.728006332055,
                39.7020333240145
              ],
              [
                -104.728247646317,
                39.7023974019082
              ],
              [
                -104.728394414072,
                39.7026194200659
              ],
              [
                -104.728437655044,
                39.7026848311352
              ],
              [
                -104.728501009741,
                39.702659972953
              ],
              [
                -104.72662895718,
                39.6992738336607
              ],
              [
                -104.726782275249,
                39.6972767857764
              ],
              [
                -104.726818870958,
                39.6964659731668
              ],
              [
                -104.726839160892,
                39.6958568145435
              ],
              [
                -104.726877109029,
                39.6932302820992
              ],
              [
                -104.726908197671,
                39.6904117642919
              ],
              [
                -104.72702483583,
                39.689289020957
              ],
              [
                -104.725532630154,
                39.689291910043
              ],
              [
                -104.725552429529,
                39.6965439301307
              ],
              [
                -104.725418033555,
                39.6965442465136
              ]
            ]
          ],
          [
            [
              [
                -104.716696773982,
                39.6893096856308
              ],
              [
                -104.716621813359,
                39.689133748645
              ],
              [
                -104.716550841994,
                39.6889568288693
              ],
              [
                -104.716483878304,
                39.6887789788485
              ],
              [
                -104.716420944797,
                39.6886002549898
              ],
              [
                -104.716362064908,
                39.6884207047573
              ],
              [
                -104.716307244519,
                39.6882403914779
              ],
              [
                -104.71626702389,
                39.6880968845526
              ],
              [
                -104.716266747813,
                39.6893104821693
              ],
              [
                -104.716605533001,
                39.6893098547343
              ],
              [
                -104.716696773982,
                39.6893096856308
              ]
            ]
          ],
          [
            [
              [
                -104.678318080657,
                39.6892436375642
              ],
              [
                -104.67832451508,
                39.6872230957765
              ],
              [
                -104.675429585985,
                39.6872091265133
              ],
              [
                -104.675422943207,
                39.6892396049178
              ],
              [
                -104.678318080657,
                39.6892436375642
              ]
            ]
          ],
          [
            [
              [
                -104.73494872662,
                39.6970950158822
              ],
              [
                -104.735690431695,
                39.6970963737293
              ],
              [
                -104.735692188802,
                39.696521055361
              ],
              [
                -104.734950486525,
                39.6965220478601
              ],
              [
                -104.73494872662,
                39.6970950158822
              ]
            ]
          ],
          [
            [
              [
                -104.734937770112,
                39.7001642256
              ],
              [
                -104.734926595774,
                39.7038047045493
              ],
              [
                -104.739602335875,
                39.7037979654141
              ],
              [
                -104.739622445376,
                39.7001572660252
              ],
              [
                -104.734937770112,
                39.7001642256
              ]
            ]
          ],
          [
            [
              [
                -104.728124584869,
                39.7028147430304
              ],
              [
                -104.72781970884,
                39.7023535477119
              ],
              [
                -104.727603145458,
                39.7020299074148
              ],
              [
                -104.727383660076,
                39.701715963537
              ],
              [
                -104.727191385899,
                39.7014549696094
              ],
              [
                -104.726706943004,
                39.7008454323609
              ],
              [
                -104.726684995929,
                39.7008077852789
              ],
              [
                -104.72648987658,
                39.7005811136032
              ],
              [
                -104.726096996139,
                39.7001563993737
              ],
              [
                -104.723385834446,
                39.6972505758179
              ],
              [
                -104.723328305059,
                39.6972827689932
              ],
              [
                -104.725449177665,
                39.7002883242571
              ],
              [
                -104.725305049706,
                39.7013750660788
              ],
              [
                -104.725140261599,
                39.7024541223713
              ],
              [
                -104.724891824141,
                39.7038200665829
              ],
              [
                -104.724733206447,
                39.7046166014577
              ],
              [
                -104.724477818751,
                39.7057495655616
              ],
              [
                -104.724230022786,
                39.7067535175627
              ],
              [
                -104.723724049518,
                39.7085710395406
              ],
              [
                -104.722966603256,
                39.7111083951703
              ],
              [
                -104.722702740538,
                39.7111087305772
              ],
              [
                -104.719686818713,
                39.7091830417696
              ],
              [
                -104.718019435821,
                39.7078361804519
              ],
              [
                -104.716222616225,
                39.7068919216598
              ],
              [
                -104.716009363054,
                39.7068913955522
              ],
              [
                -104.716021990537,
                39.7038324702439
              ],
              [
                -104.715986451817,
                39.7038323675702
              ],
              [
                -104.716013206041,
                39.6966477595033
              ],
              [
                -104.706691841695,
                39.6966207706249
              ],
              [
                -104.706672628504,
                39.7073579968861
              ],
              [
                -104.697237235092,
                39.7073319750952
              ],
              [
                -104.697212048461,
                39.7110525530892
              ],
              [
                -104.697224514803,
                39.7183431025741
              ],
              [
                -104.700765066435,
                39.7183476184292
              ],
              [
                -104.700881405455,
                39.7183204905439
              ],
              [
                -104.700994006428,
                39.718297165335
              ],
              [
                -104.701007441795,
                39.718294555324
              ],
              [
                -104.701108599615,
                39.7182763644942
              ],
              [
                -104.701252236266,
                39.7182543493972
              ],
              [
                -104.701388427973,
                39.7182374699076
              ],
              [
                -104.701544382681,
                39.7182229823887
              ],
              [
                -104.701658993827,
                39.7182157430851
              ],
              [
                -104.701734032377,
                39.7182123648589
              ],
              [
                -104.70180003938,
                39.7182103593513
              ],
              [
                -104.701931476625,
                39.7182090083465
              ],
              [
                -104.701988821224,
                39.7182077581472
              ],
              [
                -104.702096746467,
                39.7182064032578
              ],
              [
                -104.702245718148,
                39.7182076127481
              ],
              [
                -104.702351383095,
                39.7182101567695
              ],
              [
                -104.702481163956,
                39.7182153709881
              ],
              [
                -104.702631009621,
                39.7182242346067
              ],
              [
                -104.702736504441,
                39.7182323201286
              ],
              [
                -104.702836063319,
                39.7182413811815
              ],
              [
                -104.702974080216,
                39.7182562008253
              ],
              [
                -104.703078941242,
                39.7182692652831
              ],
              [
                -104.703584015301,
                39.7183511399355
              ],
              [
                -104.713139584671,
                39.7183621794168
              ],
              [
                -104.715926020612,
                39.7183653652128
              ],
              [
                -104.715940742857,
                39.7147317054867
              ],
              [
                -104.716192074233,
                39.7147316624859
              ],
              [
                -104.71619222924,
                39.7146932289431
              ],
              [
                -104.720872300788,
                39.7146924285118
              ],
              [
                -104.720875824002,
                39.7138070320713
              ],
              [
                -104.720838358795,
                39.7138069724691
              ],
              [
                -104.720841904987,
                39.7129160384897
              ],
              [
                -104.720845484125,
                39.7120169124269
              ],
              [
                -104.720788363306,
                39.7120168216745
              ],
              [
                -104.720791970713,
                39.7111108854425
              ],
              [
                -104.721749260446,
                39.7111123719547
              ],
              [
                -104.722704230786,
                39.7111138548437
              ],
              [
                -104.722116293585,
                39.7130527170536
              ],
              [
                -104.721463134367,
                39.7146923142068
              ],
              [
                -104.721445648512,
                39.7147362407448
              ],
              [
                -104.720895048158,
                39.7161203252943
              ],
              [
                -104.720780999215,
                39.716393659546
              ],
              [
                -104.72077565015,
                39.7183564115391
              ],
              [
                -104.722671037327,
                39.7183526876639
              ],
              [
                -104.722672513982,
                39.7183087784174
              ],
              [
                -104.72267294847,
                39.7182789400412
              ],
              [
                -104.722672950287,
                39.7182531908091
              ],
              [
                -104.722672934634,
                39.7182511299224
              ],
              [
                -104.72267223782,
                39.7182120140606
              ],
              [
                -104.722672159805,
                39.7182092691365
              ],
              [
                -104.722670168837,
                39.7181623328895
              ],
              [
                -104.722640035156,
                39.7175127497825
              ],
              [
                -104.722629145768,
                39.7172779854363
              ],
              [
                -104.722620750169,
                39.7170972164795
              ],
              [
                -104.722615863226,
                39.7169608294947
              ],
              [
                -104.722614464993,
                39.7168276530948
              ],
              [
                -104.722615910149,
                39.716694075844
              ],
              [
                -104.72262038639,
                39.7165609347382
              ],
              [
                -104.722627839112,
                39.7164283941705
              ],
              [
                -104.722638403785,
                39.7162946842886
              ],
              [
                -104.722651772973,
                39.7161629926742
              ],
              [
                -104.722668170782,
                39.7160310011463
              ],
              [
                -104.722687423228,
                39.7159003111913
              ],
              [
                -104.722687693099,
                39.7158984763895
              ],
              [
                -104.722710093466,
                39.7157668191816
              ],
              [
                -104.722735511851,
                39.7156352728326
              ],
              [
                -104.722762487535,
                39.7155105496905
              ],
              [
                -104.722796049063,
                39.7153722278956
              ],
              [
                -104.722836921987,
                39.7152171545791
              ],
              [
                -104.722866813157,
                39.7151129254012
              ],
              [
                -104.723356045414,
                39.7134747593371
              ],
              [
                -104.723624609493,
                39.7129593085038
              ],
              [
                -104.724077334067,
                39.7112913776087
              ],
              [
                -104.724110034008,
                39.7111105445391
              ],
              [
                -104.724319607412,
                39.7111108729246
              ],
              [
                -104.72431264466,
                39.7146862391306
              ],
              [
                -104.725488203129,
                39.7146859781543
              ],
              [
                -104.725487604393,
                39.7151144045256
              ],
              [
                -104.725483086369,
                39.7183471083442
              ],
              [
                -104.729213686523,
                39.7183396028066
              ],
              [
                -104.729216255796,
                39.7183443589927
              ],
              [
                -104.729476162601,
                39.7156020557597
              ],
              [
                -104.728948895452,
                39.7148135512005
              ],
              [
                -104.730191500432,
                39.7148127679832
              ],
              [
                -104.730192590186,
                39.7110953149534
              ],
              [
                -104.734631712237,
                39.7110782323199
              ],
              [
                -104.733479683983,
                39.710173477874
              ],
              [
                -104.733147514541,
                39.7098936679177
              ],
              [
                -104.732854468631,
                39.709623504757
              ],
              [
                -104.732546358678,
                39.70931021128
              ],
              [
                -104.732352274653,
                39.7090951264537
              ],
              [
                -104.732148759425,
                39.7088523984504
              ],
              [
                -104.731843610372,
                39.7084474557463
              ],
              [
                -104.731306111768,
                39.7076390760068
              ],
              [
                -104.730837006998,
                39.7069275206054
              ],
              [
                -104.72973562997,
                39.7052568533646
              ],
              [
                -104.729196319803,
                39.7044387439336
              ],
              [
                -104.728124584869,
                39.7028147430304
              ]
            ]
          ],
          [
            [
              [
                -104.739473915178,
                39.718332640071
              ],
              [
                -104.740363492236,
                39.7183385586832
              ],
              [
                -104.741617805321,
                39.7183396935895
              ],
              [
                -104.741616290786,
                39.7183345686303
              ],
              [
                -104.742137711339,
                39.7169397925908
              ],
              [
                -104.734891158867,
                39.7112809050913
              ],
              [
                -104.734891192973,
                39.7113198040887
              ],
              [
                -104.734895240819,
                39.7163212565602
              ],
              [
                -104.740231783985,
                39.7163279171037
              ],
              [
                -104.739473915178,
                39.718332640071
              ]
            ]
          ],
          [
            [
              [
                -104.736860115831,
                39.7183353177845
              ],
              [
                -104.735005326622,
                39.7183335588917
              ],
              [
                -104.735005245636,
                39.7189106574818
              ],
              [
                -104.736860044962,
                39.718912432322
              ],
              [
                -104.736860115831,
                39.7183353177845
              ]
            ]
          ],
          [
            [
              [
                -104.73116963277,
                39.7225467655607
              ],
              [
                -104.731170046676,
                39.7231230704265
              ],
              [
                -104.735006343054,
                39.7231115722205
              ],
              [
                -104.735005887191,
                39.7225345170385
              ],
              [
                -104.73116963277,
                39.7225467655607
              ]
            ]
          ],
          [
            [
              [
                -104.718398820658,
                39.7238097499085
              ],
              [
                -104.718382646045,
                39.7238153311636
              ],
              [
                -104.718406121277,
                39.7238152709211
              ],
              [
                -104.718398577593,
                39.7251078402603
              ],
              [
                -104.718282918317,
                39.7255452933194
              ],
              [
                -104.71970678678,
                39.7255409392941
              ],
              [
                -104.720437176403,
                39.7238045021311
              ],
              [
                -104.718398820658,
                39.7238097499085
              ]
            ]
          ],
          [
            [
              [
                -104.735007788137,
                39.724918884624
              ],
              [
                -104.735008219597,
                39.7273870741151
              ],
              [
                -104.735079325118,
                39.7273870762221
              ],
              [
                -104.73507927886,
                39.7282926298542
              ],
              [
                -104.735008173938,
                39.7282926215248
              ],
              [
                -104.735008127215,
                39.7291984557886
              ],
              [
                -104.735079234866,
                39.7291986397493
              ],
              [
                -104.735079049977,
                39.7328254660535
              ],
              [
                -104.744299370036,
                39.7328445679403
              ],
              [
                -104.744297016422,
                39.725521098831
              ],
              [
                -104.740184609646,
                39.7255097937661
              ],
              [
                -104.740183190127,
                39.7249333447112
              ],
              [
                -104.735007788137,
                39.724918884624
              ]
            ]
          ],
          [
            [
              [
                -104.713563816135,
                39.7528439610201
              ],
              [
                -104.713569258151,
                39.7547481932772
              ],
              [
                -104.712794480489,
                39.754746836285
              ],
              [
                -104.712794143907,
                39.7548566462394
              ],
              [
                -104.713604706869,
                39.7548580649571
              ],
              [
                -104.713594013013,
                39.7564848265967
              ],
              [
                -104.715677954714,
                39.7565082297678
              ],
              [
                -104.715701672394,
                39.7569899590286
              ],
              [
                -104.715772165121,
                39.7569902094961
              ],
              [
                -104.715774968549,
                39.7565157476843
              ],
              [
                -104.715881671199,
                39.7565158551951
              ],
              [
                -104.715881922269,
                39.7564734100302
              ],
              [
                -104.715739652712,
                39.7564732662389
              ],
              [
                -104.715749619562,
                39.7547869033228
              ],
              [
                -104.715891885382,
                39.7547871493709
              ],
              [
                -104.716180330294,
                39.7547871646069
              ],
              [
                -104.716057093086,
                39.7659034865714
              ],
              [
                -104.716050211318,
                39.7660223447715
              ],
              [
                -104.71602933703,
                39.7661741815384
              ],
              [
                -104.716001957212,
                39.7663254014013
              ],
              [
                -104.71596810187,
                39.7664758384067
              ],
              [
                -104.715927808116,
                39.7666253274589
              ],
              [
                -104.715911818527,
                39.7692058294376
              ],
              [
                -104.720505751671,
                39.7692080546941
              ],
              [
                -104.720528552917,
                39.7655742085246
              ],
              [
                -104.717215764681,
                39.7655723559343
              ],
              [
                -104.717127821455,
                39.7644018737371
              ],
              [
                -104.717231614958,
                39.755147391384
              ],
              [
                -104.720792239498,
                39.7548622030603
              ],
              [
                -104.720792241604,
                39.7547523944678
              ],
              [
                -104.715785113428,
                39.7547520459129
              ],
              [
                -104.715793642576,
                39.752847564009
              ],
              [
                -104.713563816135,
                39.7528439610201
              ]
            ]
          ],
          [
            [
              [
                -104.727943076237,
                39.7557454850333
              ],
              [
                -104.734587501287,
                39.7557473851892
              ],
              [
                -104.734594228734,
                39.7547547019108
              ],
              [
                -104.727950000606,
                39.7547531064275
              ],
              [
                -104.727943076237,
                39.7557454850333
              ]
            ]
          ],
          [
            [
              [
                -104.733452203133,
                39.7655795620668
              ],
              [
                -104.734520466871,
                39.7655800423469
              ],
              [
                -104.734536763714,
                39.7632127570434
              ],
              [
                -104.73346845198,
                39.763211860251
              ],
              [
                -104.733452203133,
                39.7655795620668
              ]
            ]
          ],
          [
            [
              [
                -104.621609451789,
                39.7687551466446
              ],
              [
                -104.618041648504,
                39.7687505870657
              ],
              [
                -104.617993227234,
                39.7763722096756
              ],
              [
                -104.621561722795,
                39.7763768098872
              ],
              [
                -104.621609451789,
                39.7687551466446
              ]
            ]
          ],
          [
            [
              [
                -104.710756928027,
                39.7583007186473
              ],
              [
                -104.710767348212,
                39.7567502742322
              ],
              [
                -104.711214423688,
                39.7567481624999
              ],
              [
                -104.7112273508,
                39.7547440783888
              ],
              [
                -104.707096752696,
                39.7547367070735
              ],
              [
                -104.706925362006,
                39.7582992951469
              ],
              [
                -104.710756928027,
                39.7583007186473
              ]
            ]
          ],
          [
            [
              [
                -104.642937884756,
                39.7543073317329
              ],
              [
                -104.642990724409,
                39.7471717365453
              ],
              [
                -104.640639767177,
                39.7471636759665
              ],
              [
                -104.640581218795,
                39.7542927928205
              ],
              [
                -104.642937884756,
                39.7543073317329
              ]
            ]
          ],
          [
            [
              [
                -104.578660398324,
                39.7575724036741
              ],
              [
                -104.578651158231,
                39.7539395633028
              ],
              [
                -104.573942381494,
                39.7538565566577
              ],
              [
                -104.573949851552,
                39.7574900513873
              ],
              [
                -104.578660398324,
                39.7575724036741
              ]
            ]
          ],
          [
            [
              [
                -104.582515869838,
                39.7545818475629
              ],
              [
                -104.583258236703,
                39.7545948910848
              ],
              [
                -104.583256025238,
                39.7540219390427
              ],
              [
                -104.58251366694,
                39.7540088942452
              ],
              [
                -104.582515869838,
                39.7545818475629
              ]
            ]
          ],
          [
            [
              [
                -104.527168120953,
                39.7748424284863
              ],
              [
                -104.528546515382,
                39.7748665676803
              ],
              [
                -104.528544984074,
                39.7742936178022
              ],
              [
                -104.527166596779,
                39.7742694779116
              ],
              [
                -104.527168120953,
                39.7748424284863
              ]
            ]
          ],
          [
            [
              [
                -104.580224125978,
                39.79874901155
              ],
              [
                -104.583319727637,
                39.7987942223773
              ],
              [
                -104.583302109431,
                39.7976545342182
              ],
              [
                -104.580206583802,
                39.7976089610073
              ],
              [
                -104.580224125978,
                39.79874901155
              ]
            ]
          ],
          [
            [
              [
                -104.623771422836,
                39.7832379147606
              ],
              [
                -104.623770901646,
                39.7832737060963
              ],
              [
                -104.621743255951,
                39.7832391461624
              ],
              [
                -104.62171468913,
                39.7880706612306
              ],
              [
                -104.621679261811,
                39.7941170751615
              ],
              [
                -104.635658570566,
                39.7943807328025
              ],
              [
                -104.635941683097,
                39.7832404766261
              ],
              [
                -104.623771422836,
                39.7832379147606
              ]
            ]
          ],
          [
            [
              [
                -104.715671540806,
                39.7910115418816
              ],
              [
                -104.715628410069,
                39.7982767054049
              ],
              [
                -104.721015152207,
                39.7982901138222
              ],
              [
                -104.721018302776,
                39.7980157428577
              ],
              [
                -104.717846940815,
                39.7978611055289
              ],
              [
                -104.717570239454,
                39.7977354857652
              ],
              [
                -104.717545064237,
                39.797615208032
              ],
              [
                -104.717515639782,
                39.7975101134722
              ],
              [
                -104.717498228157,
                39.7974547881034
              ],
              [
                -104.717454064151,
                39.7973328285568
              ],
              [
                -104.717124290527,
                39.7964547542266
              ],
              [
                -104.71706494958,
                39.7962755548255
              ],
              [
                -104.717056380433,
                39.796244718981
              ],
              [
                -104.71703224599,
                39.796149724453
              ],
              [
                -104.71701177453,
                39.7960462374817
              ],
              [
                -104.716994019972,
                39.7959294007016
              ],
              [
                -104.716984794175,
                39.7958429328975
              ],
              [
                -104.716978532562,
                39.7957439510656
              ],
              [
                -104.716908396589,
                39.7910143675458
              ],
              [
                -104.715671540806,
                39.7910115418816
              ]
            ]
          ],
          [
            [
              [
                -104.726913484606,
                39.8127102322895
              ],
              [
                -104.730312842645,
                39.8127275968666
              ],
              [
                -104.730334815604,
                39.8101609076861
              ],
              [
                -104.726931886996,
                39.8101468267458
              ],
              [
                -104.726913484606,
                39.8127102322895
              ]
            ]
          ],
          [
            [
              [
                -104.734872362195,
                39.6832854613262
              ],
              [
                -104.734867002158,
                39.6819817410016
              ],
              [
                -104.73397875846,
                39.6819837410596
              ],
              [
                -104.734872362195,
                39.6832854613262
              ]
            ]
          ],
          [
            [
              [
                -104.715866813095,
                39.6826479953415
              ],
              [
                -104.715866944997,
                39.6820745626459
              ],
              [
                -104.714006777207,
                39.6820779203761
              ],
              [
                -104.714007575346,
                39.6826513467636
              ],
              [
                -104.715866813095,
                39.6826479953415
              ]
            ]
          ],
          [
            [
              [
                -104.742061820094,
                39.6819771038378
              ],
              [
                -104.740549336667,
                39.6797818486786
              ],
              [
                -104.73557760013,
                39.681981303178
              ],
              [
                -104.742061820094,
                39.6819771038378
              ]
            ]
          ],
          [
            [
              [
                -104.66884304874,
                39.6810447149902
              ],
              [
                -104.666498143024,
                39.6810337284273
              ],
              [
                -104.666485313161,
                39.6818572802058
              ],
              [
                -104.668830241628,
                39.6818682671473
              ],
              [
                -104.66884304874,
                39.6810447149902
              ]
            ]
          ],
          [
            [
              [
                -104.665312843438,
                39.6818517669989
              ],
              [
                -104.665319338955,
                39.6810281883363
              ],
              [
                -104.664146887951,
                39.6810226616168
              ],
              [
                -104.664140379679,
                39.6818462430997
              ],
              [
                -104.665312843438,
                39.6818517669989
              ]
            ]
          ],
          [
            [
              [
                -104.678675492319,
                39.6747306623869
              ],
              [
                -104.67856934168,
                39.6747302403203
              ],
              [
                -104.67849840246,
                39.6794868495939
              ],
              [
                -104.678605260571,
                39.6794870228492
              ],
              [
                -104.678675492319,
                39.6747306623869
              ]
            ]
          ],
          [
            [
              [
                -104.669492934472,
                39.6771191555583
              ],
              [
                -104.669024007516,
                39.6771148019322
              ],
              [
                -104.669018372105,
                39.6774771602978
              ],
              [
                -104.669487306466,
                39.6774815120635
              ],
              [
                -104.669492934472,
                39.6771191555583
              ]
            ]
          ],
          [
            [
              [
                -104.615387360892,
                39.6673116161623
              ],
              [
                -104.614645982394,
                39.6673091510755
              ],
              [
                -104.614643045889,
                39.6678362701508
              ],
              [
                -104.615384429961,
                39.6678387346165
              ],
              [
                -104.615387360892,
                39.6673116161623
              ]
            ]
          ]
        ]
      },
      "properties": {
        "feature_id": 6,
        "ward": "II"
      }
    }
  ]
}